Incident_ID,Incident_Type,Area,Time_of_Day,Day_of_Week,Weather,Crowd_Level,CCTV_Available,Police_Response_Time,Ambulance_Response_Time,Fire_Response_Time,Number_of_People,Severity_Score,Previous_Incidents,Emergency_Level
1,Theft,Central,Morning,Friday,Rainy,Low,Yes,10.0,12,12,13,2,8,Medium
2,Medical,South,Night,Tuesday,Rainy,High,No,19.0,24,5,112,2,7,Medium
3,Accident,South,Afternoon,Sunday,Rainy,Low,Yes,25.0,18,25,389,1,5,Medium
4,Theft,West,Morning,Thursday,Sunny,High,No,14.0,24,20,50,7,11,High
5,Theft,South,Evening,Monday,Sunny,Low,No,21.0,11,8,454,10,11,High
6,Accident,South,Evening,Saturday,Cloudy,High,Yes,14.0,10,27,233,5,20,High
7,Fire,West,Night,Wednesday,Cloudy,High,Yes,20.0,28,19,326,10,5,High
8,Assault,East,Morning,Tuesday,Cloudy,High,No,10.0,6,24,432,6,1,High
9,Fire,East,Afternoon,Tuesday,Cloudy,High,No,15.0,25,33,336,4,15,High
10,Fire,Central,Night,Monday,Sunny,Low,Yes,15.0,16,18,220,10,18,High
11,Assault,Central,Night,Friday,Rainy,High,Yes,22.0,7,28,406,3,13,High
12,Theft,East,Night,Tuesday,Rainy,Low,No,11.0,29,25,350,2,17,High
13,Medical,Central,Afternoon,Tuesday,Rainy,Low,Yes,19.0,8,23,391,9,5,High
14,Accident,South,Morning,Tuesday,Cloudy,Low,Yes,3.0,8,27,166,10,15,High
15,Fire,West,Afternoon,Wednesday,Cloudy,High,No,20.0,29,12,418,8,2,High
16,Assault,East,Night,Friday,Rainy,Low,Yes,25.0,11,23,476,4,17,High
17,Medical,South,Morning,Monday,Cloudy,High,Yes,3.0,23,18,33,4,10,High
18,Accident,West,Afternoon,Friday,Sunny,High,No,13.0,7,19,35,4,1,Medium
19,Theft,West,Evening,Thursday,Rainy,Medium,Yes,16.0,11,10,402,4,15,High
20,Fire,South,Afternoon,Friday,Rainy,Low,No,13.0,30,10,32,2,12,Medium
21,Medical,North,Morning,Saturday,Cloudy,Low,Yes,10.0,7,32,143,3,14,High
22,Assault,North,Afternoon,Thursday,Sunny,Medium,No,18.0,20,17,86,4,13,High
23,Fire,South,Evening,Tuesday,Sunny,High,Yes,25.0,28,35,147,8,13,High
24,Theft,Central,Morning,Sunday,Sunny,Low,Yes,21.0,20,14,30,6,1,Medium
25,Medical,North,Night,Saturday,Cloudy,High,No,21.0,12,6,207,4,3,Medium
26,Fire,East,Night,Wednesday,Sunny,Low,No,10.0,13,29,105,5,10,High
27,Medical,East,Afternoon,Wednesday,Sunny,Low,No,5.0,22,17,289,10,3,High
28,Medical,Central,Morning,Saturday,Cloudy,Medium,Yes,20.0,27,23,81,5,14,High
29,Accident,East,Afternoon,Saturday,Rainy,Low,No,6.0,28,13,136,3,3,Medium
30,Accident,North,Morning,Wednesday,Sunny,High,No,4.0,7,31,251,9,8,High
31,Medical,North,Morning,Monday,Cloudy,Low,Yes,20.0,27,31,380,3,14,High
32,Theft,East,Evening,Sunday,Sunny,Medium,Yes,7.0,18,12,299,6,17,High
33,Medical,South,Afternoon,Sunday,Sunny,Low,No,14.0,29,30,342,4,3,Medium
34,Accident,South,Morning,Thursday,Sunny,Medium,Yes,16.0,30,19,92,1,10,Medium
35,Fire,North,Afternoon,Thursday,Rainy,Medium,Yes,14.0,14,18,419,4,14,High
36,Theft,North,Evening,Tuesday,Cloudy,Medium,Yes,19.0,17,25,180,5,20,High
37,Assault,Central,Morning,Thursday,Cloudy,Low,No,14.0,28,24,306,2,13,High
38,Accident,West,Morning,Saturday,Rainy,High,No,3.0,21,16,363,1,13,High
39,Accident,West,Evening,Friday,Sunny,Low,No,19.0,14,30,369,2,9,Medium
40,Assault,Central,Morning,Wednesday,Rainy,Low,No,22.0,23,23,347,7,5,High
41,Assault,South,Night,Sunday,Cloudy,Low,Yes,13.0,19,32,311,10,20,High
42,Fire,East,Afternoon,Sunday,Sunny,Low,Yes,22.0,15,9,264,5,20,High
43,Assault,West,Afternoon,Saturday,Cloudy,Medium,No,22.0,29,8,126,1,15,High
44,Theft,West,Afternoon,Tuesday,Cloudy,High,No,23.0,27,4,125,7,4,High
45,Assault,Central,Evening,Sunday,Rainy,High,No,6.0,19,12,286,1,7,Medium
46,Fire,East,Night,Saturday,Sunny,Medium,No,18.0,19,20,229,9,5,High
47,Accident,Central,Morning,Tuesday,Sunny,Low,No,10.0,13,25,366,2,9,Medium
48,Accident,Central,Night,Thursday,Sunny,Low,No,5.0,18,30,362,3,6,Medium
49,Assault,North,Evening,Wednesday,Rainy,Medium,Yes,25.0,5,28,464,7,18,High
50,Assault,East,Night,Saturday,Sunny,Medium,Yes,16.0,20,5,113,8,8,High
51,Theft,West,Afternoon,Sunday,Rainy,Low,Yes,15.0,23,5,274,10,0,High
52,Accident,West,Evening,Sunday,Rainy,Medium,Yes,9.0,19,24,195,5,10,High
53,Theft,North,Morning,Tuesday,Sunny,Low,Yes,4.0,16,18,10,8,17,High
54,Assault,East,Evening,Tuesday,Cloudy,High,Yes,24.0,8,17,65,4,15,High
55,Accident,Central,Night,Thursday,Cloudy,Low,Yes,6.0,23,5,494,3,9,High
56,Medical,North,Morning,Wednesday,Cloudy,Medium,No,10.0,8,23,354,10,20,High
57,Assault,North,Night,Wednesday,Cloudy,Medium,Yes,13.0,5,30,260,2,20,High
58,Assault,West,Evening,Wednesday,Sunny,Low,No,23.0,13,34,91,7,16,High
59,Accident,North,Night,Sunday,Rainy,Low,No,21.0,24,28,125,8,14,High
60,Medical,North,Afternoon,Monday,Sunny,High,No,13.0,13,21,182,4,8,High
61,Assault,North,Morning,Wednesday,Sunny,Medium,Yes,25.0,20,35,285,8,7,High
62,Assault,Central,Evening,Wednesday,Cloudy,Medium,No,14.0,20,26,340,5,18,High
63,Accident,North,Afternoon,Tuesday,Sunny,High,No,6.0,28,16,129,5,7,High
64,Theft,South,Evening,Tuesday,Rainy,Low,No,19.0,24,22,371,5,18,High
65,Theft,Central,Evening,Saturday,Sunny,High,No,7.0,13,6,363,1,17,High
66,Assault,West,Evening,Tuesday,Sunny,Medium,No,21.0,14,34,447,2,0,Low
67,Medical,North,Afternoon,Tuesday,Cloudy,Medium,Yes,15.0,20,8,421,2,2,Medium
68,Medical,West,Night,Thursday,Rainy,High,No,16.0,24,18,61,4,17,High
69,Fire,South,Evening,Saturday,Sunny,Low,Yes,4.0,24,10,292,5,19,High
70,Assault,Central,Night,Wednesday,Sunny,Low,No,8.0,5,30,283,3,2,Medium
71,Accident,Central,Afternoon,Thursday,Sunny,High,Yes,5.0,26,18,360,5,14,High
72,Fire,East,Evening,Thursday,Sunny,Medium,No,7.0,7,7,466,3,8,High
73,Assault,North,Morning,Thursday,Cloudy,Medium,No,19.0,22,35,483,7,8,High
74,Accident,Central,Morning,Sunday,Sunny,Medium,No,24.0,23,5,47,1,7,Low
75,Theft,West,Evening,Thursday,Rainy,Medium,Yes,16.0,25,35,93,5,18,High
76,Assault,Central,Morning,Thursday,Sunny,Medium,No,25.0,20,22,169,3,13,High
77,Assault,North,Afternoon,Friday,Rainy,High,No,19.0,5,33,60,6,12,High
78,Accident,West,Night,Monday,Sunny,High,Yes,9.0,13,12,390,8,1,High
79,Theft,South,Morning,Thursday,Sunny,High,Yes,3.0,22,30,160,3,17,High
80,Assault,West,Night,Tuesday,Rainy,High,Yes,19.0,27,21,478,8,9,High
81,Theft,East,Night,Wednesday,Cloudy,Medium,Yes,19.0,28,12,98,7,19,High
82,Fire,West,Night,Wednesday,Rainy,High,No,21.0,23,35,372,5,9,High
83,Medical,West,Afternoon,Sunday,Rainy,Low,No,9.0,27,19,478,8,10,High
84,Assault,North,Afternoon,Friday,Cloudy,Medium,Yes,15.0,26,13,362,8,12,High
85,Assault,South,Morning,Thursday,Rainy,Medium,No,17.0,5,13,52,8,16,High
86,Accident,West,Morning,Friday,Sunny,Low,No,24.0,22,28,437,2,10,Medium
87,Assault,South,Evening,Monday,Sunny,Medium,Yes,16.0,8,10,383,4,2,Medium
88,Medical,West,Afternoon,Tuesday,Sunny,Low,No,16.0,9,19,184,5,11,High
89,Fire,West,Evening,Thursday,Rainy,High,Yes,18.0,23,13,350,10,7,High
90,Theft,West,Evening,Friday,Rainy,High,No,24.0,22,14,462,8,9,High
91,Theft,South,Night,Friday,Rainy,High,No,9.0,17,34,234,5,9,High
92,Medical,West,Evening,Sunday,Sunny,High,No,11.0,5,7,12,5,12,High
93,Theft,North,Evening,Sunday,Rainy,Low,No,22.0,13,12,326,4,6,Medium
94,Fire,South,Afternoon,Sunday,Cloudy,Medium,No,13.0,28,30,47,3,9,Medium
95,Theft,West,Morning,Tuesday,Sunny,High,No,12.0,28,25,132,3,15,High
96,Medical,North,Night,Wednesday,Cloudy,High,No,15.0,5,20,188,9,2,High
97,Assault,North,Evening,Friday,Sunny,High,Yes,14.0,8,18,196,10,20,High
98,Fire,North,Morning,Wednesday,Rainy,Low,Yes,23.0,18,11,466,8,9,High
99,Accident,Central,Night,Friday,Cloudy,High,Yes,7.0,17,33,455,4,17,High
100,Accident,North,Evening,Tuesday,Rainy,Medium,Yes,18.0,24,30,336,7,3,High
101,Theft,West,Evening,Tuesday,Sunny,Medium,Yes,20.0,25,26,51,6,11,High
102,Accident,South,Afternoon,Sunday,Cloudy,Low,Yes,22.0,5,7,329,4,20,High
103,Fire,Central,Morning,Wednesday,Sunny,Low,No,9.0,12,25,107,9,18,High
104,Fire,Central,Evening,Monday,Sunny,Medium,Yes,7.0,5,26,57,3,0,Low
105,Assault,West,Evening,Friday,Cloudy,Low,No,19.0,8,8,380,3,13,High
106,Assault,North,Morning,Thursday,Rainy,Medium,Yes,4.0,28,23,114,9,19,High
107,Medical,South,Morning,Tuesday,Rainy,High,No,5.0,7,24,365,8,14,High
108,Theft,North,Afternoon,Thursday,Rainy,Low,No,12.0,19,31,306,7,16,High
109,Accident,West,Evening,Saturday,Rainy,Medium,Yes,15.0,18,10,424,6,14,High
110,Theft,East,Afternoon,Friday,Sunny,High,No,5.0,7,31,35,8,2,High
111,Theft,East,Evening,Wednesday,Sunny,High,Yes,24.0,29,31,211,2,11,Medium
112,Medical,East,Morning,Sunday,Rainy,High,Yes,10.0,8,26,337,3,15,High
113,Medical,East,Morning,Tuesday,Rainy,High,No,22.0,24,5,433,7,17,High
114,Theft,South,Morning,Monday,Cloudy,High,Yes,8.0,9,29,180,6,0,Medium
115,Accident,East,Morning,Monday,Sunny,Low,Yes,13.0,10,27,215,7,14,High
116,Medical,West,Night,Wednesday,Sunny,High,Yes,24.0,18,35,140,2,14,High
117,Medical,East,Morning,Tuesday,Rainy,High,Yes,12.0,26,35,221,6,3,High
118,Accident,East,Evening,Monday,Sunny,Medium,No,9.0,29,12,105,1,9,Medium
119,Medical,Central,Evening,Monday,Rainy,High,Yes,20.0,27,18,67,3,12,High
120,Medical,West,Night,Wednesday,Sunny,Medium,Yes,5.0,15,31,10,7,14,High
121,Theft,West,Morning,Tuesday,Rainy,High,No,17.0,27,27,88,6,19,High
122,Fire,East,Afternoon,Monday,Cloudy,High,Yes,12.0,28,25,41,9,12,High
123,Fire,North,Afternoon,Wednesday,Sunny,Low,Yes,14.0,16,13,262,9,6,High
124,Medical,Central,Evening,Sunday,Cloudy,Medium,Yes,18.0,19,32,91,2,20,High
125,Accident,Central,Morning,Wednesday,Cloudy,Low,No,17.0,25,23,35,8,15,High
126,Theft,North,Night,Thursday,Cloudy,High,Yes,4.0,16,22,232,8,1,High
127,Medical,West,Afternoon,Monday,Rainy,Low,No,23.0,11,24,466,8,18,High
128,Assault,West,Afternoon,Wednesday,Rainy,Medium,No,8.0,6,19,259,2,20,High
129,Accident,North,Evening,Monday,Cloudy,High,No,24.0,24,7,397,7,10,High
130,Medical,South,Evening,Wednesday,Cloudy,High,No,7.0,15,9,130,5,19,High
131,Accident,South,Morning,Saturday,,,No,,22,28,305,3,2,Medium
132,Assault,South,Afternoon,Tuesday,Sunny,Low,No,8.0,11,25,186,1,9,Medium
133,Medical,South,Night,Tuesday,Sunny,Low,Yes,19.0,6,25,260,2,17,High
134,Assault,Central,Evening,Sunday,Cloudy,Medium,Yes,14.0,26,19,23,8,13,High
135,Medical,West,Night,Sunday,Rainy,Medium,No,18.0,11,27,123,9,9,High
136,Theft,West,Evening,Friday,Sunny,High,Yes,22.0,9,20,419,3,6,Medium
137,Assault,North,Afternoon,Sunday,Rainy,Medium,Yes,11.0,19,13,43,5,5,Medium
138,Assault,North,Evening,Tuesday,Sunny,Medium,Yes,19.0,16,19,28,7,12,High
139,Assault,South,Night,Thursday,Cloudy,Low,Yes,7.0,6,22,406,6,4,High
140,Theft,East,Afternoon,Wednesday,Sunny,Low,Yes,7.0,22,31,132,1,6,Medium
141,Assault,Central,Morning,Saturday,Cloudy,High,Yes,17.0,7,11,328,7,19,High
142,Fire,Central,Night,Tuesday,Cloudy,High,Yes,3.0,24,26,150,3,13,High
143,Assault,West,Morning,Saturday,Rainy,Medium,No,5.0,21,5,500,9,11,High
144,Medical,East,Afternoon,Monday,Rainy,High,No,14.0,12,10,183,1,2,Low
145,Fire,North,Night,Monday,Rainy,Low,Yes,25.0,20,15,426,3,14,High
146,Medical,West,Evening,Monday,Cloudy,Low,No,13.0,14,29,454,4,1,Medium
147,Theft,East,Night,Thursday,Cloudy,Medium,No,23.0,15,21,442,6,1,Medium
148,Accident,Central,Evening,Sunday,Sunny,High,No,18.0,27,35,499,6,5,High
149,Accident,North,Morning,Wednesday,Cloudy,Medium,No,8.0,22,22,221,2,19,High
150,Accident,West,Morning,Saturday,Rainy,High,No,8.0,27,32,309,8,13,High
151,Accident,Central,Afternoon,Monday,Sunny,High,No,5.0,26,29,328,5,1,Medium
152,Accident,West,Morning,Friday,Sunny,High,No,10.0,29,27,65,1,2,Low
153,Medical,East,Night,Wednesday,Cloudy,Medium,Yes,5.0,23,12,191,6,14,High
154,Medical,North,Evening,Sunday,Rainy,High,No,18.0,21,28,14,2,5,Low
155,Theft,South,Morning,Thursday,Sunny,High,No,25.0,20,16,314,4,9,High
156,Medical,Central,Evening,Wednesday,Sunny,High,Yes,24.0,16,8,415,2,10,Medium
157,Fire,West,Morning,Wednesday,Cloudy,High,No,6.0,11,12,261,6,7,High
158,Theft,East,Night,Saturday,Cloudy,Medium,No,7.0,24,9,412,8,17,High
159,Theft,West,Night,Saturday,Cloudy,Medium,Yes,5.0,9,24,422,7,18,High
160,Assault,Central,Morning,Sunday,Sunny,High,Yes,8.0,29,12,328,9,18,High
161,Accident,Central,Evening,Sunday,Sunny,Medium,Yes,13.0,27,18,85,5,5,Medium
162,Medical,South,Afternoon,Tuesday,Cloudy,High,No,23.0,14,9,141,9,4,High
163,Fire,Central,Night,Friday,Cloudy,Low,No,5.0,6,20,22,10,0,High
164,Assault,East,Night,Monday,Cloudy,Low,Yes,12.0,20,19,149,9,20,High
165,Medical,South,Evening,Sunday,Cloudy,Medium,No,17.0,11,25,213,8,15,High
166,Accident,South,Night,Monday,Rainy,Medium,Yes,19.0,22,10,67,7,11,High
167,Fire,South,Evening,Friday,Cloudy,Medium,Yes,12.0,17,30,50,3,1,Low
168,Assault,North,Morning,Thursday,Cloudy,Medium,Yes,17.0,20,23,256,3,16,High
169,Assault,Central,Night,Wednesday,Cloudy,Low,Yes,4.0,6,22,299,4,11,High
170,Accident,North,Night,Monday,Cloudy,High,Yes,14.0,29,29,69,7,8,High
171,Medical,East,Morning,Tuesday,Sunny,Medium,No,5.0,17,32,284,6,9,High
172,Medical,North,Morning,Monday,Sunny,High,No,7.0,11,29,286,6,11,High
173,Accident,Central,Evening,Tuesday,Rainy,High,No,7.0,24,12,266,8,14,High
174,Medical,East,Night,Sunday,Sunny,Medium,No,19.0,22,35,173,10,16,High
175,Medical,West,Evening,Saturday,Cloudy,High,Yes,12.0,30,5,214,2,18,High
176,Fire,South,Morning,Friday,Cloudy,Low,Yes,8.0,21,28,299,1,15,High
177,Fire,West,Night,Sunday,Cloudy,High,Yes,16.0,9,30,226,1,10,Medium
178,Medical,West,Evening,Tuesday,Rainy,High,No,20.0,15,34,266,3,6,Medium
179,Fire,South,Evening,Friday,Rainy,Low,No,25.0,13,34,182,9,20,High
180,Accident,West,Evening,Friday,Cloudy,Medium,No,25.0,27,35,361,5,6,High
181,Fire,East,Morning,Wednesday,Cloudy,Low,No,15.0,17,26,294,2,17,High
182,Medical,East,Evening,Tuesday,Sunny,High,Yes,18.0,11,16,336,8,8,High
183,Theft,North,Night,Wednesday,Cloudy,Medium,Yes,10.0,25,18,26,4,16,High
184,Assault,South,Evening,Wednesday,Rainy,High,Yes,8.0,18,34,3,3,17,High
185,Fire,West,Afternoon,Monday,Rainy,Medium,Yes,10.0,22,6,334,2,18,High
186,Accident,East,Night,Saturday,Cloudy,High,No,3.0,14,10,449,5,1,Medium
187,Theft,East,Afternoon,Saturday,Rainy,High,No,17.0,13,16,436,3,16,High
188,Fire,Central,Night,Sunday,Rainy,High,No,12.0,23,16,8,3,10,Medium
189,Accident,South,Morning,Wednesday,Rainy,Low,No,8.0,9,34,206,2,3,Medium
190,Accident,East,Afternoon,Monday,Cloudy,Low,No,12.0,23,4,489,5,10,High
191,Theft,East,Evening,Friday,Sunny,Low,Yes,24.0,21,23,82,5,12,High
192,Medical,West,Afternoon,Sunday,Sunny,High,Yes,22.0,16,30,79,8,14,High
193,Medical,North,Morning,Sunday,Cloudy,High,Yes,25.0,16,8,229,9,16,High
194,Theft,South,Night,Monday,Cloudy,Medium,Yes,8.0,15,32,275,10,4,High
195,Medical,West,Evening,Saturday,Sunny,Medium,No,16.0,19,7,68,8,16,High
196,Assault,East,Morning,Friday,Sunny,Low,No,21.0,7,6,382,1,6,Medium
197,Assault,East,Night,Thursday,Rainy,Medium,Yes,8.0,29,12,147,1,13,Medium
198,Medical,West,Afternoon,Saturday,Sunny,Low,Yes,14.0,8,15,69,9,20,High
199,Fire,South,Night,Wednesday,Sunny,Medium,Yes,16.0,22,28,238,5,17,High
200,Fire,South,Morning,Monday,Cloudy,Low,No,22.0,29,5,17,2,13,Medium
201,Assault,West,Afternoon,Friday,Sunny,Low,Yes,10.0,28,6,345,10,1,High
202,Fire,East,Afternoon,Saturday,Cloudy,Low,No,21.0,15,24,149,9,7,High
203,Assault,Central,Night,Monday,Rainy,High,No,20.0,23,15,141,5,1,Medium
204,Assault,South,Night,Tuesday,Sunny,Medium,Yes,16.0,9,23,164,9,13,High
205,Medical,Central,Afternoon,Thursday,Sunny,Medium,Yes,20.0,18,30,469,8,1,High
206,Medical,South,Morning,Wednesday,Rainy,High,Yes,17.0,16,9,332,6,2,Medium
207,Assault,South,Evening,Wednesday,Sunny,Low,Yes,24.0,22,17,97,2,18,High
208,Assault,South,Evening,Sunday,Rainy,Medium,No,10.0,27,17,383,2,15,High
209,Medical,West,Night,Monday,Cloudy,Medium,No,12.0,13,27,333,9,11,High
210,Fire,North,Evening,Friday,Cloudy,High,No,16.0,6,18,190,4,10,High
211,Medical,South,Night,Friday,Cloudy,High,No,13.0,12,28,79,5,6,Medium
212,Assault,South,Evening,Tuesday,Sunny,High,No,23.0,28,35,391,5,15,High
213,Theft,North,Morning,Thursday,Sunny,High,Yes,23.0,6,6,470,3,17,High
214,Accident,North,Night,Saturday,Rainy,Low,Yes,3.0,11,33,363,2,4,Medium
215,Medical,East,Morning,Friday,Cloudy,High,No,3.0,5,21,283,9,13,High
216,Fire,Central,Evening,Sunday,Rainy,Medium,No,19.0,9,19,55,3,3,Low
217,Fire,East,Morning,Saturday,Cloudy,Low,Yes,17.0,23,19,192,2,12,High
218,Theft,South,Morning,Thursday,Rainy,High,No,20.0,20,7,195,7,12,High
219,Fire,Central,Night,Wednesday,,,No,,6,18,440,10,3,High
220,Fire,Central,Afternoon,Sunday,Cloudy,Medium,Yes,8.0,15,5,289,9,1,High
221,Medical,East,Night,Sunday,Cloudy,Low,Yes,10.0,23,28,84,5,18,High
222,Fire,North,Evening,Friday,Cloudy,High,No,4.0,8,31,382,9,11,High
223,Assault,South,Evening,Friday,,,Yes,,30,32,16,6,20,High
224,Fire,North,Morning,Wednesday,Sunny,Medium,Yes,5.0,29,22,339,10,12,High
225,Accident,West,Evening,Sunday,Rainy,Low,Yes,6.0,7,4,163,7,11,High
226,Theft,North,Morning,Wednesday,Cloudy,Low,No,17.0,22,30,96,2,13,High
227,Medical,South,Afternoon,Saturday,Rainy,Low,Yes,16.0,17,9,7,7,9,High
228,Fire,West,Evening,Thursday,Rainy,Medium,Yes,18.0,9,8,155,5,8,High
229,Assault,North,Afternoon,Wednesday,Sunny,Medium,No,23.0,20,16,129,6,7,High
230,Medical,South,Evening,Wednesday,Cloudy,High,Yes,17.0,15,31,195,10,10,High
231,Assault,Central,Afternoon,Wednesday,Rainy,Medium,No,15.0,15,22,161,8,5,High
232,Medical,North,Night,Saturday,Sunny,Medium,No,9.0,23,15,59,6,18,High
233,Accident,South,Evening,Saturday,Sunny,High,No,24.0,20,12,420,2,13,High
234,Medical,Central,Night,Friday,Sunny,Medium,Yes,22.0,20,29,38,7,14,High
235,Fire,Central,Morning,Friday,Cloudy,High,No,24.0,26,26,394,2,7,Medium
236,Accident,South,Afternoon,Thursday,Rainy,Medium,No,6.0,5,10,495,6,13,High
237,Assault,North,Evening,Thursday,Sunny,Low,Yes,7.0,16,5,354,10,16,High
238,Medical,West,Evening,Thursday,Sunny,Medium,No,17.0,30,17,160,6,10,High
239,Theft,East,Morning,Saturday,Sunny,High,Yes,4.0,30,11,35,6,9,High
240,Assault,South,Night,Saturday,Sunny,Low,No,8.0,15,31,90,9,17,High
241,Assault,North,Afternoon,Tuesday,Rainy,High,Yes,9.0,19,31,15,7,19,High
242,Fire,West,Morning,Wednesday,Cloudy,Medium,No,8.0,16,24,53,10,17,High
243,Accident,East,Night,Friday,Sunny,High,No,15.0,23,11,199,10,19,High
244,Theft,South,Evening,Monday,Sunny,Medium,Yes,24.0,9,24,303,10,2,High
245,Assault,South,Night,Saturday,Cloudy,High,Yes,22.0,9,28,199,9,13,High
246,Accident,West,Morning,Sunday,Rainy,Low,No,12.0,9,15,86,9,15,High
247,Assault,West,Night,Saturday,Rainy,Medium,Yes,20.0,21,35,100,3,12,High
248,Accident,South,Evening,Tuesday,Rainy,High,No,10.0,14,6,290,2,0,Low
249,Medical,East,Morning,Sunday,Cloudy,Medium,Yes,21.0,8,21,262,9,3,High
250,Assault,East,Evening,Sunday,Sunny,Medium,Yes,10.0,14,6,53,7,20,High
251,Fire,Central,Afternoon,Sunday,Sunny,Low,Yes,25.0,16,31,108,4,18,High
252,Accident,East,Evening,Friday,Rainy,High,Yes,11.0,24,14,180,10,17,High
253,Fire,South,Afternoon,Saturday,Rainy,Low,No,4.0,13,12,493,3,13,High
254,Assault,West,Morning,Saturday,Sunny,Medium,No,23.0,13,30,73,8,18,High
255,Theft,West,Evening,Sunday,,,No,,23,4,233,6,15,High
256,Accident,East,Evening,Friday,Cloudy,Low,No,9.0,20,21,496,4,13,High
257,Theft,North,Afternoon,Thursday,Rainy,Low,No,4.0,8,33,458,6,1,High
258,Accident,North,Evening,Wednesday,Sunny,Medium,Yes,23.0,14,14,353,4,4,Medium
259,Assault,North,Morning,Monday,Sunny,Medium,Yes,12.0,28,18,203,1,20,High
260,Theft,North,Evening,Sunday,Sunny,Medium,Yes,19.0,26,32,304,3,7,Medium
261,Theft,East,Evening,Wednesday,Sunny,Medium,Yes,15.0,7,10,37,8,7,High
262,Assault,East,Afternoon,Saturday,Cloudy,Low,No,21.0,5,14,36,3,16,High
263,Fire,North,Night,Wednesday,Rainy,Medium,Yes,9.0,7,10,352,10,14,High
264,Theft,East,Afternoon,Friday,Cloudy,High,Yes,5.0,12,22,142,4,20,High
265,Assault,West,Morning,Tuesday,Rainy,High,Yes,4.0,30,19,152,7,20,High
266,Assault,Central,Night,Wednesday,Cloudy,High,Yes,14.0,15,12,456,9,0,High
267,Theft,East,Afternoon,Monday,Sunny,Medium,No,3.0,23,8,489,8,2,High
268,Theft,Central,Afternoon,Wednesday,Sunny,Medium,Yes,16.0,27,29,393,9,13,High
269,Assault,Central,Morning,Wednesday,Cloudy,Medium,Yes,7.0,22,24,472,9,6,High
270,Medical,Central,Morning,Wednesday,Cloudy,High,Yes,16.0,8,33,126,1,2,Low
271,Assault,East,Evening,Tuesday,Rainy,Low,No,25.0,5,14,7,2,4,Low
272,Accident,Central,Morning,Wednesday,Cloudy,High,Yes,13.0,30,31,395,2,0,Low
273,Medical,South,Evening,Tuesday,Rainy,Low,Yes,14.0,6,35,234,8,16,High
274,Fire,North,Night,Wednesday,Rainy,Low,Yes,3.0,6,4,380,4,16,High
275,Fire,West,Evening,Wednesday,Sunny,High,No,16.0,12,24,284,1,20,High
276,Assault,North,Night,Sunday,Rainy,Medium,No,8.0,12,6,258,2,1,Low
277,Accident,Central,Evening,Saturday,Cloudy,Low,No,3.0,16,16,284,2,14,High
278,Fire,North,Night,Monday,Sunny,High,No,9.0,28,19,303,6,15,High
279,Accident,North,Afternoon,Friday,Sunny,Medium,No,3.0,29,28,487,1,10,High
280,Theft,South,Night,Saturday,Rainy,Medium,Yes,25.0,13,9,498,1,4,Medium
281,Theft,Central,Morning,Thursday,Cloudy,Low,Yes,7.0,25,29,49,10,16,High
282,Accident,West,Evening,Tuesday,Sunny,Low,Yes,15.0,27,24,134,5,10,High
283,Assault,East,Night,Monday,Cloudy,Medium,Yes,6.0,10,32,56,10,4,High
284,Fire,East,Morning,Tuesday,Rainy,Low,Yes,11.0,8,9,158,8,14,High
285,Accident,East,Afternoon,Monday,Rainy,Medium,Yes,15.0,21,7,496,4,11,High
286,Theft,South,Afternoon,Tuesday,Rainy,Medium,Yes,7.0,8,4,237,2,3,Medium
287,Fire,West,Afternoon,Monday,,,Yes,,5,8,301,10,8,High
288,Assault,North,Night,Saturday,Rainy,Low,No,21.0,18,29,26,8,5,High
289,Fire,North,Afternoon,Saturday,Rainy,Medium,No,11.0,13,32,466,4,5,High
290,Fire,West,Afternoon,Saturday,Cloudy,Low,Yes,5.0,13,28,246,9,1,High
291,Accident,Central,Evening,Thursday,Rainy,Low,Yes,18.0,22,35,401,7,11,High
292,Theft,West,Evening,Sunday,Cloudy,Low,Yes,3.0,30,21,306,6,7,High
293,Fire,Central,Night,Wednesday,Sunny,Low,Yes,11.0,22,7,127,2,7,Medium
294,Medical,Central,Afternoon,Friday,Sunny,Medium,No,21.0,5,26,163,10,11,High
295,Medical,South,Morning,Friday,Rainy,Low,No,5.0,6,18,252,3,1,Medium
296,Accident,North,Morning,Tuesday,Cloudy,High,Yes,13.0,27,15,104,10,4,High
297,Assault,Central,Morning,Wednesday,Rainy,Medium,Yes,14.0,7,27,434,2,16,High
298,Fire,Central,Evening,Tuesday,Cloudy,High,Yes,23.0,20,24,375,3,13,High
299,Medical,West,Morning,Tuesday,Cloudy,Medium,Yes,7.0,10,4,158,7,9,High
300,Fire,East,Evening,Tuesday,Cloudy,Low,No,7.0,15,8,54,10,15,High
301,Accident,East,Morning,Saturday,Sunny,Low,No,9.0,12,8,6,8,8,High
302,Assault,East,Night,Monday,Rainy,High,Yes,8.0,18,35,376,8,13,High
303,Accident,East,Morning,Monday,Rainy,Low,No,4.0,14,5,232,3,2,Medium
304,Medical,Central,Night,Saturday,Sunny,Medium,Yes,20.0,7,25,375,3,2,Medium
305,Accident,South,Afternoon,Thursday,Cloudy,High,No,8.0,6,10,456,10,13,High
306,Medical,Central,Night,Tuesday,Sunny,Medium,Yes,6.0,6,29,153,5,7,High
307,Fire,North,Morning,Tuesday,Sunny,High,No,24.0,25,34,45,7,9,High
308,Assault,West,Evening,Monday,Cloudy,High,No,12.0,30,29,243,2,3,Medium
309,Theft,East,Night,Thursday,Rainy,Low,No,14.0,10,32,190,3,12,High
310,Theft,East,Night,Sunday,Cloudy,Low,Yes,25.0,26,10,32,10,4,High
311,Medical,South,Night,Wednesday,Sunny,Medium,Yes,16.0,22,34,420,7,16,High
312,Theft,West,Afternoon,Tuesday,Sunny,Low,Yes,21.0,26,13,293,9,16,High
313,Fire,Central,Evening,Wednesday,Cloudy,Low,Yes,24.0,18,16,217,1,2,Low
314,Medical,West,Morning,Sunday,Cloudy,High,No,20.0,15,21,285,7,12,High
315,Theft,Central,Morning,Sunday,Rainy,High,No,7.0,23,10,213,2,4,Medium
316,Theft,South,Evening,Thursday,Sunny,High,No,23.0,20,34,136,7,12,High
317,Assault,East,Evening,Monday,Rainy,Medium,No,25.0,12,7,203,1,10,Medium
318,Fire,South,Evening,Saturday,Rainy,Medium,No,25.0,26,10,432,5,15,High
319,Fire,West,Night,Sunday,Cloudy,Medium,Yes,5.0,11,32,310,7,20,High
320,Fire,Central,Morning,Tuesday,Sunny,Low,Yes,5.0,14,29,406,9,5,High
321,Accident,East,Night,Friday,Rainy,High,Yes,4.0,16,16,17,4,14,High
322,Fire,West,Evening,Wednesday,Sunny,Medium,Yes,18.0,24,32,124,1,11,Medium
323,Fire,South,Afternoon,Wednesday,Cloudy,Medium,Yes,4.0,10,17,15,5,12,High
324,Fire,East,Evening,Saturday,Cloudy,High,No,23.0,10,4,243,1,4,Low
325,Fire,West,Evening,Saturday,Cloudy,High,No,14.0,19,20,459,7,12,High
326,Medical,Central,Evening,Wednesday,Cloudy,Low,No,19.0,26,27,53,10,0,High
327,Accident,East,Afternoon,Tuesday,Cloudy,Low,Yes,23.0,15,21,173,2,8,Medium
328,Assault,East,Evening,Thursday,Rainy,Medium,Yes,24.0,9,5,207,10,10,High
329,Medical,West,Evening,Friday,Rainy,Low,Yes,9.0,15,18,363,10,18,High
330,Medical,South,Evening,Saturday,Sunny,Low,No,7.0,28,20,50,5,15,High
331,Accident,East,Evening,Thursday,Sunny,Medium,Yes,16.0,30,25,382,4,9,High
332,Medical,North,Night,Friday,Rainy,Medium,Yes,5.0,20,16,298,10,19,High
333,Fire,East,Afternoon,Sunday,Sunny,Medium,No,13.0,18,33,71,3,6,Medium
334,Accident,South,Afternoon,Friday,Sunny,Medium,Yes,4.0,5,32,161,3,20,High
335,Assault,West,Night,Monday,Sunny,High,Yes,23.0,18,29,315,3,13,High
336,Theft,North,Afternoon,Tuesday,Cloudy,Medium,No,13.0,29,16,487,6,0,Medium
337,Fire,North,Morning,Wednesday,Rainy,Medium,No,19.0,23,23,53,3,12,High
338,Fire,South,Night,Monday,Sunny,Low,Yes,13.0,20,26,455,7,4,High
339,Theft,East,Morning,Thursday,Cloudy,Medium,Yes,21.0,21,14,376,4,0,Medium
340,Theft,West,Night,Thursday,Sunny,High,No,23.0,5,7,25,10,3,High
341,Accident,West,Morning,Saturday,Cloudy,Medium,Yes,9.0,27,4,360,8,4,High
342,Accident,North,Morning,Thursday,Sunny,High,Yes,19.0,28,11,426,7,3,High
343,Accident,South,Morning,Friday,Rainy,Low,No,9.0,16,30,426,5,16,High
344,Theft,Central,Night,Tuesday,Sunny,High,Yes,3.0,26,9,121,6,0,Medium
345,Accident,East,Night,Monday,Sunny,Low,Yes,23.0,12,33,464,2,8,Medium
346,Theft,North,Morning,Sunday,Sunny,High,Yes,16.0,28,11,185,5,10,High
347,Accident,East,Afternoon,Monday,Rainy,Medium,No,22.0,13,9,184,6,14,High
348,Fire,North,Afternoon,Saturday,Cloudy,Low,Yes,25.0,20,30,428,5,12,High
349,Fire,Central,Night,Sunday,Rainy,High,Yes,18.0,30,32,214,2,18,High
350,Theft,North,Evening,Saturday,Rainy,Low,Yes,6.0,18,32,248,3,15,High
351,Assault,South,Night,Wednesday,Cloudy,High,No,25.0,27,10,266,6,16,High
352,Fire,Central,Night,Sunday,Rainy,Low,Yes,22.0,6,4,430,3,17,High
353,Medical,South,Night,Thursday,Sunny,Low,No,13.0,13,7,165,8,7,High
354,Assault,East,Morning,Thursday,Cloudy,High,Yes,17.0,7,35,411,8,18,High
355,Theft,Central,Evening,Friday,Cloudy,Low,No,4.0,22,4,207,2,13,High
356,Medical,Central,Night,Saturday,Cloudy,Medium,No,10.0,19,25,187,6,1,Medium
357,Accident,Central,Evening,Saturday,Sunny,Low,Yes,3.0,15,26,50,2,7,Medium
358,Fire,North,Night,Tuesday,Rainy,Low,No,6.0,13,16,72,8,13,High
359,Assault,West,Afternoon,Thursday,Sunny,High,Yes,4.0,25,11,388,2,13,High
360,Medical,South,Afternoon,Monday,Rainy,High,No,21.0,20,15,479,9,13,High
361,Accident,West,Evening,Wednesday,Rainy,Low,Yes,16.0,24,19,452,9,12,High
362,Medical,South,Afternoon,Tuesday,Cloudy,High,No,12.0,27,24,309,7,16,High
363,Medical,Central,Evening,Saturday,Sunny,Medium,No,25.0,25,15,472,6,4,High
364,Assault,North,Morning,Monday,Rainy,Low,Yes,24.0,28,22,293,10,13,High
365,Fire,North,Evening,Tuesday,Cloudy,Low,No,8.0,14,20,103,1,8,Medium
366,Medical,West,Afternoon,Friday,Cloudy,Medium,Yes,24.0,28,18,53,8,19,High
367,Theft,East,Afternoon,Friday,Rainy,Low,No,24.0,15,7,199,7,13,High
368,Accident,West,Afternoon,Saturday,Sunny,Low,Yes,9.0,29,16,280,10,19,High
369,Medical,East,Afternoon,Tuesday,Cloudy,Medium,Yes,4.0,18,21,62,9,12,High
370,Medical,North,Evening,Thursday,Cloudy,High,No,4.0,9,24,239,6,4,High
371,Medical,North,Afternoon,Thursday,Cloudy,High,No,19.0,12,15,402,2,10,High
372,Accident,East,Evening,Tuesday,Cloudy,High,No,9.0,26,25,179,2,7,Medium
373,Assault,South,Afternoon,Monday,Cloudy,Medium,No,3.0,8,26,422,9,20,High
374,Theft,Central,Evening,Friday,Cloudy,Medium,No,20.0,28,22,198,2,8,Medium
375,Theft,South,Morning,Saturday,Sunny,Low,Yes,9.0,15,9,152,1,20,High
376,Theft,South,Morning,Thursday,Cloudy,Medium,Yes,9.0,22,31,428,7,3,High
377,Medical,North,Afternoon,Wednesday,Rainy,Medium,No,8.0,30,20,38,2,1,Low
378,Medical,North,Morning,Sunday,Cloudy,High,Yes,3.0,17,11,222,7,10,High
379,Medical,North,Evening,Sunday,Rainy,Medium,No,6.0,14,23,184,2,16,High
380,Assault,Central,Evening,Saturday,Sunny,Medium,No,20.0,12,12,243,1,5,Low
381,Theft,Central,Night,Friday,Cloudy,Low,No,7.0,8,6,284,1,17,High
382,Fire,South,Afternoon,Friday,Rainy,Low,Yes,9.0,18,13,384,4,11,High
383,Medical,North,Evening,Saturday,Sunny,Medium,Yes,4.0,29,33,344,3,18,High
384,Fire,South,Morning,Wednesday,Cloudy,Low,Yes,18.0,15,26,372,4,18,High
385,Medical,South,Evening,Sunday,Rainy,Medium,Yes,13.0,24,23,249,6,14,High
386,Accident,East,Afternoon,Saturday,Cloudy,Medium,No,10.0,27,31,161,1,7,Medium
387,Fire,Central,Morning,Sunday,Rainy,Low,Yes,12.0,20,10,229,8,11,High
388,Theft,Central,Morning,Sunday,Cloudy,High,No,5.0,28,8,376,5,20,High
389,Fire,East,Night,Tuesday,Cloudy,High,No,20.0,13,34,109,10,1,High
390,Accident,Central,Morning,Saturday,Sunny,High,Yes,19.0,7,29,238,3,16,High
391,Assault,East,Morning,Tuesday,Rainy,Low,Yes,8.0,10,13,72,9,14,High
392,Medical,East,Night,Thursday,Rainy,Low,Yes,4.0,26,17,190,5,7,High
393,Medical,Central,Afternoon,Thursday,Cloudy,Medium,No,23.0,13,20,53,6,16,High
394,Fire,Central,Night,Wednesday,Rainy,Medium,No,19.0,13,28,335,10,2,High
395,Fire,North,Evening,Tuesday,Sunny,Low,Yes,7.0,19,14,4,10,16,High
396,Accident,North,Night,Saturday,Rainy,Medium,Yes,24.0,12,30,309,6,3,Medium
397,Theft,South,Afternoon,Tuesday,Cloudy,High,Yes,16.0,5,19,83,10,20,High
398,Medical,West,Morning,Saturday,Cloudy,High,No,8.0,13,15,76,10,1,High
399,Fire,South,Night,Friday,Sunny,High,Yes,22.0,20,34,111,2,14,High
400,Assault,Central,Morning,Tuesday,Rainy,Medium,Yes,11.0,10,25,338,10,16,High
401,Fire,Central,Morning,Tuesday,Rainy,High,Yes,19.0,21,30,9,2,6,Medium
402,Medical,Central,Morning,Sunday,Cloudy,High,No,5.0,20,12,258,9,3,High
403,Fire,West,Night,Wednesday,Cloudy,High,Yes,4.0,27,31,216,9,11,High
404,Theft,East,Night,Wednesday,Sunny,Low,Yes,18.0,29,18,69,7,8,High
405,Fire,East,Night,Wednesday,Sunny,Low,No,19.0,5,28,268,10,3,High
406,Medical,East,Night,Sunday,Sunny,Medium,No,20.0,18,27,130,10,8,High
407,Accident,Central,Evening,Sunday,Cloudy,Medium,Yes,20.0,20,20,190,3,17,High
408,Theft,South,Night,Sunday,Rainy,High,Yes,17.0,30,14,383,2,7,Medium
409,Fire,West,Night,Monday,Sunny,Medium,Yes,3.0,30,9,200,3,20,High
410,Assault,Central,Evening,Saturday,Cloudy,Low,Yes,4.0,28,28,41,6,19,High
411,Fire,North,Afternoon,Friday,Sunny,High,Yes,9.0,26,22,225,8,0,High
412,Accident,West,Evening,Saturday,Rainy,Medium,Yes,3.0,10,9,123,6,20,High
413,Medical,Central,Evening,Wednesday,Rainy,Low,Yes,5.0,22,22,8,9,2,High
414,Fire,West,Morning,Friday,Sunny,High,No,21.0,5,20,477,8,12,High
415,Assault,West,Night,Sunday,Sunny,Medium,No,19.0,13,20,485,6,3,High
416,Accident,North,Night,Saturday,Sunny,High,Yes,3.0,20,11,460,8,18,High
417,Accident,South,Evening,Monday,Rainy,High,No,19.0,22,4,212,6,11,High
418,Fire,Central,Evening,Tuesday,Cloudy,High,Yes,18.0,15,26,284,2,5,Medium
419,Accident,South,Afternoon,Tuesday,Sunny,High,No,10.0,28,19,378,8,6,High
420,Medical,North,Morning,Sunday,Rainy,Medium,No,6.0,7,35,399,3,3,Medium
421,Medical,East,Night,Tuesday,Cloudy,Low,Yes,11.0,20,15,460,8,18,High
422,Medical,East,Night,Sunday,Cloudy,Low,No,18.0,22,6,410,9,13,High
423,Theft,South,Night,Friday,Sunny,Medium,No,17.0,15,4,358,2,16,High
424,Fire,East,Night,Friday,Rainy,Medium,Yes,8.0,22,20,442,10,8,High
425,Accident,West,Evening,Thursday,Sunny,High,Yes,16.0,27,27,218,8,6,High
426,Fire,Central,Night,Sunday,Rainy,Low,Yes,6.0,28,21,352,10,7,High
427,Fire,Central,Evening,Sunday,Rainy,Medium,No,8.0,18,35,243,3,0,Low
428,Fire,North,Afternoon,Sunday,Rainy,Medium,Yes,4.0,17,10,440,9,18,High
429,Medical,Central,Evening,Wednesday,Sunny,Medium,Yes,11.0,16,27,382,8,10,High
430,Accident,East,Evening,Saturday,Cloudy,Medium,No,9.0,23,15,445,6,19,High
431,Fire,East,Night,Saturday,Cloudy,High,No,12.0,19,13,196,2,19,High
432,Accident,East,Evening,Friday,Cloudy,Medium,No,13.0,12,24,41,2,5,Medium
433,Assault,South,Afternoon,Sunday,Sunny,Low,Yes,21.0,21,32,400,8,11,High
434,Theft,North,Morning,Thursday,Cloudy,Low,Yes,9.0,10,29,482,5,2,Medium
435,Theft,West,Evening,Tuesday,Sunny,High,No,6.0,13,13,269,7,2,High
436,Theft,North,Evening,Sunday,Rainy,Medium,No,7.0,21,14,321,8,4,High
437,Medical,South,Night,Saturday,Cloudy,High,No,20.0,19,12,479,9,8,High
438,Assault,Central,Afternoon,Sunday,Sunny,Medium,No,20.0,14,26,328,9,20,High
439,Theft,Central,Afternoon,Wednesday,Rainy,Medium,Yes,7.0,14,4,212,6,8,High
440,Accident,Central,Afternoon,Sunday,Sunny,High,No,12.0,5,31,485,8,15,High
441,Fire,West,Night,Tuesday,Rainy,Low,No,16.0,17,19,211,4,17,High
442,Accident,Central,Evening,Thursday,Sunny,Low,Yes,25.0,26,21,265,4,19,High
443,Accident,Central,Night,Tuesday,Rainy,Low,Yes,23.0,19,32,149,3,3,Medium
444,Accident,East,Afternoon,Saturday,Rainy,High,Yes,3.0,10,10,497,1,17,High
445,Accident,West,Evening,Sunday,Rainy,Medium,No,3.0,20,17,47,4,4,Medium
446,Assault,North,Night,Tuesday,Sunny,Medium,No,7.0,6,21,170,1,2,Low
447,Fire,North,Afternoon,Thursday,Cloudy,Low,Yes,15.0,29,32,63,1,7,Medium
448,Medical,Central,Morning,Wednesday,Rainy,High,No,13.0,10,6,200,8,9,High
449,Fire,West,Evening,Monday,Sunny,Medium,Yes,24.0,11,11,185,4,1,Medium
450,Medical,South,Evening,Sunday,Sunny,Low,Yes,3.0,6,34,405,7,7,High
451,Theft,East,Afternoon,Saturday,Cloudy,Low,Yes,13.0,29,7,47,8,19,High
452,Assault,South,Morning,Saturday,Rainy,Medium,Yes,20.0,30,26,120,8,10,High
453,Medical,East,Night,Tuesday,Cloudy,Low,No,18.0,27,32,461,5,1,Medium
454,Theft,Central,Afternoon,Thursday,Rainy,Medium,No,11.0,24,14,375,6,14,High
455,Theft,Central,Evening,Sunday,Cloudy,Low,No,19.0,17,15,1,8,20,High
456,Medical,South,Evening,Wednesday,Rainy,High,No,15.0,11,35,338,2,17,High
457,Fire,South,Morning,Tuesday,Sunny,Medium,Yes,24.0,7,6,50,2,16,High
458,Medical,Central,Evening,Monday,Rainy,Low,Yes,23.0,17,35,17,2,18,High
459,Assault,North,Evening,Friday,Cloudy,Medium,No,23.0,20,9,477,1,6,Medium
460,Theft,East,Morning,Tuesday,Cloudy,Low,Yes,11.0,21,6,422,1,19,High
461,Medical,South,Night,Saturday,Sunny,High,No,9.0,11,19,273,4,12,High
462,Medical,West,Evening,Saturday,Sunny,High,No,6.0,10,15,360,8,13,High
463,Assault,West,Evening,Friday,Sunny,High,Yes,20.0,15,27,463,6,10,High
464,Assault,West,Morning,Saturday,Sunny,Medium,Yes,11.0,16,32,393,7,17,High
465,Fire,East,Morning,Sunday,Cloudy,Medium,Yes,3.0,14,18,70,9,9,High
466,Accident,East,Afternoon,Tuesday,Rainy,Medium,Yes,14.0,9,12,20,2,14,High
467,Accident,West,Afternoon,Thursday,Cloudy,High,Yes,9.0,28,8,205,10,18,High
468,Theft,North,Evening,Wednesday,Rainy,Medium,Yes,4.0,28,28,329,10,9,High
469,Theft,East,Morning,Wednesday,Cloudy,High,Yes,22.0,5,28,383,4,20,High
470,Assault,Central,Morning,Tuesday,Rainy,Medium,No,7.0,6,29,258,6,7,High
471,Medical,West,Evening,Monday,Rainy,High,No,5.0,20,7,68,3,10,High
472,Assault,West,Afternoon,Friday,Cloudy,High,Yes,18.0,22,16,391,3,4,Medium
473,Theft,West,Night,Wednesday,Rainy,Low,No,16.0,15,9,37,4,8,Medium
474,Fire,East,Night,Friday,Sunny,Medium,Yes,3.0,29,23,305,6,20,High
475,Theft,North,Afternoon,Friday,Sunny,Medium,Yes,7.0,29,9,103,4,11,High
476,Theft,East,Afternoon,Saturday,Cloudy,Low,Yes,12.0,19,34,356,6,3,High
477,Theft,West,Morning,Wednesday,Sunny,Low,No,20.0,20,13,268,9,8,High
478,Theft,North,Night,Saturday,Rainy,High,No,11.0,6,33,405,4,19,High
479,Assault,Central,Morning,Wednesday,Rainy,High,Yes,23.0,17,18,10,2,9,Medium
480,Theft,South,Evening,Wednesday,Rainy,Medium,Yes,17.0,22,5,102,3,16,High
481,Fire,Central,Evening,Sunday,Sunny,High,No,14.0,25,23,178,1,11,Medium
482,Fire,East,Night,Saturday,Sunny,Low,No,20.0,13,18,456,7,0,High
483,Assault,South,Afternoon,Thursday,Rainy,High,No,23.0,26,18,492,9,19,High
484,Medical,Central,Afternoon,Sunday,Sunny,Medium,Yes,9.0,25,12,278,8,4,High
485,Accident,North,Morning,Tuesday,Rainy,Low,Yes,23.0,23,14,466,7,4,High
486,Accident,South,Afternoon,Monday,Sunny,Low,Yes,16.0,14,32,451,6,13,High
487,Medical,South,Afternoon,Saturday,Sunny,Medium,Yes,22.0,23,18,316,10,8,High
488,Fire,West,Night,Thursday,Sunny,Low,Yes,22.0,20,27,69,8,16,High
489,Fire,South,Afternoon,Monday,Sunny,Medium,No,3.0,13,30,17,4,13,High
490,Theft,Central,Night,Saturday,Rainy,Medium,Yes,10.0,18,29,444,6,14,High
491,Medical,Central,Night,Saturday,Sunny,High,No,17.0,6,19,56,9,14,High
492,Assault,West,Evening,Sunday,Rainy,Medium,Yes,4.0,11,22,392,9,20,High
493,Assault,West,Morning,Saturday,Cloudy,Low,Yes,4.0,27,13,151,7,19,High
494,Accident,West,Morning,Tuesday,Rainy,High,Yes,7.0,17,30,481,10,17,High
495,Theft,North,Morning,Saturday,Rainy,High,No,13.0,27,14,47,8,8,High
496,Assault,Central,Night,Monday,Sunny,Medium,Yes,19.0,24,14,269,2,12,High
497,Assault,East,Evening,Saturday,Rainy,Medium,Yes,8.0,29,7,445,3,4,Medium
498,Theft,West,Night,Sunday,Rainy,High,Yes,9.0,5,20,461,2,4,Medium
499,Assault,West,Night,Monday,Cloudy,High,Yes,10.0,11,34,452,10,15,High
500,Theft,South,Afternoon,Monday,Cloudy,Medium,Yes,11.0,24,17,452,4,17,High
501,Accident,North,Morning,Monday,Rainy,Low,Yes,24.0,23,23,438,3,1,Medium
502,Assault,Central,Evening,Monday,Sunny,Medium,No,21.0,30,15,313,5,19,High
503,Medical,North,Evening,Thursday,Sunny,Low,No,5.0,29,31,460,6,12,High
504,Medical,North,Morning,Friday,Cloudy,High,Yes,19.0,11,17,270,6,13,High
505,Medical,East,Evening,Friday,Cloudy,High,No,25.0,14,31,371,8,19,High
506,Assault,South,Afternoon,Saturday,Rainy,Low,Yes,18.0,21,35,315,3,18,High
507,Fire,Central,Night,Thursday,Sunny,Medium,No,23.0,30,11,13,2,14,Medium
508,Accident,East,Morning,Wednesday,Rainy,High,No,9.0,5,16,413,9,20,High
509,Fire,South,Evening,Sunday,Rainy,High,No,13.0,17,5,59,1,10,Medium
510,Fire,West,Evening,Thursday,Rainy,High,Yes,23.0,9,34,409,8,1,High
511,Fire,Central,Evening,Sunday,Rainy,Low,Yes,24.0,15,5,154,9,18,High
512,Medical,Central,Night,Tuesday,Cloudy,Low,No,13.0,17,14,431,5,0,Medium
513,Assault,South,Evening,Thursday,Rainy,Low,No,11.0,18,9,364,6,1,Medium
514,Theft,West,Morning,Sunday,Rainy,High,Yes,4.0,29,16,58,3,11,High
515,Fire,North,Afternoon,Tuesday,Cloudy,Low,No,19.0,14,24,175,4,15,High
516,Theft,Central,Morning,Wednesday,Rainy,Low,Yes,6.0,5,23,366,7,16,High
517,Fire,East,Afternoon,Tuesday,Rainy,Medium,No,3.0,23,23,393,9,9,High
518,Accident,North,Morning,Friday,Cloudy,High,Yes,11.0,9,14,344,8,3,High
519,Fire,East,Afternoon,Tuesday,Sunny,Medium,No,20.0,15,21,278,4,11,High
520,Theft,North,Night,Monday,Sunny,Medium,No,7.0,5,34,228,9,1,High
521,Medical,East,Evening,Wednesday,Sunny,High,Yes,21.0,25,32,361,3,19,High
522,Theft,West,Evening,Saturday,Cloudy,High,No,5.0,30,33,291,8,4,High
523,Accident,West,Afternoon,Saturday,Cloudy,Medium,No,7.0,24,20,119,8,7,High
524,Accident,West,Night,Sunday,Sunny,Medium,No,5.0,20,11,250,8,0,High
525,Theft,East,Morning,Sunday,Rainy,High,No,19.0,8,29,295,10,4,High
526,Medical,South,Night,Thursday,Sunny,Medium,Yes,10.0,24,19,303,7,13,High
527,Medical,South,Afternoon,Saturday,Cloudy,Low,No,21.0,30,25,221,10,13,High
528,Assault,South,Evening,Thursday,Sunny,High,Yes,17.0,15,10,304,2,19,High
529,Theft,South,Afternoon,Friday,Cloudy,Low,Yes,13.0,20,7,395,10,12,High
530,Fire,South,Evening,Wednesday,Cloudy,High,No,12.0,17,32,232,3,17,High
531,Medical,Central,Night,Sunday,Sunny,Medium,Yes,5.0,23,4,368,7,11,High
532,Theft,East,Morning,Tuesday,Rainy,High,No,4.0,5,26,462,6,17,High
533,Medical,South,Afternoon,Thursday,Sunny,Low,No,15.0,17,31,365,6,12,High
534,Fire,North,Morning,Saturday,Sunny,Low,No,7.0,14,12,431,6,13,High
535,Assault,Central,Night,Friday,Sunny,Medium,No,5.0,9,30,500,7,4,High
536,Fire,West,Morning,Friday,Rainy,High,Yes,15.0,16,18,420,9,14,High
537,Theft,North,Night,Saturday,Rainy,Low,No,20.0,23,27,138,9,13,High
538,Medical,Central,Morning,Tuesday,Rainy,High,Yes,11.0,19,9,73,2,16,High
539,Accident,Central,Morning,Thursday,Rainy,High,No,12.0,24,7,409,9,18,High
540,Accident,South,Morning,Saturday,Cloudy,High,No,16.0,16,22,376,10,10,High
541,Medical,North,Evening,Sunday,Cloudy,High,Yes,23.0,20,14,134,10,1,High
542,Accident,East,Afternoon,Friday,Rainy,Medium,No,7.0,21,8,249,5,2,Medium
543,Assault,East,Afternoon,Wednesday,Cloudy,Low,No,22.0,10,13,380,1,3,Low
544,Fire,Central,Afternoon,Sunday,Rainy,Medium,No,4.0,15,9,410,3,16,High
545,Medical,East,Morning,Saturday,Rainy,Low,Yes,23.0,10,17,339,4,14,High
546,Medical,South,Night,Saturday,Cloudy,Medium,No,18.0,14,34,238,3,12,High
547,Assault,West,Evening,Friday,Cloudy,Low,Yes,16.0,5,22,75,5,16,High
548,Accident,East,Evening,Sunday,Sunny,Medium,No,16.0,24,21,327,9,11,High
549,Medical,East,Afternoon,Wednesday,Cloudy,Low,Yes,24.0,23,16,396,8,7,High
550,Assault,East,Afternoon,Saturday,Rainy,Medium,Yes,6.0,21,10,7,2,13,High
551,Medical,North,Morning,Monday,Cloudy,Low,No,5.0,6,17,13,1,19,High
552,Accident,East,Night,Saturday,Sunny,High,No,6.0,27,15,412,10,5,High
553,Accident,South,Morning,Wednesday,Sunny,Medium,No,25.0,26,24,394,5,13,High
554,Theft,West,Afternoon,Friday,Rainy,Low,No,11.0,10,32,31,6,8,High
555,Assault,East,Morning,Monday,Sunny,Low,No,16.0,11,10,74,2,17,High
556,Theft,West,Evening,Tuesday,Cloudy,Medium,No,7.0,25,4,10,8,15,High
557,Assault,West,Night,Sunday,Cloudy,Low,Yes,25.0,29,35,2,10,16,High
558,Accident,East,Night,Monday,Cloudy,High,Yes,6.0,23,26,197,1,15,High
559,Fire,South,Morning,Thursday,Cloudy,Low,No,5.0,19,22,274,6,10,High
560,Assault,North,Night,Saturday,Sunny,Low,Yes,23.0,27,26,459,7,3,High
561,Theft,Central,Evening,Thursday,Cloudy,Medium,Yes,10.0,20,28,13,4,18,High
562,Assault,North,Afternoon,Sunday,Cloudy,High,No,13.0,30,6,174,1,1,Low
563,Fire,West,Morning,Thursday,Cloudy,Low,Yes,10.0,7,6,77,9,18,High
564,Theft,West,Afternoon,Sunday,Cloudy,Low,Yes,23.0,6,23,8,3,5,Medium
565,Fire,West,Evening,Sunday,Cloudy,High,No,22.0,12,8,255,2,19,High
566,Fire,North,Afternoon,Wednesday,Sunny,Low,No,20.0,9,24,62,6,18,High
567,Medical,South,Night,Tuesday,Cloudy,Low,Yes,8.0,27,27,388,3,13,High
568,Theft,West,Morning,Monday,Sunny,Low,Yes,22.0,17,14,406,2,20,High
569,Fire,South,Afternoon,Saturday,Rainy,High,No,16.0,27,34,455,10,9,High
570,Medical,South,Night,Friday,Sunny,High,No,22.0,27,6,123,7,5,High
571,Theft,Central,Morning,Friday,Rainy,High,Yes,20.0,12,16,215,6,0,Medium
572,Theft,South,Morning,Sunday,Sunny,High,No,24.0,11,21,395,8,20,High
573,Accident,East,Afternoon,Thursday,Rainy,Medium,No,24.0,6,7,91,8,5,High
574,Theft,West,Morning,Monday,Sunny,High,No,20.0,10,14,54,1,1,Low
575,Fire,North,Evening,Tuesday,,,No,,11,24,297,10,10,High
576,Theft,West,Afternoon,Tuesday,Cloudy,Medium,Yes,5.0,20,35,193,4,7,High
577,Accident,East,Afternoon,Wednesday,Sunny,Low,Yes,17.0,28,16,192,7,4,High
578,Fire,East,Afternoon,Wednesday,Cloudy,Low,Yes,17.0,19,30,70,5,3,Medium
579,Medical,West,Afternoon,Friday,Rainy,Medium,No,10.0,7,30,497,10,17,High
580,Assault,Central,Afternoon,Friday,Sunny,High,Yes,10.0,12,24,374,1,13,High
581,Assault,Central,Night,Thursday,Cloudy,Low,No,18.0,28,6,23,7,1,Medium
582,Assault,South,Afternoon,Wednesday,Rainy,Low,Yes,20.0,29,4,124,8,2,High
583,Medical,Central,Morning,Thursday,Rainy,Low,No,8.0,27,33,246,1,9,Medium
584,Theft,West,Evening,Friday,Sunny,Medium,No,23.0,19,4,405,3,11,High
585,Theft,Central,Evening,Saturday,Sunny,High,No,20.0,23,17,358,5,19,High
586,Accident,East,Afternoon,Saturday,Cloudy,High,Yes,14.0,19,6,57,1,12,Medium
587,Medical,North,Night,Saturday,Cloudy,High,Yes,7.0,15,19,364,9,6,High
588,Accident,North,Morning,Wednesday,Rainy,Medium,No,11.0,21,31,165,4,11,High
589,Assault,Central,Evening,Sunday,Cloudy,High,Yes,18.0,27,22,270,9,3,High
590,Fire,East,Morning,Monday,Sunny,Medium,Yes,5.0,7,29,457,4,14,High
591,Accident,West,Afternoon,Thursday,Rainy,Medium,No,9.0,21,5,255,3,4,Medium
592,Medical,East,Night,Friday,Rainy,High,No,5.0,5,18,150,1,6,Medium
593,Accident,Central,Afternoon,Sunday,Rainy,Low,No,20.0,19,33,304,8,16,High
594,Fire,East,Evening,Thursday,Sunny,High,Yes,12.0,29,7,248,4,11,High
595,Fire,South,Morning,Monday,Rainy,High,Yes,8.0,27,13,147,9,5,High
596,Accident,East,Afternoon,Wednesday,Rainy,High,Yes,8.0,11,6,134,8,11,High
597,Fire,West,Evening,Tuesday,Sunny,High,No,3.0,17,35,155,9,3,High
598,Medical,West,Evening,Saturday,Sunny,High,No,21.0,26,13,243,5,9,High
599,Assault,Central,Afternoon,Thursday,Rainy,Low,No,6.0,14,5,72,1,17,High
600,Accident,South,Morning,Monday,Cloudy,Medium,Yes,9.0,23,18,312,1,20,High
601,Accident,West,Afternoon,Saturday,Rainy,Medium,No,18.0,15,7,202,9,6,High
602,Assault,Central,Morning,Tuesday,Cloudy,Medium,No,14.0,16,23,7,6,9,High
603,Fire,Central,Morning,Tuesday,Sunny,Medium,No,16.0,28,30,148,8,5,High
604,Theft,North,Night,Saturday,Rainy,Medium,Yes,21.0,29,28,172,9,2,High
605,Assault,East,Night,Monday,Rainy,High,No,7.0,11,15,237,9,18,High
606,Fire,East,Evening,Saturday,Cloudy,Medium,Yes,10.0,5,4,287,8,14,High
607,Theft,North,Evening,Thursday,Sunny,High,No,18.0,27,19,214,5,5,Medium
608,Theft,East,Morning,Sunday,Rainy,Low,Yes,16.0,13,34,247,10,18,High
609,Fire,North,Evening,Wednesday,Rainy,High,No,25.0,9,26,164,3,14,High
610,Medical,South,Afternoon,Sunday,Sunny,High,Yes,19.0,25,8,149,1,9,Medium
611,Accident,East,Morning,Friday,Cloudy,Medium,Yes,24.0,30,23,166,9,10,High
612,Assault,East,Afternoon,Monday,Sunny,Low,Yes,12.0,16,35,71,1,16,High
613,Assault,West,Morning,Monday,Sunny,Low,No,22.0,27,11,408,4,17,High
614,Fire,East,Morning,Saturday,Sunny,Low,Yes,7.0,19,25,160,6,11,High
615,Fire,North,Night,Saturday,Sunny,Low,Yes,12.0,9,17,353,3,7,Medium
616,Theft,Central,Morning,Thursday,Sunny,Medium,Yes,4.0,11,10,388,8,13,High
617,Medical,South,Afternoon,Tuesday,Cloudy,Medium,Yes,6.0,30,11,155,2,0,Low
618,Fire,Central,Afternoon,Friday,Cloudy,Low,Yes,21.0,16,26,75,2,8,Medium
619,Accident,South,Morning,Saturday,Sunny,Low,No,19.0,11,16,391,10,0,High
620,Fire,East,Night,Thursday,,,Yes,,19,10,358,6,18,High
621,Medical,South,Night,Sunday,Rainy,High,No,6.0,19,11,58,7,10,High
622,Theft,West,Evening,Thursday,Cloudy,High,No,5.0,15,35,370,9,1,High
623,Fire,North,Night,Saturday,Rainy,Low,Yes,16.0,14,31,116,8,17,High
624,Theft,South,Night,Thursday,Cloudy,High,Yes,15.0,19,9,345,8,3,High
625,Medical,West,Morning,Tuesday,Rainy,High,No,9.0,15,16,34,3,11,High
626,Accident,West,Night,Thursday,,,Yes,,13,29,392,5,18,High
627,Fire,South,Morning,Monday,Cloudy,Low,Yes,11.0,20,35,56,8,3,High
628,Fire,East,Morning,Sunday,Sunny,High,No,8.0,17,24,348,8,0,High
629,Medical,East,Evening,Sunday,Cloudy,High,Yes,24.0,20,35,104,8,9,High
630,Assault,West,Night,Monday,Sunny,Low,No,15.0,19,24,221,1,3,Low
631,Assault,North,Night,Saturday,Cloudy,High,No,7.0,14,28,252,3,13,High
632,Accident,West,Night,Friday,Cloudy,Medium,No,19.0,6,29,288,8,5,High
633,Accident,East,Morning,Sunday,Cloudy,Medium,No,21.0,6,12,32,6,0,Medium
634,Theft,South,Afternoon,Tuesday,Cloudy,Medium,Yes,14.0,18,26,220,2,11,Medium
635,Theft,Central,Evening,Monday,Rainy,High,No,6.0,15,14,445,2,9,High
636,Medical,North,Evening,Thursday,Cloudy,Medium,No,11.0,5,34,264,10,13,High
637,Accident,West,Evening,Tuesday,Cloudy,Medium,No,6.0,27,17,51,10,15,High
638,Medical,South,Evening,Wednesday,Sunny,Medium,No,23.0,30,8,104,7,15,High
639,Medical,East,Evening,Monday,Cloudy,High,No,25.0,23,10,320,4,2,Medium
640,Medical,East,Night,Saturday,Cloudy,Medium,Yes,5.0,25,23,108,7,11,High
641,Medical,South,Morning,Saturday,Cloudy,High,Yes,22.0,21,33,206,7,8,High
642,Accident,Central,Night,Friday,Cloudy,High,Yes,24.0,28,33,256,10,6,High
643,Fire,East,Night,Thursday,Rainy,Low,Yes,17.0,9,19,103,9,11,High
644,Medical,South,Night,Tuesday,Sunny,Low,Yes,23.0,10,20,137,7,9,High
645,Assault,North,Afternoon,Tuesday,Rainy,Low,Yes,17.0,20,31,126,1,9,Medium
646,Theft,West,Morning,Monday,Sunny,Medium,No,24.0,22,15,405,5,8,High
647,Assault,South,Afternoon,Monday,Cloudy,High,Yes,14.0,26,9,462,2,13,High
648,Theft,South,Morning,Sunday,Rainy,Medium,No,19.0,13,35,341,9,18,High
649,Fire,South,Evening,Thursday,Rainy,Medium,Yes,9.0,9,10,479,4,13,High
650,Medical,West,Night,Saturday,Sunny,Medium,Yes,25.0,8,24,274,8,11,High
651,Theft,South,Evening,Friday,Rainy,Medium,No,12.0,5,6,244,6,11,High
652,Assault,East,Evening,Monday,Sunny,Medium,Yes,17.0,17,4,274,2,7,Medium
653,Theft,East,Morning,Sunday,Rainy,Medium,No,23.0,15,30,469,3,14,High
654,Medical,North,Evening,Thursday,Cloudy,High,No,6.0,10,20,368,6,13,High
655,Assault,South,Morning,Thursday,Sunny,High,No,4.0,25,15,356,8,0,High
656,Medical,South,Night,Sunday,Rainy,Medium,No,6.0,10,19,295,6,2,High
657,Accident,South,Morning,Thursday,Rainy,Low,No,24.0,23,24,134,3,5,Medium
658,Medical,Central,Afternoon,Monday,Rainy,Low,No,10.0,5,5,484,7,18,High
659,Fire,North,Evening,Tuesday,Cloudy,Low,Yes,22.0,18,20,26,3,12,High
660,Fire,South,Afternoon,Sunday,Rainy,Medium,No,24.0,20,11,223,9,14,High
661,Accident,South,Night,Tuesday,Rainy,Low,Yes,9.0,24,17,67,7,13,High
662,Fire,East,Night,Monday,Sunny,Medium,Yes,10.0,24,32,500,5,8,High
663,Assault,Central,Evening,Monday,Sunny,High,Yes,24.0,11,28,499,6,12,High
664,Theft,East,Night,Wednesday,Rainy,High,No,18.0,16,6,171,1,7,Medium
665,Accident,South,Night,Wednesday,Rainy,Low,Yes,4.0,23,15,496,3,17,High
666,Theft,East,Morning,Tuesday,Rainy,Medium,No,16.0,9,20,364,6,16,High
667,Medical,East,Night,Tuesday,Rainy,High,No,22.0,29,20,145,7,8,High
668,Fire,North,Afternoon,Tuesday,Sunny,Medium,No,17.0,6,16,285,3,20,High
669,Theft,West,Evening,Saturday,Cloudy,Medium,No,16.0,8,35,362,3,14,High
670,Fire,East,Afternoon,Sunday,Sunny,High,No,6.0,16,9,58,8,4,High
671,Medical,Central,Afternoon,Thursday,Sunny,Low,No,9.0,23,4,457,10,18,High
672,Assault,East,Morning,Sunday,Rainy,Low,Yes,3.0,14,11,455,2,10,High
673,Medical,North,Evening,Monday,Cloudy,High,No,17.0,25,21,236,2,15,High
674,Accident,East,Morning,Saturday,Sunny,High,No,7.0,11,7,486,6,18,High
675,Theft,North,Afternoon,Tuesday,Rainy,Medium,No,8.0,12,29,205,2,8,Medium
676,Accident,Central,Afternoon,Wednesday,Cloudy,Low,No,18.0,30,31,62,3,9,Medium
677,Accident,Central,Night,Monday,Rainy,Medium,Yes,17.0,17,34,103,9,15,High
678,Assault,South,Afternoon,Thursday,Cloudy,High,Yes,5.0,6,25,323,7,13,High
679,Accident,South,Afternoon,Saturday,Rainy,Low,No,5.0,30,34,240,5,13,High
680,Medical,North,Night,Thursday,Sunny,Medium,No,20.0,7,6,292,5,1,Medium
681,Theft,West,Afternoon,Sunday,Sunny,Medium,Yes,5.0,29,5,131,6,18,High
682,Assault,Central,Evening,Wednesday,Sunny,Low,Yes,13.0,23,33,214,2,9,Medium
683,Assault,Central,Morning,Monday,Rainy,Low,Yes,11.0,26,10,383,2,19,High
684,Medical,West,Evening,Friday,Cloudy,Medium,No,17.0,27,29,336,3,15,High
685,Theft,North,Afternoon,Sunday,Sunny,Low,No,7.0,5,16,45,5,4,Medium
686,Theft,East,Night,Tuesday,Rainy,Medium,Yes,16.0,25,16,333,3,7,Medium
687,Assault,North,Night,Friday,Sunny,Low,No,25.0,19,35,86,2,4,Low
688,Theft,West,Night,Sunday,Rainy,High,No,4.0,15,4,425,10,12,High
689,Fire,North,Morning,Thursday,Cloudy,Medium,Yes,18.0,21,35,250,1,12,Medium
690,Assault,Central,Evening,Thursday,Cloudy,Medium,Yes,16.0,20,11,458,5,20,High
691,Fire,Central,Afternoon,Friday,Cloudy,Medium,No,18.0,16,32,148,3,6,Medium
692,Accident,West,Afternoon,Friday,,,Yes,,17,30,453,3,9,High
693,Theft,West,Night,Wednesday,Sunny,Low,Yes,9.0,10,35,67,8,5,High
694,Fire,Central,Morning,Sunday,Sunny,Medium,No,14.0,26,14,184,1,8,Medium
695,Assault,East,Evening,Sunday,Rainy,Low,No,6.0,22,18,317,2,7,Medium
696,Theft,West,Night,Sunday,Sunny,Low,Yes,22.0,26,10,437,3,16,High
697,Fire,East,Afternoon,Saturday,Rainy,High,No,6.0,10,11,22,9,16,High
698,Accident,South,Morning,Sunday,Sunny,Medium,No,7.0,25,27,256,9,3,High
699,Theft,East,Evening,Saturday,Rainy,Medium,Yes,13.0,14,14,126,1,15,High
700,Fire,West,Night,Thursday,Rainy,High,No,16.0,30,18,386,3,16,High
701,Theft,East,Evening,Thursday,Sunny,Medium,Yes,3.0,27,8,227,1,4,Low
702,Medical,North,Evening,Thursday,Rainy,High,No,24.0,25,13,389,7,1,High
703,Assault,West,Afternoon,Friday,Cloudy,High,No,3.0,13,13,466,6,11,High
704,Accident,North,Morning,Friday,Rainy,Medium,Yes,15.0,29,16,455,6,20,High
705,Medical,East,Afternoon,Monday,Sunny,High,No,9.0,7,23,277,9,9,High
706,Theft,East,Evening,Saturday,Cloudy,Medium,Yes,16.0,21,11,427,4,9,High
707,Medical,North,Night,Wednesday,Sunny,High,Yes,6.0,19,23,388,1,20,High
708,Assault,Central,Afternoon,Monday,Rainy,High,Yes,24.0,30,12,154,6,9,High
709,Assault,North,Morning,Monday,Rainy,Low,No,7.0,27,31,233,6,3,High
710,Medical,Central,Night,Sunday,Rainy,High,No,14.0,26,29,229,4,2,Medium
711,Medical,South,Night,Saturday,Rainy,Low,Yes,16.0,10,13,226,7,15,High
712,Medical,East,Morning,Friday,Rainy,Low,Yes,4.0,28,14,234,4,15,High
713,Theft,East,Evening,Wednesday,Rainy,Medium,No,4.0,21,13,293,6,9,High
714,Theft,East,Evening,Tuesday,Sunny,High,No,7.0,30,30,406,1,4,Medium
715,Assault,West,Evening,Friday,Rainy,Medium,No,14.0,7,6,63,1,17,High
716,Medical,West,Night,Saturday,Rainy,Low,No,7.0,29,12,428,8,19,High
717,Assault,South,Night,Wednesday,Cloudy,Low,No,24.0,24,30,410,2,19,High
718,Medical,East,Morning,Saturday,Cloudy,Low,Yes,8.0,27,5,331,5,2,Medium
719,Assault,Central,Morning,Monday,Cloudy,High,Yes,4.0,23,16,278,10,18,High
720,Theft,Central,Evening,Thursday,Cloudy,Low,No,10.0,27,32,141,1,6,Medium
721,Medical,East,Night,Wednesday,Sunny,Low,Yes,8.0,18,5,175,1,13,Medium
722,Theft,South,Evening,Thursday,Cloudy,Low,Yes,7.0,10,20,87,9,9,High
723,Accident,West,Morning,Wednesday,Sunny,Medium,No,8.0,5,7,493,10,10,High
724,Medical,Central,Afternoon,Thursday,Cloudy,High,No,4.0,11,19,193,5,3,Medium
725,Theft,West,Morning,Thursday,Cloudy,Low,Yes,13.0,19,30,138,2,1,Low
726,Medical,South,Evening,Friday,Rainy,Medium,Yes,24.0,8,19,284,5,18,High
727,Fire,Central,Night,Friday,Rainy,Low,Yes,14.0,22,14,105,9,4,High
728,Theft,North,Night,Wednesday,Cloudy,Medium,No,12.0,25,14,493,8,19,High
729,Theft,South,Morning,Wednesday,Sunny,Medium,Yes,9.0,23,22,432,6,20,High
730,Medical,Central,Evening,Saturday,Rainy,High,No,11.0,18,17,372,3,17,High
731,Fire,West,Evening,Monday,Cloudy,Low,Yes,24.0,15,25,140,8,7,High
732,Assault,Central,Night,Sunday,Rainy,High,Yes,3.0,26,15,244,10,0,High
733,Accident,West,Evening,Thursday,Sunny,High,Yes,24.0,19,11,276,2,0,Low
734,Fire,North,Evening,Saturday,Cloudy,Medium,Yes,9.0,19,4,237,2,11,High
735,Fire,West,Evening,Monday,Rainy,Medium,Yes,23.0,14,18,418,2,19,High
736,Medical,Central,Night,Tuesday,Cloudy,Low,Yes,15.0,8,21,101,1,20,High
737,Medical,South,Evening,Tuesday,Cloudy,Low,No,5.0,9,20,302,2,4,Medium
738,Accident,West,Night,Wednesday,Sunny,High,No,3.0,18,7,453,9,14,High
739,Theft,East,Night,Friday,Rainy,Medium,Yes,4.0,28,18,186,8,16,High
740,Fire,West,Morning,Tuesday,Sunny,Low,No,5.0,23,5,100,7,10,High
741,Assault,West,Morning,Friday,Cloudy,Medium,No,23.0,8,5,33,5,20,High
742,Accident,Central,Afternoon,Monday,Cloudy,High,No,10.0,15,7,56,4,15,High
743,Theft,North,Night,Wednesday,Cloudy,Low,Yes,21.0,8,9,321,2,14,High
744,Theft,North,Morning,Friday,Sunny,Medium,No,4.0,14,31,471,1,14,High
745,Assault,West,Night,Sunday,Rainy,High,Yes,16.0,12,4,50,7,19,High
746,Medical,South,Morning,Monday,Sunny,High,Yes,17.0,21,25,334,6,0,Medium
747,Accident,West,Night,Saturday,Cloudy,Medium,Yes,21.0,9,20,405,10,6,High
748,Medical,West,Evening,Wednesday,Cloudy,High,Yes,4.0,9,23,71,4,1,Medium
749,Accident,North,Afternoon,Monday,Sunny,High,Yes,22.0,15,22,241,3,9,Medium
750,Theft,East,Afternoon,Saturday,Rainy,High,No,9.0,25,16,177,7,6,High
751,Medical,East,Night,Wednesday,Sunny,Low,No,21.0,23,25,355,10,10,High
752,Fire,West,Afternoon,Tuesday,Rainy,High,No,3.0,25,18,254,1,7,Medium
753,Theft,North,Evening,Monday,Cloudy,Low,Yes,8.0,5,27,106,7,12,High
754,Theft,North,Afternoon,Tuesday,Rainy,Low,Yes,23.0,23,27,226,5,6,Medium
755,Fire,South,Morning,Tuesday,Rainy,Low,Yes,13.0,22,19,369,5,5,High
756,Accident,West,Afternoon,Wednesday,Rainy,High,Yes,6.0,15,17,195,3,20,High
757,Theft,South,Afternoon,Sunday,Sunny,Low,No,16.0,27,8,410,9,19,High
758,Theft,Central,Afternoon,Sunday,Cloudy,Medium,Yes,16.0,25,19,163,6,19,High
759,Fire,Central,Night,Tuesday,Cloudy,Low,No,23.0,30,21,127,6,1,Medium
760,Assault,Central,Night,Tuesday,Rainy,High,No,19.0,17,27,34,10,5,High
761,Accident,Central,Night,Saturday,Cloudy,High,Yes,25.0,20,34,356,9,15,High
762,Fire,East,Night,Thursday,Cloudy,Low,No,17.0,12,29,113,4,6,Medium
763,Accident,West,Evening,Tuesday,Cloudy,Low,No,7.0,29,9,282,5,2,Medium
764,Assault,West,Evening,Sunday,Rainy,Medium,No,16.0,19,33,319,9,10,High
765,Theft,East,Morning,Wednesday,Cloudy,High,Yes,17.0,12,20,13,7,5,High
766,Accident,North,Afternoon,Wednesday,Sunny,High,No,6.0,8,8,475,5,7,High
767,Medical,East,Morning,Sunday,Rainy,Medium,No,9.0,27,12,155,5,8,High
768,Assault,Central,Afternoon,Sunday,Rainy,Low,Yes,21.0,29,4,485,7,12,High
769,Assault,East,Morning,Wednesday,Sunny,Medium,No,19.0,23,33,243,4,7,Medium
770,Fire,Central,Afternoon,Wednesday,Cloudy,Low,No,20.0,5,27,225,4,14,High
771,Medical,East,Evening,Friday,Sunny,High,Yes,16.0,18,29,174,6,7,High
772,Assault,South,Night,Monday,Cloudy,Medium,Yes,21.0,25,29,79,3,10,Medium
773,Theft,South,Morning,Saturday,Cloudy,Low,Yes,21.0,19,23,56,8,10,High
774,Assault,East,Afternoon,Tuesday,Rainy,High,Yes,8.0,11,8,251,10,0,High
775,Accident,West,Night,Tuesday,Sunny,Low,No,19.0,5,14,30,8,11,High
776,Fire,East,Night,Sunday,Cloudy,High,No,15.0,11,12,381,8,2,High
777,Medical,West,Evening,Tuesday,Sunny,Low,No,12.0,23,16,310,3,18,High
778,Medical,East,Night,Thursday,Rainy,High,Yes,22.0,30,19,423,2,12,High
779,Assault,Central,Afternoon,Thursday,Sunny,Low,No,17.0,16,23,148,2,20,High
780,Assault,North,Afternoon,Sunday,Sunny,Medium,No,25.0,23,10,197,8,5,High
781,Accident,North,Morning,Friday,Rainy,Medium,No,18.0,18,11,358,2,6,Medium
782,Theft,North,Night,Thursday,Rainy,High,No,19.0,6,33,130,3,6,Medium
783,Fire,East,Night,Thursday,Rainy,Low,Yes,3.0,13,11,204,4,1,Medium
784,Assault,East,Afternoon,Tuesday,Sunny,High,Yes,25.0,19,12,337,9,7,High
785,Fire,North,Morning,Saturday,Rainy,Low,No,20.0,28,29,151,3,3,Medium
786,Assault,North,Morning,Thursday,Cloudy,Medium,No,25.0,6,17,92,6,6,High
787,Fire,South,Evening,Tuesday,Sunny,Low,Yes,4.0,29,28,307,1,0,Low
788,Fire,North,Afternoon,Saturday,Sunny,Low,No,13.0,11,8,15,7,0,Medium
789,Medical,South,Night,Thursday,Sunny,Low,Yes,13.0,22,16,56,9,10,High
790,Accident,North,Night,Tuesday,Rainy,Low,Yes,8.0,5,29,183,2,10,Medium
791,Fire,West,Evening,Sunday,Cloudy,Medium,Yes,14.0,6,8,333,5,19,High
792,Medical,East,Night,Saturday,Cloudy,Low,No,8.0,13,10,406,9,18,High
793,Accident,North,Night,Thursday,Cloudy,High,Yes,24.0,20,8,326,3,10,High
794,Accident,South,Night,Sunday,,,Yes,,5,11,301,9,0,High
795,Fire,West,Afternoon,Saturday,Sunny,Low,No,18.0,14,16,71,1,11,Medium
796,Medical,West,Evening,Sunday,Sunny,Low,No,13.0,25,6,69,6,8,High
797,Fire,Central,Night,Friday,Rainy,Low,No,20.0,6,19,125,6,6,High
798,Fire,South,Afternoon,Monday,Sunny,High,Yes,5.0,11,7,34,1,15,High
799,Accident,South,Afternoon,Tuesday,Rainy,Low,Yes,16.0,28,33,260,4,2,Medium
800,Accident,West,Morning,Wednesday,Rainy,Medium,Yes,17.0,25,16,147,5,18,High
801,Fire,West,Morning,Sunday,Rainy,Medium,Yes,19.0,24,31,226,8,13,High
802,Accident,West,Night,Wednesday,Rainy,Medium,No,7.0,22,15,305,5,17,High
803,Assault,South,Afternoon,Tuesday,Sunny,Low,No,5.0,15,12,311,9,15,High
804,Assault,West,Evening,Saturday,Cloudy,Low,No,15.0,28,27,208,8,13,High
805,Fire,West,Evening,Sunday,Cloudy,Medium,No,15.0,23,14,472,1,3,Medium
806,Fire,South,Night,Monday,Rainy,High,Yes,23.0,17,31,357,6,1,Medium
807,Accident,South,Afternoon,Monday,,,No,,26,13,134,3,19,High
808,Assault,South,Night,Wednesday,Cloudy,Medium,No,5.0,21,16,362,7,18,High
809,Fire,East,Afternoon,Saturday,Rainy,High,No,5.0,8,26,158,10,13,High
810,Assault,Central,Night,Saturday,Rainy,High,No,3.0,8,8,87,1,15,High
811,Fire,West,Afternoon,Friday,Sunny,Medium,Yes,8.0,27,12,91,3,11,High
812,Accident,West,Night,Saturday,Cloudy,Low,Yes,8.0,30,16,103,3,1,Low
813,Theft,East,Morning,Friday,Sunny,Medium,No,15.0,8,21,151,2,2,Low
814,Medical,North,Morning,Tuesday,Cloudy,Low,No,11.0,29,4,5,2,1,Low
815,Medical,West,Evening,Wednesday,Cloudy,Medium,No,18.0,20,25,267,10,8,High
816,Medical,North,Evening,Sunday,Rainy,Low,Yes,24.0,17,28,482,4,11,High
817,Medical,East,Afternoon,Wednesday,Rainy,High,No,7.0,5,11,446,8,12,High
818,Theft,East,Morning,Sunday,Cloudy,Medium,No,3.0,25,24,212,9,6,High
819,Accident,West,Night,Saturday,Cloudy,Low,No,15.0,28,9,311,4,15,High
820,Fire,West,Morning,Wednesday,Cloudy,High,No,25.0,9,6,311,5,6,High
821,Fire,South,Afternoon,Sunday,Cloudy,High,Yes,6.0,20,19,459,3,14,High
822,Accident,South,Evening,Saturday,Rainy,High,Yes,8.0,15,28,223,2,0,Low
823,Theft,East,Afternoon,Friday,Cloudy,Low,No,23.0,28,35,473,3,17,High
824,Fire,South,Evening,Monday,Rainy,Low,Yes,23.0,25,31,467,7,12,High
825,Medical,East,Afternoon,Sunday,Rainy,Medium,Yes,9.0,28,11,175,2,18,High
826,Assault,East,Evening,Sunday,Cloudy,Low,Yes,20.0,11,28,32,5,18,High
827,Fire,East,Afternoon,Thursday,Cloudy,Medium,Yes,20.0,19,24,203,2,0,Low
828,Medical,East,Evening,Friday,Cloudy,Low,No,24.0,30,6,146,10,4,High
829,Assault,North,Evening,Tuesday,Cloudy,Low,Yes,9.0,20,22,245,10,20,High
830,Accident,South,Morning,Friday,Rainy,Medium,No,18.0,28,29,473,1,5,Medium
831,Accident,South,Night,Monday,Sunny,Medium,Yes,15.0,7,22,179,8,12,High
832,Assault,West,Evening,Tuesday,Sunny,Low,Yes,8.0,23,12,235,5,20,High
833,Assault,West,Afternoon,Monday,Sunny,Medium,No,6.0,26,13,186,1,18,High
834,Medical,West,Afternoon,Saturday,Cloudy,Medium,Yes,6.0,21,25,484,3,1,Medium
835,Medical,South,Night,Sunday,Cloudy,High,Yes,15.0,20,23,61,1,7,Medium
836,Accident,North,Morning,Monday,Sunny,Low,No,15.0,13,32,443,8,20,High
837,Accident,North,Afternoon,Thursday,Rainy,High,No,21.0,23,34,116,9,0,High
838,Medical,South,Night,Sunday,Cloudy,Low,No,6.0,15,8,293,5,4,High
839,Medical,Central,Morning,Sunday,Sunny,High,Yes,19.0,20,8,419,9,17,High
840,Medical,West,Evening,Monday,Sunny,Low,Yes,25.0,10,4,442,3,19,High
841,Theft,North,Evening,Wednesday,Cloudy,Low,No,11.0,29,6,45,3,17,High
842,Medical,West,Afternoon,Friday,Rainy,High,No,4.0,21,22,128,1,9,Medium
843,Theft,North,Afternoon,Monday,Sunny,Low,No,22.0,22,17,467,9,11,High
844,Medical,East,Evening,Tuesday,Cloudy,High,No,22.0,22,17,491,4,4,Medium
845,Assault,West,Morning,Wednesday,Cloudy,Medium,Yes,11.0,17,14,282,2,8,Medium
846,Fire,East,Afternoon,Thursday,Sunny,Medium,No,23.0,28,21,105,9,2,High
847,Theft,Central,Morning,Saturday,Cloudy,Medium,Yes,10.0,7,21,14,7,19,High
848,Fire,South,Evening,Monday,Sunny,Medium,Yes,14.0,15,21,328,6,2,Medium
849,Medical,West,Morning,Friday,Rainy,High,No,6.0,10,23,488,7,3,High
850,Accident,West,Afternoon,Wednesday,Cloudy,High,No,6.0,6,14,139,9,19,High
851,Fire,South,Night,Friday,Cloudy,Medium,Yes,11.0,5,13,304,8,4,High
852,Assault,South,Night,Wednesday,Rainy,High,No,24.0,24,30,363,6,7,High
853,Accident,North,Evening,Thursday,Rainy,Low,Yes,19.0,27,18,488,5,13,High
854,Theft,East,Night,Sunday,Sunny,Medium,Yes,5.0,10,7,374,2,7,Medium
855,Assault,North,Afternoon,Sunday,Cloudy,Low,No,24.0,26,11,255,8,16,High
856,Medical,West,Afternoon,Saturday,Cloudy,Low,Yes,10.0,28,6,384,9,11,High
857,Assault,West,Night,Tuesday,Rainy,Low,No,19.0,16,7,188,2,4,Low
858,Assault,East,Evening,Tuesday,Sunny,High,No,6.0,14,23,426,4,17,High
859,Assault,Central,Night,Monday,Rainy,Low,No,23.0,21,6,473,4,9,High
860,Fire,West,Evening,Monday,,,No,,5,26,153,6,11,High
861,Theft,West,Morning,Tuesday,Cloudy,Medium,Yes,19.0,9,30,44,4,16,High
862,Fire,Central,Evening,Monday,Rainy,High,No,12.0,16,31,203,8,11,High
863,Fire,North,Afternoon,Wednesday,Sunny,Low,No,16.0,5,26,72,3,11,High
864,Assault,East,Morning,Thursday,Rainy,High,No,4.0,10,16,381,7,10,High
865,Fire,North,Morning,Sunday,Sunny,Low,Yes,19.0,28,28,167,3,12,High
866,Accident,West,Morning,Thursday,Rainy,Medium,No,24.0,12,7,257,6,0,Medium
867,Medical,South,Afternoon,Wednesday,Sunny,Medium,Yes,10.0,24,13,43,8,13,High
868,Medical,Central,Afternoon,Tuesday,Cloudy,High,Yes,25.0,30,10,102,7,15,High
869,Fire,South,Night,Monday,Cloudy,Low,Yes,15.0,6,21,62,4,4,Medium
870,Fire,East,Night,Thursday,Sunny,High,No,19.0,14,18,195,1,13,Medium
871,Accident,West,Afternoon,Wednesday,Sunny,Low,Yes,11.0,16,21,156,1,3,Low
872,Accident,Central,Morning,Thursday,Sunny,Medium,No,9.0,14,34,27,1,10,Medium
873,Medical,South,Evening,Wednesday,Cloudy,Medium,No,6.0,8,4,172,6,9,High
874,Theft,North,Afternoon,Saturday,Cloudy,High,Yes,9.0,23,28,333,4,8,High
875,Theft,North,Evening,Wednesday,Cloudy,Medium,Yes,9.0,11,32,301,1,20,High
876,Assault,Central,Evening,Sunday,Cloudy,Medium,No,4.0,9,16,370,9,4,High
877,Assault,Central,Morning,Tuesday,,,Yes,,7,34,323,8,3,High
878,Assault,West,Morning,Tuesday,Rainy,High,No,4.0,30,16,24,5,18,High
879,Fire,South,Morning,Tuesday,Cloudy,Low,Yes,15.0,24,21,400,9,12,High
880,Accident,South,Evening,Saturday,Rainy,High,Yes,25.0,28,20,234,9,16,High
881,Theft,South,Evening,Tuesday,Rainy,Low,Yes,20.0,12,22,115,3,1,Low
882,Medical,East,Evening,Monday,Cloudy,High,No,3.0,25,26,274,4,3,Medium
883,Theft,East,Afternoon,Saturday,Rainy,Low,No,12.0,15,7,210,3,19,High
884,Accident,Central,Afternoon,Sunday,Rainy,Low,No,6.0,28,28,276,1,18,High
885,Fire,West,Afternoon,Saturday,Cloudy,Medium,No,23.0,30,29,105,5,18,High
886,Assault,South,Afternoon,Tuesday,Cloudy,Medium,Yes,5.0,20,15,462,3,15,High
887,Medical,South,Morning,Tuesday,Sunny,Medium,Yes,8.0,10,29,11,5,9,High
888,Theft,Central,Morning,Thursday,Rainy,Low,Yes,15.0,8,12,466,8,20,High
889,Theft,East,Afternoon,Saturday,Cloudy,Low,Yes,4.0,9,19,391,1,20,High
890,Fire,West,Night,Sunday,Sunny,Medium,No,25.0,7,16,278,2,10,Medium
891,Medical,North,Morning,Sunday,Sunny,Low,No,4.0,22,21,80,8,7,High
892,Theft,South,Night,Thursday,Sunny,Medium,No,7.0,5,18,262,2,13,High
893,Assault,South,Morning,Tuesday,Sunny,Medium,No,24.0,27,11,472,4,12,High
894,Theft,Central,Afternoon,Tuesday,Rainy,High,No,6.0,16,9,316,2,10,High
895,Medical,East,Evening,Monday,Rainy,Medium,No,7.0,26,23,93,10,13,High
896,Accident,South,Night,Thursday,Cloudy,Medium,Yes,3.0,9,13,416,5,2,Medium
897,Accident,South,Afternoon,Sunday,Rainy,Medium,No,11.0,9,9,296,2,13,High
898,Fire,South,Night,Thursday,Cloudy,Medium,No,25.0,18,25,218,8,15,High
899,Medical,Central,Afternoon,Saturday,Sunny,Low,No,15.0,7,30,275,9,7,High
900,Fire,North,Morning,Wednesday,Rainy,Low,No,14.0,22,34,105,1,0,Low
901,Fire,North,Afternoon,Monday,Cloudy,High,Yes,16.0,12,17,74,8,17,High
902,Theft,North,Morning,Thursday,Cloudy,Low,Yes,25.0,18,27,376,7,0,Medium
903,Theft,Central,Night,Tuesday,Sunny,Medium,Yes,5.0,12,8,188,3,4,Medium
904,Assault,North,Evening,Monday,Sunny,Low,Yes,18.0,18,25,358,9,9,High
905,Assault,West,Night,Friday,Cloudy,Medium,No,19.0,10,4,385,10,5,High
906,Fire,South,Night,Friday,Sunny,Low,No,11.0,7,28,217,4,5,Medium
907,Assault,East,Night,Sunday,Rainy,Low,Yes,22.0,7,33,422,3,17,High
908,Theft,North,Evening,Friday,Rainy,Low,Yes,9.0,13,10,332,6,13,High
909,Medical,North,Evening,Tuesday,Cloudy,Low,Yes,6.0,7,17,84,5,17,High
910,Medical,West,Morning,Monday,Rainy,Low,No,21.0,23,6,138,4,2,Medium
911,Accident,West,Evening,Tuesday,Cloudy,High,Yes,15.0,21,16,183,1,9,Medium
912,Theft,Central,Night,Thursday,Cloudy,Low,No,6.0,21,13,209,6,16,High
913,Fire,South,Afternoon,Sunday,Cloudy,Low,No,5.0,25,9,78,3,14,High
914,Medical,West,Morning,Saturday,Cloudy,Medium,Yes,13.0,14,27,403,8,4,High
915,Theft,North,Afternoon,Sunday,Rainy,High,Yes,5.0,9,35,313,4,19,High
916,Fire,North,Evening,Friday,Rainy,Medium,Yes,13.0,10,22,49,8,14,High
917,Assault,South,Morning,Friday,Rainy,Low,No,11.0,20,20,92,2,14,High
918,Assault,East,Evening,Wednesday,Sunny,High,No,22.0,26,12,206,5,13,High
919,Fire,Central,Morning,Tuesday,Sunny,Medium,No,24.0,6,7,231,9,8,High
920,Assault,North,Evening,Thursday,Rainy,High,No,5.0,12,28,292,3,12,High
921,Fire,West,Evening,Monday,Rainy,Medium,No,6.0,17,31,44,2,5,Medium
922,Theft,Central,Afternoon,Thursday,Sunny,High,Yes,6.0,13,33,360,4,15,High
923,Theft,East,Night,Thursday,Sunny,Low,Yes,22.0,29,28,291,6,1,Medium
924,Theft,South,Morning,Wednesday,Rainy,Low,No,11.0,13,15,488,1,13,High
925,Fire,North,Morning,Thursday,Rainy,Medium,Yes,19.0,11,20,447,8,13,High
926,Assault,East,Night,Sunday,Sunny,High,Yes,18.0,20,14,179,4,13,High
927,Accident,North,Afternoon,Thursday,Sunny,Medium,No,22.0,9,24,371,2,18,High
928,Assault,South,Night,Saturday,Cloudy,Low,Yes,11.0,21,4,406,2,13,High
929,Medical,West,Afternoon,Wednesday,Sunny,Low,Yes,16.0,27,14,382,4,6,High
930,Medical,North,Night,Saturday,Rainy,Medium,No,3.0,14,23,417,6,11,High
931,Theft,South,Night,Thursday,Rainy,Low,Yes,16.0,21,25,181,6,17,High
932,Accident,Central,Morning,Monday,Sunny,Low,Yes,12.0,26,31,224,9,12,High
933,Assault,Central,Morning,Saturday,Rainy,Medium,Yes,6.0,20,10,478,10,13,High
934,Fire,West,Morning,Wednesday,Rainy,Medium,No,20.0,17,11,398,4,14,High
935,Accident,East,Evening,Sunday,Rainy,High,Yes,10.0,21,22,482,1,11,High
936,Fire,East,Evening,Wednesday,Sunny,High,No,4.0,5,5,461,1,13,High
937,Theft,Central,Night,Tuesday,Cloudy,Medium,Yes,9.0,24,29,285,4,12,High
938,Fire,North,Afternoon,Friday,Sunny,High,No,19.0,10,31,463,7,10,High
939,Theft,North,Morning,Thursday,Sunny,High,Yes,8.0,15,17,429,5,17,High
940,Theft,South,Night,Saturday,Cloudy,Medium,Yes,5.0,23,28,317,1,17,High
941,Assault,East,Morning,Wednesday,Sunny,Low,Yes,12.0,11,19,335,4,7,High
942,Theft,South,Evening,Wednesday,,,Yes,,19,11,444,10,3,High
943,Assault,North,Night,Monday,Rainy,High,Yes,9.0,17,10,433,8,11,High
944,Fire,South,Evening,Monday,Sunny,High,Yes,15.0,15,32,352,4,13,High
945,Fire,Central,Evening,Monday,Sunny,High,Yes,14.0,20,4,500,2,10,High
946,Fire,East,Morning,Tuesday,Sunny,Medium,Yes,19.0,29,13,12,9,16,High
947,Fire,North,Evening,Saturday,Cloudy,High,No,11.0,13,34,43,4,4,Medium
948,Fire,East,Afternoon,Tuesday,Cloudy,High,No,16.0,21,29,382,8,15,High
949,Fire,West,Night,Thursday,Rainy,High,No,21.0,14,14,53,7,18,High
950,Fire,Central,Evening,Wednesday,Cloudy,Low,No,22.0,17,31,319,6,3,Medium
951,Accident,Central,Evening,Thursday,Sunny,Low,Yes,19.0,13,30,456,3,1,Medium
952,Fire,East,Evening,Tuesday,Rainy,Low,Yes,14.0,12,8,220,6,5,High
953,Assault,Central,Evening,Tuesday,Cloudy,Low,No,25.0,15,17,353,6,0,Medium
954,Medical,East,Morning,Friday,Cloudy,Medium,No,19.0,11,10,309,5,6,High
955,Assault,West,Morning,Wednesday,Rainy,Low,Yes,9.0,11,7,417,6,10,High
956,Fire,Central,Morning,Wednesday,Sunny,High,Yes,13.0,23,28,88,8,19,High
957,Accident,North,Morning,Thursday,,,No,,6,6,146,8,4,High
958,Assault,Central,Morning,Thursday,Rainy,High,No,15.0,7,24,163,5,11,High
959,Theft,South,Morning,Sunday,Sunny,Low,Yes,6.0,16,10,435,8,20,High
960,Fire,East,Morning,Saturday,Sunny,Medium,Yes,10.0,10,9,442,6,13,High
961,Medical,West,Evening,Saturday,Sunny,Low,No,5.0,13,25,25,2,9,Medium
962,Assault,North,Afternoon,Friday,Rainy,High,No,7.0,29,30,65,2,10,Medium
963,Accident,North,Evening,Friday,Sunny,High,Yes,10.0,7,20,165,5,15,High
964,Fire,West,Night,Tuesday,Rainy,Low,No,4.0,11,4,39,2,15,High
965,Accident,West,Afternoon,Sunday,Cloudy,Low,Yes,19.0,21,24,417,4,18,High
966,Assault,South,Morning,Wednesday,Rainy,Low,No,15.0,19,16,470,4,11,High
967,Theft,South,Morning,Thursday,Sunny,Medium,Yes,7.0,19,10,332,10,3,High
968,Theft,Central,Morning,Wednesday,Rainy,Low,Yes,17.0,16,20,339,8,16,High
969,Assault,East,Evening,Monday,Sunny,High,No,19.0,15,7,258,7,13,High
970,Medical,East,Night,Friday,Rainy,Low,Yes,9.0,17,15,100,7,9,High
971,Theft,Central,Evening,Tuesday,Sunny,High,Yes,10.0,8,7,491,4,3,Medium
972,Assault,West,Morning,Tuesday,Cloudy,High,No,25.0,27,29,116,5,19,High
973,Medical,East,Morning,Monday,Sunny,High,No,9.0,16,22,106,8,5,High
974,Fire,South,Evening,Thursday,Sunny,Low,No,8.0,15,8,437,5,7,High
975,Fire,North,Evening,Thursday,Cloudy,Low,No,8.0,13,8,172,7,0,Medium
976,Fire,Central,Afternoon,Sunday,Sunny,Low,Yes,4.0,5,22,242,4,3,Medium
977,Medical,East,Night,Wednesday,Rainy,Medium,Yes,17.0,20,26,412,5,10,High
978,Theft,East,Morning,Tuesday,Rainy,Low,Yes,19.0,29,34,155,6,10,High
979,Accident,South,Morning,Tuesday,Rainy,High,Yes,10.0,23,31,255,6,0,Medium
980,Medical,South,Evening,Saturday,Rainy,Medium,No,24.0,22,32,450,5,20,High
981,Medical,Central,Evening,Sunday,Cloudy,Low,No,12.0,11,6,214,10,8,High
982,Assault,South,Night,Saturday,Sunny,High,No,12.0,8,4,291,8,11,High
983,Theft,East,Morning,Thursday,Sunny,Low,No,12.0,20,22,286,10,5,High
984,Assault,East,Morning,Monday,Rainy,Low,No,18.0,14,4,64,10,1,High
985,Theft,East,Afternoon,Saturday,Sunny,Medium,Yes,24.0,29,13,403,5,16,High
986,Assault,West,Night,Monday,Rainy,Medium,No,18.0,16,19,113,5,1,Medium
987,Fire,East,Afternoon,Thursday,Cloudy,Low,No,24.0,15,12,289,3,13,High
988,Medical,South,Night,Sunday,Rainy,Low,Yes,21.0,25,33,44,5,9,High
989,Assault,East,Night,Thursday,Rainy,Medium,No,19.0,26,26,227,9,10,High
990,Theft,South,Evening,Sunday,Sunny,High,No,3.0,29,30,468,1,17,High
991,Assault,South,Night,Saturday,Sunny,Medium,No,21.0,14,7,318,3,17,High
992,Accident,Central,Morning,Sunday,Rainy,High,No,11.0,25,10,44,1,1,Low
993,Fire,Central,Afternoon,Friday,Cloudy,Medium,Yes,6.0,28,7,443,6,1,High
994,Theft,West,Afternoon,Monday,Sunny,Low,Yes,7.0,14,23,459,4,20,High
995,Fire,North,Night,Monday,Cloudy,Medium,No,19.0,8,19,451,10,3,High
996,Fire,South,Evening,Sunday,Cloudy,High,No,12.0,17,34,475,1,3,Medium
997,Fire,South,Afternoon,Tuesday,Cloudy,High,Yes,7.0,25,5,64,10,13,High
998,Medical,West,Evening,Saturday,Rainy,Medium,No,12.0,26,10,246,8,9,High
999,Accident,West,Morning,Friday,Rainy,Low,No,16.0,9,5,238,2,13,High
1000,Theft,East,Afternoon,Thursday,Cloudy,Medium,No,24.0,24,32,331,1,20,High
1001,Accident,Central,Night,Friday,Sunny,Low,Yes,19.0,21,17,82,1,11,Medium
1002,Accident,East,Night,Monday,Cloudy,Medium,No,13.0,19,12,336,6,18,High
1003,Fire,East,Evening,Friday,Cloudy,Medium,Yes,21.0,27,20,311,8,5,High
1004,Assault,West,Evening,Sunday,Sunny,High,Yes,10.0,8,10,16,1,5,Low
1005,Theft,North,Evening,Monday,Sunny,High,Yes,15.0,29,30,461,2,5,Medium
1006,Fire,East,Morning,Saturday,Rainy,Medium,Yes,22.0,25,5,391,8,11,High
1007,Assault,East,Afternoon,Tuesday,Cloudy,Low,No,9.0,13,35,285,10,6,High
1008,Theft,South,Morning,Sunday,Sunny,Low,No,5.0,23,5,415,9,6,High
1009,Medical,West,Afternoon,Sunday,Sunny,High,No,5.0,15,15,291,7,17,High
1010,Theft,West,Night,Saturday,Rainy,Low,Yes,22.0,22,12,181,9,11,High
1011,Assault,South,Morning,Friday,Cloudy,Medium,Yes,12.0,8,11,401,3,16,High
1012,Theft,South,Evening,Monday,Cloudy,High,Yes,11.0,17,26,421,4,9,High
1013,Medical,North,Morning,Friday,Rainy,Medium,Yes,19.0,14,29,478,9,19,High
1014,Theft,South,Afternoon,Friday,Cloudy,Medium,Yes,11.0,11,25,174,1,13,Medium
1015,Accident,North,Night,Friday,Cloudy,High,Yes,21.0,24,6,253,4,2,Medium
1016,Theft,North,Night,Friday,Sunny,High,No,11.0,28,6,246,9,4,High
1017,Theft,South,Night,Saturday,Cloudy,High,Yes,10.0,5,7,245,7,9,High
1018,Fire,West,Night,Friday,Sunny,Low,No,15.0,29,28,247,9,1,High
1019,Accident,West,Morning,Tuesday,Sunny,Low,Yes,14.0,16,16,460,2,19,High
1020,Fire,North,Morning,Monday,Sunny,Medium,Yes,21.0,6,4,212,4,17,High
1021,Accident,South,Night,Thursday,Cloudy,Low,Yes,14.0,24,19,23,5,10,High
1022,Fire,West,Evening,Wednesday,Cloudy,Medium,Yes,9.0,20,26,129,2,17,High
1023,Theft,East,Night,Saturday,Cloudy,Medium,No,13.0,27,10,458,9,8,High
1024,Medical,South,Morning,Wednesday,Cloudy,Low,Yes,19.0,12,23,105,2,4,Low
1025,Theft,North,Night,Sunday,Sunny,Medium,No,23.0,29,33,358,4,14,High
1026,Medical,West,Night,Monday,Rainy,Medium,No,5.0,6,21,197,10,9,High
1027,Medical,North,Evening,Monday,Cloudy,Medium,Yes,15.0,10,31,115,1,6,Low
1028,Theft,East,Night,Sunday,Rainy,High,Yes,11.0,30,17,387,10,10,High
1029,Assault,Central,Evening,Tuesday,Rainy,Medium,Yes,24.0,14,33,284,2,12,High
1030,Theft,South,Evening,Wednesday,Cloudy,Medium,Yes,11.0,30,21,465,3,0,Medium
1031,Medical,North,Morning,Wednesday,Cloudy,High,No,11.0,26,20,141,10,11,High
1032,Assault,North,Night,Monday,Rainy,Medium,Yes,17.0,19,5,434,5,5,High
1033,Theft,West,Afternoon,Wednesday,Rainy,Medium,No,5.0,13,24,30,7,18,High
1034,Fire,North,Morning,Tuesday,Cloudy,High,No,8.0,9,7,117,3,20,High
1035,Theft,East,Evening,Monday,Cloudy,Medium,Yes,20.0,27,18,163,10,1,High
1036,Theft,Central,Morning,Tuesday,Sunny,Medium,No,6.0,7,32,121,10,11,High
1037,Theft,East,Evening,Wednesday,Rainy,High,No,16.0,14,13,37,7,20,High
1038,Accident,North,Evening,Tuesday,Cloudy,Low,Yes,22.0,5,14,483,8,9,High
1039,Fire,West,Morning,Saturday,Cloudy,Low,No,19.0,27,26,109,10,10,High
1040,Medical,North,Morning,Friday,Rainy,High,No,10.0,23,30,490,2,2,Medium
1041,Accident,South,Evening,Tuesday,Rainy,Medium,Yes,21.0,14,19,138,6,6,High
1042,Medical,Central,Morning,Wednesday,Cloudy,Medium,Yes,14.0,7,26,228,4,13,High
1043,Medical,South,Night,Saturday,Cloudy,High,Yes,10.0,23,12,403,8,13,High
1044,Theft,West,Night,Friday,Sunny,High,No,13.0,15,11,134,10,9,High
1045,Theft,West,Evening,Sunday,Cloudy,High,No,17.0,5,14,461,4,5,Medium
1046,Theft,South,Night,Thursday,Rainy,Low,No,16.0,5,14,65,2,1,Low
1047,Medical,Central,Morning,Saturday,Sunny,Low,No,6.0,15,25,124,9,9,High
1048,Accident,West,Afternoon,Saturday,Sunny,High,Yes,23.0,19,31,467,8,13,High
1049,Assault,West,Evening,Thursday,Sunny,High,No,21.0,23,27,459,3,0,Medium
1050,Medical,Central,Night,Wednesday,Rainy,Medium,No,18.0,15,7,119,2,9,Medium
1051,Assault,Central,Evening,Friday,Cloudy,Medium,Yes,4.0,28,17,489,3,4,Medium
1052,Assault,West,Afternoon,Tuesday,Rainy,Medium,Yes,6.0,14,21,146,6,5,High
1053,Medical,Central,Afternoon,Monday,Cloudy,Low,Yes,7.0,8,17,342,4,8,High
1054,Medical,West,Night,Friday,Sunny,Medium,No,14.0,11,22,251,1,0,Low
1055,Accident,North,Afternoon,Wednesday,Cloudy,High,Yes,17.0,18,35,367,2,3,Medium
1056,Accident,South,Evening,Wednesday,Rainy,High,Yes,10.0,28,8,412,6,2,High
1057,Fire,Central,Morning,Saturday,Cloudy,Low,Yes,16.0,8,24,457,6,1,Medium
1058,Accident,West,Afternoon,Thursday,Sunny,High,No,10.0,26,16,301,3,12,High
1059,Theft,West,Morning,Thursday,Cloudy,High,Yes,23.0,7,17,68,5,6,Medium
1060,Medical,South,Evening,Thursday,Cloudy,High,Yes,25.0,13,28,20,3,13,High
1061,Assault,West,Evening,Friday,Rainy,Medium,Yes,12.0,26,35,431,5,7,High
1062,Fire,West,Morning,Tuesday,Rainy,Medium,Yes,16.0,19,24,58,4,9,Medium
1063,Assault,Central,Night,Saturday,Sunny,Low,No,25.0,9,34,357,6,12,High
1064,Accident,East,Night,Thursday,Rainy,Medium,No,16.0,6,24,260,5,6,High
1065,Accident,North,Evening,Thursday,Rainy,Low,Yes,11.0,20,18,468,5,1,Medium
1066,Fire,Central,Morning,Saturday,Sunny,Medium,Yes,6.0,24,25,106,9,20,High
1067,Medical,South,Evening,Friday,Sunny,Low,No,20.0,7,7,468,6,11,High
1068,Fire,Central,Afternoon,Monday,Sunny,Low,Yes,14.0,15,30,149,4,5,Medium
1069,Accident,North,Afternoon,Saturday,Cloudy,Low,Yes,4.0,10,22,204,9,15,High
1070,Fire,East,Morning,Monday,Sunny,High,No,15.0,25,29,384,5,3,Medium
1071,Medical,West,Afternoon,Sunday,Cloudy,Medium,No,22.0,9,10,8,1,17,High
1072,Fire,North,Evening,Saturday,Cloudy,Medium,No,12.0,13,33,263,7,0,Medium
1073,Assault,East,Afternoon,Thursday,Sunny,Medium,No,10.0,18,21,220,5,2,Medium
1074,Fire,Central,Morning,Thursday,Sunny,Medium,No,25.0,8,32,391,6,17,High
1075,Fire,North,Morning,Friday,Sunny,Low,No,23.0,14,25,289,8,3,High
1076,Medical,Central,Afternoon,Monday,Rainy,Medium,No,7.0,17,34,128,10,2,High
1077,Medical,Central,Night,Sunday,Sunny,Medium,Yes,7.0,6,24,380,5,10,High
1078,Fire,East,Night,Saturday,Rainy,High,Yes,20.0,20,24,407,9,15,High
1079,Fire,Central,Morning,Tuesday,Sunny,Medium,Yes,15.0,9,4,218,2,2,Low
1080,Fire,Central,Night,Thursday,Sunny,Medium,Yes,18.0,10,35,454,1,13,High
1081,Medical,South,Afternoon,Wednesday,Cloudy,High,Yes,19.0,15,27,151,7,8,High
1082,Assault,West,Afternoon,Wednesday,Cloudy,High,Yes,19.0,24,20,488,10,11,High
1083,Fire,South,Night,Monday,Sunny,Medium,Yes,3.0,15,30,269,3,15,High
1084,Theft,North,Night,Friday,Sunny,Low,No,20.0,19,25,356,4,3,Medium
1085,Fire,East,Evening,Sunday,Rainy,High,No,14.0,25,4,453,9,7,High
1086,Theft,Central,Afternoon,Monday,Cloudy,Low,No,11.0,22,16,320,6,12,High
1087,Accident,Central,Evening,Sunday,Cloudy,High,No,6.0,9,28,135,3,18,High
1088,Medical,South,Afternoon,Tuesday,Rainy,Low,No,10.0,11,9,87,4,0,Low
1089,Assault,West,Evening,Wednesday,Cloudy,Low,Yes,7.0,21,32,459,2,1,Medium
1090,Accident,East,Evening,Friday,Sunny,High,Yes,15.0,27,34,202,9,12,High
1091,Assault,Central,Night,Thursday,Cloudy,Medium,Yes,11.0,27,13,485,3,20,High
1092,Theft,East,Night,Sunday,Cloudy,Medium,No,23.0,16,15,461,9,13,High
1093,Fire,North,Afternoon,Thursday,Rainy,High,Yes,9.0,17,27,316,4,17,High
1094,Accident,Central,Morning,Friday,Rainy,Low,No,13.0,8,27,301,1,9,Medium
1095,Accident,North,Morning,Sunday,,,No,,27,20,204,8,1,High
1096,Theft,East,Morning,Friday,Cloudy,Low,Yes,23.0,29,10,89,8,15,High
1097,Theft,East,Morning,Sunday,Cloudy,Medium,Yes,6.0,6,32,43,3,13,High
1098,Fire,Central,Evening,Friday,Sunny,High,No,13.0,26,24,378,10,0,High
1099,Accident,North,Afternoon,Thursday,Sunny,Medium,Yes,5.0,11,13,429,7,1,High
1100,Accident,East,Evening,Monday,Rainy,Medium,Yes,23.0,28,4,210,9,5,High
1101,Fire,North,Afternoon,Wednesday,Cloudy,High,Yes,5.0,8,9,477,10,14,High
1102,Assault,North,Afternoon,Wednesday,Cloudy,High,Yes,9.0,25,27,404,3,0,Medium
1103,Fire,East,Afternoon,Friday,Rainy,Medium,Yes,15.0,27,22,159,3,1,Low
1104,Assault,East,Morning,Thursday,Rainy,High,No,8.0,14,20,140,4,6,Medium
1105,Theft,Central,Night,Tuesday,Cloudy,High,Yes,19.0,19,14,396,6,20,High
1106,Fire,East,Evening,Monday,Cloudy,Low,No,24.0,30,22,178,7,20,High
1107,Assault,South,Night,Friday,Rainy,Medium,No,4.0,8,15,240,4,8,High
1108,Accident,North,Afternoon,Thursday,Rainy,Medium,No,13.0,27,10,462,10,1,High
1109,Medical,South,Morning,Thursday,Cloudy,Medium,No,12.0,10,33,96,2,11,Medium
1110,Medical,East,Night,Saturday,Rainy,Medium,Yes,11.0,28,27,243,7,7,High
1111,Accident,Central,Night,Friday,Sunny,Low,Yes,6.0,18,31,391,4,16,High
1112,Medical,South,Afternoon,Saturday,Rainy,Low,Yes,25.0,21,16,454,5,19,High
1113,Fire,West,Morning,Saturday,Sunny,Low,Yes,14.0,19,29,406,5,4,High
1114,Assault,North,Afternoon,Tuesday,Cloudy,High,No,8.0,12,17,158,5,2,Medium
1115,Medical,West,Afternoon,Thursday,Cloudy,Medium,No,14.0,8,34,245,1,5,Medium
1116,Fire,West,Evening,Wednesday,Cloudy,High,No,15.0,9,24,391,4,3,Medium
1117,Medical,North,Afternoon,Friday,Sunny,Low,No,5.0,16,35,202,10,17,High
1118,Theft,South,Afternoon,Thursday,Sunny,Low,Yes,3.0,24,29,175,6,16,High
1119,Assault,South,Evening,Wednesday,Rainy,High,No,13.0,17,15,223,5,2,Medium
1120,Medical,North,Night,Sunday,Sunny,Medium,Yes,8.0,10,29,134,1,13,Medium
1121,Medical,Central,Night,Saturday,Rainy,Low,No,8.0,15,12,412,7,0,High
1122,Theft,Central,Night,Friday,Rainy,Medium,No,12.0,18,20,217,7,1,Medium
1123,Assault,Central,Night,Sunday,Cloudy,Low,Yes,6.0,30,15,498,9,11,High
1124,Assault,North,Night,Wednesday,Sunny,Low,No,11.0,11,33,173,1,18,High
1125,Accident,West,Evening,Saturday,Rainy,Low,No,22.0,26,27,188,8,1,High
1126,Accident,East,Morning,Friday,,,Yes,,5,32,151,3,11,High
1127,Medical,North,Afternoon,Saturday,Sunny,High,No,10.0,10,9,379,9,12,High
1128,Medical,Central,Night,Monday,Sunny,Medium,No,14.0,19,19,458,7,8,High
1129,Assault,Central,Morning,Wednesday,Cloudy,High,No,23.0,30,10,76,1,19,High
1130,Theft,West,Morning,Sunday,Sunny,High,No,8.0,28,20,206,7,0,Medium
1131,Theft,East,Night,Tuesday,Rainy,Medium,Yes,20.0,30,19,316,5,16,High
1132,Accident,East,Morning,Thursday,Sunny,Low,No,22.0,17,15,257,5,1,Medium
1133,Theft,South,Afternoon,Monday,Cloudy,Medium,Yes,17.0,24,24,141,3,8,Medium
1134,Medical,West,Evening,Friday,Rainy,Medium,Yes,25.0,24,33,314,2,9,Medium
1135,Assault,West,Afternoon,Friday,Cloudy,Low,No,14.0,19,13,175,6,10,High
1136,Assault,Central,Evening,Monday,Sunny,High,No,24.0,23,9,207,5,1,Medium
1137,Theft,South,Afternoon,Friday,Rainy,High,No,17.0,26,33,150,5,10,High
1138,Fire,West,Afternoon,Thursday,Cloudy,Low,Yes,12.0,22,35,392,7,0,High
1139,Fire,South,Night,Friday,Rainy,Medium,Yes,6.0,23,22,112,7,6,High
1140,Theft,East,Night,Tuesday,Rainy,Medium,No,11.0,15,27,462,7,19,High
1141,Accident,North,Evening,Sunday,Rainy,High,Yes,8.0,10,29,423,5,14,High
1142,Assault,South,Morning,Friday,Sunny,Low,Yes,23.0,18,30,197,2,18,High
1143,Fire,Central,Night,Saturday,Sunny,Medium,Yes,3.0,15,19,293,10,13,High
1144,Fire,West,Evening,Saturday,Sunny,Low,No,15.0,22,16,453,10,20,High
1145,Fire,Central,Night,Thursday,Sunny,High,No,12.0,7,5,166,4,4,Medium
1146,Medical,East,Afternoon,Tuesday,Rainy,High,Yes,17.0,21,11,408,4,5,Medium
1147,Medical,West,Night,Monday,Rainy,Medium,Yes,24.0,26,30,384,1,1,Low
1148,Assault,North,Evening,Sunday,Rainy,High,Yes,25.0,5,32,332,10,17,High
1149,Assault,North,Morning,Tuesday,Rainy,High,Yes,23.0,25,32,205,6,16,High
1150,Fire,West,Afternoon,Wednesday,Sunny,Medium,Yes,24.0,15,13,188,3,13,High
1151,Accident,East,Night,Wednesday,Rainy,High,No,10.0,29,20,461,8,15,High
1152,Fire,Central,Evening,Monday,Sunny,Medium,No,4.0,29,12,141,10,19,High
1153,Assault,West,Evening,Tuesday,Cloudy,High,Yes,21.0,25,23,158,5,5,Medium
1154,Theft,South,Evening,Tuesday,Cloudy,Low,No,15.0,13,18,312,3,9,High
1155,Medical,South,Evening,Saturday,Sunny,High,No,19.0,17,34,370,6,16,High
1156,Medical,West,Afternoon,Thursday,Rainy,Low,Yes,18.0,25,14,192,9,12,High
1157,Accident,Central,Morning,Saturday,Sunny,Medium,No,9.0,12,13,116,6,9,High
1158,Fire,East,Morning,Thursday,Cloudy,Low,No,3.0,28,18,292,8,20,High
1159,Theft,West,Afternoon,Tuesday,Rainy,High,Yes,20.0,22,9,35,9,8,High
1160,Medical,East,Morning,Saturday,Sunny,High,Yes,8.0,6,21,117,4,14,High
1161,Fire,Central,Night,Thursday,Sunny,High,Yes,4.0,11,18,268,3,9,High
1162,Theft,West,Morning,Thursday,Sunny,Low,Yes,5.0,11,34,405,6,20,High
1163,Theft,West,Afternoon,Friday,Cloudy,High,No,21.0,5,31,250,10,9,High
1164,Fire,East,Night,Friday,Rainy,High,No,22.0,13,35,129,1,13,Medium
1165,Medical,Central,Evening,Saturday,Rainy,Low,Yes,10.0,15,21,445,5,17,High
1166,Fire,South,Morning,Sunday,Rainy,High,No,19.0,20,35,4,8,10,High
1167,Fire,North,Afternoon,Tuesday,Rainy,High,No,13.0,25,15,474,2,14,High
1168,Medical,South,Afternoon,Wednesday,Sunny,Low,No,18.0,8,23,393,6,16,High
1169,Accident,Central,Night,Saturday,Cloudy,Medium,No,22.0,26,14,437,3,5,Medium
1170,Fire,East,Evening,Saturday,Rainy,High,No,18.0,14,27,478,4,8,High
1171,Theft,West,Morning,Thursday,Rainy,High,Yes,21.0,17,30,158,8,13,High
1172,Fire,East,Evening,Sunday,Rainy,Low,No,3.0,27,16,393,8,8,High
1173,Fire,Central,Night,Sunday,Rainy,Low,Yes,13.0,22,16,405,7,12,High
1174,Theft,West,Night,Tuesday,Rainy,High,No,18.0,28,34,83,4,10,High
1175,Medical,East,Night,Wednesday,Sunny,Medium,Yes,23.0,15,21,52,1,1,Low
1176,Medical,South,Morning,Thursday,Sunny,Medium,No,7.0,9,23,167,2,13,High
1177,Theft,East,Evening,Sunday,Rainy,High,Yes,25.0,5,12,272,9,9,High
1178,Accident,South,Evening,Wednesday,,,Yes,,19,27,165,3,14,High
1179,Assault,North,Morning,Friday,Rainy,Low,No,16.0,18,29,62,3,20,High
1180,Accident,Central,Evening,Saturday,Sunny,High,Yes,13.0,30,35,492,1,16,High
1181,Medical,North,Night,Friday,Cloudy,Low,Yes,6.0,22,14,48,10,17,High
1182,Accident,North,Afternoon,Saturday,Cloudy,Medium,No,17.0,19,13,419,7,8,High
1183,Theft,Central,Night,Monday,Sunny,Low,No,3.0,17,22,400,9,13,High
1184,Medical,West,Afternoon,Sunday,Cloudy,Medium,Yes,10.0,23,24,78,7,8,High
1185,Theft,North,Morning,Sunday,Sunny,High,No,9.0,14,15,396,4,4,Medium
1186,Fire,East,Afternoon,Thursday,,,Yes,,26,17,168,2,10,Medium
1187,Theft,West,Afternoon,Thursday,Sunny,Medium,No,17.0,8,28,14,6,4,Medium
1188,Theft,South,Morning,Tuesday,Sunny,Low,No,15.0,23,11,102,7,6,High
1189,Theft,Central,Evening,Thursday,Rainy,High,Yes,16.0,11,17,184,10,10,High
1190,Assault,North,Evening,Wednesday,Rainy,Low,No,15.0,30,30,9,8,0,Medium
1191,Assault,North,Evening,Saturday,Cloudy,Medium,Yes,23.0,25,28,118,5,2,Medium
1192,Fire,Central,Afternoon,Tuesday,Cloudy,Medium,Yes,8.0,23,4,434,3,7,High
1193,Medical,West,Afternoon,Thursday,Sunny,Low,Yes,24.0,14,27,306,1,6,Medium
1194,Fire,East,Night,Saturday,Rainy,Medium,No,8.0,5,35,187,3,3,Medium
1195,Theft,South,Night,Monday,Cloudy,Medium,Yes,13.0,5,34,402,1,0,Low
1196,Assault,North,Morning,Thursday,Rainy,Medium,No,14.0,12,9,52,3,0,Low
1197,Assault,West,Evening,Tuesday,Rainy,High,No,23.0,5,23,439,3,19,High
1198,Fire,South,Afternoon,Sunday,Sunny,Low,Yes,18.0,20,16,343,10,3,High
1199,Fire,South,Evening,Tuesday,Cloudy,High,No,12.0,24,10,368,2,12,High
1200,Fire,East,Night,Wednesday,Cloudy,Low,Yes,24.0,23,21,364,6,14,High
1201,Fire,North,Afternoon,Tuesday,Rainy,Medium,Yes,9.0,10,4,324,7,1,High
1202,Assault,South,Night,Friday,Rainy,High,No,14.0,11,29,247,10,15,High
1203,Accident,South,Evening,Wednesday,Rainy,High,No,23.0,29,25,382,2,8,Medium
1204,Accident,West,Morning,Friday,Sunny,Low,Yes,19.0,13,8,343,2,10,Medium
1205,Fire,East,Evening,Thursday,Rainy,High,Yes,6.0,22,22,425,8,3,High
1206,Fire,North,Afternoon,Saturday,Cloudy,Medium,Yes,19.0,11,13,94,9,12,High
1207,Medical,South,Afternoon,Wednesday,Sunny,Low,Yes,19.0,6,27,441,10,16,High
1208,Fire,East,Morning,Thursday,Rainy,Medium,No,20.0,24,31,116,10,4,High
1209,Theft,North,Evening,Saturday,Cloudy,High,No,7.0,28,23,240,8,10,High
1210,Assault,South,Afternoon,Thursday,Sunny,Low,No,22.0,7,7,473,4,19,High
1211,Fire,East,Morning,Tuesday,Rainy,Low,No,15.0,23,16,331,3,13,High
1212,Assault,South,Evening,Sunday,Rainy,Low,Yes,24.0,9,17,372,2,18,High
1213,Fire,West,Evening,Sunday,Sunny,High,No,6.0,29,34,160,9,16,High
1214,Accident,North,Night,Thursday,Cloudy,Low,No,11.0,6,28,37,3,10,Medium
1215,Fire,West,Night,Thursday,Sunny,High,Yes,6.0,7,27,116,5,16,High
1216,Assault,East,Evening,Monday,Sunny,Low,No,11.0,25,25,432,5,8,High
1217,Accident,North,Night,Friday,Cloudy,High,No,10.0,23,31,300,4,15,High
1218,Medical,North,Morning,Monday,,,No,,24,10,266,10,12,High
1219,Assault,Central,Morning,Thursday,Cloudy,High,No,14.0,25,32,368,7,1,High
1220,Theft,East,Night,Sunday,Sunny,High,No,8.0,5,25,111,1,18,High
1221,Assault,North,Evening,Thursday,Cloudy,High,No,14.0,12,21,184,5,11,High
1222,Assault,East,Afternoon,Sunday,Rainy,Low,No,20.0,25,24,108,3,17,High
1223,Theft,North,Night,Wednesday,Cloudy,Medium,Yes,10.0,15,23,316,6,17,High
1224,Accident,West,Evening,Sunday,Sunny,Low,No,25.0,20,26,104,7,8,High
1225,Medical,Central,Afternoon,Thursday,Cloudy,High,Yes,21.0,14,22,58,1,6,Low
1226,Accident,South,Evening,Friday,Rainy,Medium,Yes,25.0,24,29,48,4,2,Low
1227,Accident,South,Night,Sunday,Sunny,Low,Yes,22.0,23,9,54,7,9,High
1228,Fire,South,Night,Saturday,Sunny,Low,Yes,10.0,27,18,14,5,15,High
1229,Assault,Central,Afternoon,Thursday,Sunny,High,No,22.0,20,32,125,5,0,Medium
1230,Accident,West,Evening,Wednesday,Sunny,Medium,No,11.0,27,27,455,10,12,High
1231,Medical,Central,Afternoon,Monday,Cloudy,High,No,13.0,27,19,491,2,4,Medium
1232,Medical,South,Night,Wednesday,Cloudy,Low,No,22.0,12,26,161,9,3,High
1233,Fire,North,Night,Friday,Cloudy,Low,No,21.0,18,8,225,10,15,High
1234,Theft,East,Evening,Saturday,Sunny,High,No,5.0,26,26,445,8,4,High
1235,Accident,Central,Evening,Wednesday,Sunny,High,No,15.0,11,32,361,7,4,High
1236,Theft,Central,Morning,Saturday,Rainy,High,Yes,24.0,23,24,393,3,17,High
1237,Fire,South,Afternoon,Sunday,Sunny,Low,No,19.0,18,14,315,2,2,Low
1238,Assault,West,Night,Tuesday,Rainy,Low,Yes,6.0,17,28,170,2,2,Low
1239,Assault,North,Afternoon,Wednesday,Rainy,Low,Yes,25.0,18,20,182,5,5,Medium
1240,Theft,Central,Evening,Monday,Cloudy,Low,Yes,5.0,15,32,332,6,20,High
1241,Theft,East,Night,Wednesday,Sunny,High,No,3.0,21,4,49,6,5,High
1242,Fire,Central,Afternoon,Wednesday,Sunny,High,Yes,9.0,25,35,490,2,5,Medium
1243,Medical,South,Night,Monday,Cloudy,Low,Yes,8.0,19,15,192,10,18,High
1244,Medical,Central,Afternoon,Monday,Rainy,Low,Yes,6.0,16,15,479,5,9,High
1245,Assault,North,Morning,Wednesday,Sunny,Medium,Yes,17.0,26,28,472,10,10,High
1246,Theft,East,Morning,Thursday,Cloudy,High,Yes,9.0,30,29,492,4,15,High
1247,Medical,South,Evening,Wednesday,Sunny,Medium,Yes,13.0,21,29,47,9,20,High
1248,Assault,North,Night,Monday,Rainy,Low,No,16.0,17,31,484,5,20,High
1249,Accident,North,Morning,Tuesday,Sunny,Medium,Yes,15.0,14,35,248,9,19,High
1250,Accident,West,Afternoon,Wednesday,Cloudy,Low,No,20.0,5,7,379,6,1,Medium
1251,Fire,North,Night,Tuesday,Sunny,High,No,19.0,16,6,269,9,5,High
1252,Theft,West,Afternoon,Saturday,Sunny,Medium,Yes,18.0,11,4,366,2,6,Medium
1253,Accident,West,Morning,Tuesday,Sunny,High,Yes,8.0,17,18,338,4,10,High
1254,Fire,East,Night,Saturday,Sunny,Medium,No,16.0,26,23,343,10,8,High
1255,Assault,North,Night,Tuesday,Cloudy,High,Yes,18.0,13,4,143,7,6,High
1256,Theft,South,Evening,Tuesday,Cloudy,Medium,No,6.0,10,35,327,2,3,Medium
1257,Theft,North,Night,Sunday,Sunny,Low,No,12.0,23,20,275,5,9,High
1258,Theft,North,Afternoon,Monday,Rainy,Low,Yes,4.0,20,34,66,4,16,High
1259,Fire,West,Morning,Saturday,Cloudy,Low,Yes,22.0,16,32,124,2,13,High
1260,Accident,South,Evening,Thursday,Sunny,High,Yes,3.0,9,25,23,6,18,High
1261,Fire,South,Afternoon,Wednesday,Cloudy,High,No,12.0,21,8,195,7,4,High
1262,Medical,South,Afternoon,Friday,Rainy,Low,Yes,5.0,12,22,447,1,14,High
1263,Accident,East,Morning,Tuesday,Sunny,High,Yes,20.0,5,14,210,2,16,High
1264,Medical,North,Afternoon,Sunday,Cloudy,Low,Yes,21.0,6,28,196,1,0,Low
1265,Accident,Central,Night,Thursday,Cloudy,Low,No,21.0,25,28,333,1,15,High
1266,Fire,West,Evening,Tuesday,Sunny,Medium,Yes,23.0,19,34,129,10,11,High
1267,Assault,East,Afternoon,Monday,,,Yes,,28,5,132,7,5,High
1268,Assault,West,Night,Saturday,Rainy,Medium,No,14.0,11,29,65,7,20,High
1269,Fire,Central,Afternoon,Tuesday,Sunny,High,Yes,13.0,26,29,187,8,10,High
1270,Accident,East,Afternoon,Thursday,Sunny,Medium,Yes,14.0,19,30,100,10,19,High
1271,Theft,South,Afternoon,Wednesday,Cloudy,Low,No,12.0,29,30,334,9,14,High
1272,Assault,Central,Afternoon,Wednesday,Cloudy,High,Yes,17.0,5,17,222,9,5,High
1273,Assault,South,Afternoon,Sunday,Rainy,Medium,Yes,7.0,18,24,295,7,6,High
1274,Theft,East,Morning,Wednesday,Rainy,Low,Yes,5.0,5,4,403,2,2,Medium
1275,Medical,West,Night,Wednesday,Cloudy,Low,No,14.0,24,24,158,4,2,Medium
1276,Assault,North,Night,Tuesday,Cloudy,High,No,8.0,9,14,52,5,17,High
1277,Assault,North,Morning,Tuesday,Rainy,Medium,No,6.0,26,13,354,5,7,High
1278,Assault,Central,Afternoon,Thursday,Sunny,Medium,No,21.0,27,27,88,8,0,Medium
1279,Medical,East,Night,Tuesday,Sunny,High,Yes,5.0,10,12,44,6,11,High
1280,Theft,Central,Night,Tuesday,Rainy,Medium,Yes,14.0,24,35,150,6,2,Medium
1281,Fire,North,Afternoon,Saturday,Rainy,Medium,No,3.0,20,24,144,9,16,High
1282,Theft,East,Morning,Tuesday,Cloudy,Low,Yes,11.0,28,33,173,7,1,Medium
1283,Theft,East,Night,Wednesday,Rainy,High,No,18.0,17,28,195,5,6,High
1284,Medical,South,Night,Wednesday,Rainy,Low,No,7.0,16,20,363,7,10,High
1285,Fire,North,Afternoon,Monday,Sunny,Medium,Yes,19.0,8,5,413,2,10,High
1286,Theft,East,Morning,Tuesday,Cloudy,High,No,5.0,7,4,293,3,7,Medium
1287,Fire,South,Morning,Tuesday,Sunny,High,Yes,22.0,8,7,403,6,3,High
1288,Assault,East,Afternoon,Thursday,Sunny,High,No,9.0,6,9,222,1,7,Medium
1289,Assault,South,Morning,Monday,Sunny,Low,No,18.0,14,7,362,10,5,High
1290,Theft,South,Afternoon,Sunday,,,Yes,,11,11,450,3,17,High
1291,Medical,East,Afternoon,Thursday,Rainy,Medium,Yes,12.0,24,30,326,7,18,High
1292,Fire,North,Morning,Monday,Rainy,Medium,Yes,24.0,13,22,4,9,20,High
1293,Theft,North,Evening,Friday,Rainy,High,Yes,5.0,26,32,387,10,13,High
1294,Accident,West,Evening,Sunday,Rainy,Medium,Yes,17.0,16,34,135,10,10,High
1295,Assault,West,Night,Wednesday,Rainy,Medium,No,4.0,27,26,301,4,5,Medium
1296,Fire,East,Night,Sunday,Cloudy,Low,No,15.0,18,5,79,8,4,High
1297,Medical,South,Afternoon,Monday,Sunny,Medium,No,24.0,10,13,8,6,13,High
1298,Assault,South,Evening,Sunday,Cloudy,Medium,Yes,9.0,5,35,139,3,10,High
1299,Fire,West,Morning,Wednesday,Sunny,Low,No,18.0,18,31,250,4,19,High
1300,Fire,West,Night,Monday,Rainy,High,Yes,7.0,12,35,312,8,9,High
1301,Medical,North,Afternoon,Friday,Rainy,Medium,No,24.0,24,31,323,6,9,High
1302,Assault,East,Night,Tuesday,Sunny,Medium,Yes,18.0,7,5,190,3,18,High
1303,Medical,East,Afternoon,Tuesday,Rainy,High,Yes,11.0,22,25,325,6,15,High
1304,Theft,East,Morning,Thursday,Sunny,High,No,10.0,20,34,313,10,7,High
1305,Theft,West,Night,Sunday,Sunny,Medium,Yes,17.0,24,21,271,2,15,High
1306,Theft,East,Evening,Sunday,Cloudy,Medium,Yes,18.0,12,18,435,6,1,Medium
1307,Fire,Central,Morning,Wednesday,Cloudy,Low,Yes,18.0,15,16,490,5,10,High
1308,Assault,North,Evening,Wednesday,Sunny,Low,No,12.0,12,28,410,9,16,High
1309,Theft,East,Night,Sunday,Sunny,Medium,No,23.0,29,30,15,1,20,High
1310,Theft,East,Night,Wednesday,Sunny,High,No,17.0,29,24,81,9,19,High
1311,Theft,North,Evening,Friday,Rainy,Medium,Yes,7.0,15,5,84,5,18,High
1312,Accident,West,Afternoon,Wednesday,Cloudy,Low,No,20.0,5,31,426,6,12,High
1313,Fire,West,Morning,Monday,Sunny,Low,Yes,4.0,21,7,290,6,18,High
1314,Accident,East,Morning,Thursday,Rainy,Low,No,5.0,29,27,84,9,7,High
1315,Fire,Central,Morning,Sunday,Sunny,Medium,Yes,19.0,18,29,280,7,1,Medium
1316,Medical,North,Morning,Saturday,,,No,,12,7,391,2,8,Medium
1317,Medical,East,Evening,Thursday,Cloudy,High,No,10.0,9,12,22,1,7,Medium
1318,Medical,North,Morning,Tuesday,Cloudy,Low,Yes,18.0,5,30,262,1,9,Medium
1319,Medical,East,Afternoon,Thursday,Sunny,Low,Yes,3.0,16,9,299,4,15,High
1320,Fire,South,Evening,Wednesday,Sunny,Medium,No,20.0,16,28,145,10,8,High
1321,Assault,Central,Night,Tuesday,Sunny,Low,Yes,12.0,19,5,62,7,20,High
1322,Fire,Central,Evening,Wednesday,,,Yes,,11,23,412,7,3,High
1323,Accident,North,Afternoon,Sunday,Sunny,Medium,Yes,9.0,21,5,456,10,8,High
1324,Medical,South,Night,Thursday,Cloudy,High,No,13.0,19,29,485,8,12,High
1325,Medical,North,Morning,Wednesday,Sunny,Medium,No,6.0,5,5,40,4,19,High
1326,Accident,South,Afternoon,Thursday,Cloudy,Medium,Yes,8.0,8,7,374,7,18,High
1327,Theft,East,Afternoon,Wednesday,Rainy,Low,Yes,3.0,14,6,214,5,20,High
1328,Theft,South,Night,Sunday,Cloudy,High,No,8.0,5,11,451,1,15,High
1329,Fire,North,Night,Saturday,Rainy,Low,Yes,18.0,7,13,12,5,18,High
1330,Medical,North,Morning,Sunday,Rainy,High,No,16.0,10,4,222,8,14,High
1331,Fire,South,Night,Sunday,Sunny,High,Yes,3.0,26,21,104,8,8,High
1332,Fire,North,Evening,Wednesday,Sunny,High,No,20.0,27,35,428,10,13,High
1333,Accident,Central,Afternoon,Wednesday,Cloudy,High,No,20.0,10,27,421,8,15,High
1334,Accident,East,Afternoon,Sunday,Cloudy,Medium,No,15.0,16,33,90,7,18,High
1335,Fire,East,Evening,Saturday,Rainy,Medium,Yes,5.0,24,20,493,6,13,High
1336,Medical,South,Afternoon,Sunday,Sunny,High,No,23.0,9,25,176,1,16,High
1337,Medical,North,Morning,Wednesday,Cloudy,High,Yes,6.0,21,6,422,2,13,High
1338,Accident,Central,Night,Friday,Cloudy,Medium,Yes,18.0,8,24,351,4,10,High
1339,Fire,West,Afternoon,Sunday,,,Yes,,29,10,180,10,13,High
1340,Accident,South,Night,Wednesday,Sunny,High,Yes,18.0,9,8,410,9,3,High
1341,Fire,South,Morning,Monday,Rainy,Medium,Yes,3.0,14,11,13,4,0,Low
1342,Medical,East,Evening,Thursday,Rainy,Low,No,24.0,17,4,484,7,11,High
1343,Assault,North,Night,Wednesday,Rainy,Low,No,18.0,25,6,318,7,18,High
1344,Assault,Central,Evening,Saturday,Rainy,Low,No,20.0,29,10,441,8,12,High
1345,Medical,North,Morning,Tuesday,Cloudy,High,Yes,5.0,20,20,493,1,15,High
1346,Theft,East,Evening,Friday,Cloudy,Medium,Yes,10.0,24,34,195,8,10,High
1347,Medical,North,Night,Monday,Cloudy,Low,No,3.0,26,12,211,10,3,High
1348,Accident,Central,Morning,Saturday,Cloudy,Medium,Yes,15.0,30,7,357,5,18,High
1349,Assault,North,Afternoon,Sunday,Sunny,Low,No,4.0,14,25,151,8,5,High
1350,Assault,North,Evening,Tuesday,Sunny,Medium,No,15.0,29,15,128,8,0,Medium
1351,Fire,South,Afternoon,Saturday,Cloudy,High,Yes,25.0,8,10,366,4,14,High
1352,Medical,East,Morning,Thursday,Rainy,Low,No,25.0,18,5,255,8,11,High
1353,Accident,East,Night,Thursday,Cloudy,Low,Yes,5.0,7,9,286,7,13,High
1354,Fire,West,Evening,Friday,Rainy,Medium,Yes,5.0,23,15,13,2,5,Medium
1355,Fire,South,Afternoon,Wednesday,Sunny,High,No,6.0,22,6,299,3,13,High
1356,Theft,Central,Evening,Friday,Cloudy,Low,No,19.0,30,4,191,1,1,Low
1357,Fire,West,Night,Thursday,Sunny,Low,Yes,18.0,30,17,164,3,7,Medium
1358,Fire,South,Afternoon,Sunday,Sunny,Medium,Yes,23.0,22,8,284,7,20,High
1359,Accident,South,Evening,Thursday,Sunny,Medium,Yes,23.0,29,30,85,10,7,High
1360,Assault,West,Afternoon,Saturday,Sunny,Medium,No,3.0,11,27,400,6,12,High
1361,Theft,West,Morning,Thursday,Sunny,High,Yes,19.0,14,35,124,3,19,High
1362,Assault,East,Night,Saturday,Rainy,Medium,No,4.0,16,21,396,3,20,High
1363,Medical,Central,Afternoon,Thursday,Rainy,Low,No,19.0,20,28,438,5,15,High
1364,Accident,East,Evening,Sunday,Rainy,High,Yes,22.0,25,8,273,6,16,High
1365,Accident,East,Afternoon,Sunday,Rainy,High,No,10.0,23,16,475,6,10,High
1366,Medical,South,Evening,Tuesday,Cloudy,High,No,16.0,26,16,136,5,19,High
1367,Medical,Central,Afternoon,Monday,Cloudy,High,No,9.0,30,33,284,9,10,High
1368,Assault,East,Afternoon,Thursday,Rainy,High,No,23.0,15,15,106,4,19,High
1369,Medical,North,Evening,Monday,Rainy,High,No,13.0,9,20,236,10,17,High
1370,Medical,Central,Evening,Friday,Cloudy,Medium,Yes,11.0,20,33,35,1,6,Low
1371,Assault,West,Night,Wednesday,Sunny,Low,Yes,23.0,20,10,27,5,13,High
1372,Theft,Central,Evening,Tuesday,Sunny,High,No,4.0,7,21,186,2,1,Low
1373,Accident,Central,Evening,Wednesday,Rainy,Low,Yes,4.0,5,11,21,4,18,High
1374,Medical,East,Afternoon,Tuesday,Sunny,High,No,21.0,29,21,317,4,19,High
1375,Fire,North,Evening,Sunday,Rainy,Low,Yes,9.0,22,5,88,4,12,High
1376,Medical,South,Afternoon,Tuesday,Rainy,Low,Yes,10.0,12,33,433,4,13,High
1377,Assault,South,Afternoon,Monday,Sunny,Medium,No,16.0,23,28,344,4,9,High
1378,Theft,Central,Evening,Tuesday,Cloudy,Medium,No,22.0,29,28,77,8,12,High
1379,Assault,Central,Afternoon,Wednesday,Sunny,High,Yes,3.0,20,28,176,9,10,High
1380,Fire,South,Evening,Wednesday,Rainy,Medium,Yes,8.0,30,29,429,10,12,High
1381,Theft,Central,Afternoon,Saturday,Cloudy,Low,No,15.0,24,34,461,5,7,High
1382,Theft,West,Night,Saturday,Rainy,Medium,Yes,14.0,16,28,200,1,18,High
1383,Accident,West,Afternoon,Tuesday,Sunny,High,Yes,10.0,13,27,131,7,11,High
1384,Theft,South,Morning,Friday,Cloudy,High,Yes,4.0,29,18,196,1,11,Medium
1385,Accident,South,Night,Wednesday,Sunny,Low,No,11.0,19,13,41,5,16,High
1386,Medical,North,Afternoon,Wednesday,Cloudy,Medium,No,5.0,12,9,86,5,16,High
1387,Theft,North,Evening,Sunday,Sunny,High,Yes,9.0,24,8,121,3,0,Low
1388,Fire,North,Evening,Sunday,Sunny,Medium,Yes,8.0,9,15,284,8,11,High
1389,Theft,West,Afternoon,Sunday,Sunny,Low,No,15.0,9,14,259,9,1,High
1390,Fire,North,Afternoon,Tuesday,Cloudy,High,Yes,17.0,12,33,401,10,8,High
1391,Medical,West,Night,Friday,Cloudy,High,No,3.0,14,33,194,2,4,Medium
1392,Accident,Central,Night,Tuesday,Cloudy,Medium,Yes,19.0,16,29,239,9,20,High
1393,Theft,Central,Night,Thursday,Rainy,Medium,No,22.0,16,23,106,1,2,Low
1394,Fire,West,Afternoon,Thursday,Cloudy,High,Yes,9.0,29,5,162,1,15,High
1395,Assault,East,Night,Thursday,Rainy,High,No,7.0,5,18,203,5,7,High
1396,Theft,South,Afternoon,Saturday,Sunny,Medium,No,17.0,9,30,452,6,6,High
1397,Theft,Central,Evening,Wednesday,Cloudy,High,No,15.0,25,31,180,1,14,High
1398,Fire,East,Afternoon,Monday,Sunny,Low,No,5.0,16,25,479,1,15,High
1399,Theft,West,Night,Wednesday,Cloudy,Medium,No,9.0,25,27,13,1,16,High
1400,Assault,West,Night,Sunday,Cloudy,Low,Yes,14.0,6,11,168,10,9,High
1401,Accident,South,Afternoon,Sunday,Sunny,Low,No,13.0,26,32,478,3,12,High
1402,Theft,South,Afternoon,Thursday,Cloudy,Low,No,4.0,6,23,202,5,7,High
1403,Theft,North,Afternoon,Sunday,Sunny,Medium,No,21.0,13,17,219,3,17,High
1404,Theft,North,Night,Sunday,Rainy,High,No,8.0,26,35,113,2,14,High
1405,Accident,Central,Afternoon,Saturday,Cloudy,High,No,21.0,22,25,490,8,8,High
1406,Assault,East,Evening,Friday,Rainy,Medium,No,10.0,5,31,399,10,7,High
1407,Theft,South,Afternoon,Sunday,Sunny,Low,No,12.0,30,20,488,1,18,High
1408,Assault,West,Night,Friday,Rainy,Medium,Yes,25.0,22,27,475,3,3,Medium
1409,Accident,North,Night,Thursday,Rainy,Low,No,18.0,26,8,84,4,19,High
1410,Fire,West,Night,Thursday,Cloudy,Low,No,14.0,8,23,16,8,10,High
1411,Accident,South,Evening,Friday,Rainy,Low,Yes,12.0,12,14,435,7,7,High
1412,Assault,North,Afternoon,Monday,Sunny,Medium,Yes,7.0,22,31,43,2,0,Low
1413,Medical,North,Morning,Tuesday,Rainy,Medium,Yes,14.0,26,26,69,1,9,Medium
1414,Fire,South,Night,Sunday,Rainy,Low,No,4.0,24,4,299,1,2,Low
1415,Fire,North,Night,Friday,Rainy,Low,Yes,19.0,7,22,150,10,19,High
1416,Assault,East,Afternoon,Saturday,Rainy,Medium,No,25.0,14,6,311,8,7,High
1417,Assault,South,Evening,Saturday,Rainy,Low,Yes,23.0,27,29,157,9,9,High
1418,Medical,North,Afternoon,Monday,Rainy,Low,Yes,4.0,7,7,77,8,4,High
1419,Assault,West,Night,Monday,Cloudy,High,No,25.0,15,19,145,2,10,Medium
1420,Fire,West,Afternoon,Wednesday,Sunny,Low,Yes,23.0,6,27,459,4,15,High
1421,Accident,West,Afternoon,Sunday,Rainy,High,No,18.0,19,29,200,5,5,Medium
1422,Fire,East,Night,Monday,Rainy,Medium,Yes,25.0,10,4,491,6,18,High
1423,Accident,South,Afternoon,Thursday,Sunny,Low,No,10.0,21,35,453,1,4,Medium
1424,Theft,West,Afternoon,Tuesday,Sunny,Medium,No,14.0,15,4,410,6,19,High
1425,Assault,North,Night,Saturday,Cloudy,High,No,21.0,24,16,201,9,16,High
1426,Theft,West,Morning,Thursday,Rainy,Medium,Yes,4.0,14,25,387,9,14,High
1427,Accident,North,Afternoon,Saturday,Cloudy,Medium,No,10.0,19,20,428,6,18,High
1428,Assault,South,Night,Monday,Rainy,Low,Yes,10.0,6,18,3,5,16,High
1429,Medical,North,Night,Friday,Sunny,High,No,16.0,5,23,275,5,17,High
1430,Fire,Central,Afternoon,Monday,Cloudy,Medium,Yes,15.0,22,25,438,2,7,Medium
1431,Fire,East,Afternoon,Saturday,Rainy,High,No,18.0,5,10,332,6,7,High
1432,Accident,North,Evening,Wednesday,Cloudy,High,Yes,9.0,28,14,83,7,13,High
1433,Accident,South,Morning,Sunday,Rainy,Medium,Yes,3.0,12,8,80,2,3,Low
1434,Assault,Central,Evening,Sunday,Sunny,Medium,Yes,17.0,21,11,393,9,17,High
1435,Theft,Central,Morning,Monday,Sunny,Low,No,9.0,22,20,91,6,12,High
1436,Theft,East,Night,Sunday,Rainy,Low,No,9.0,20,26,268,3,17,High
1437,Medical,North,Afternoon,Sunday,Cloudy,Medium,No,22.0,25,34,86,4,6,Medium
1438,Theft,West,Afternoon,Monday,Cloudy,Medium,Yes,14.0,11,6,165,7,20,High
1439,Accident,West,Morning,Tuesday,Sunny,High,Yes,16.0,28,4,333,6,10,High
1440,Theft,Central,Morning,Sunday,Cloudy,Medium,Yes,18.0,22,25,70,10,15,High
1441,Theft,East,Afternoon,Saturday,Rainy,Medium,Yes,12.0,6,10,275,5,13,High
1442,Theft,West,Evening,Saturday,Rainy,Medium,Yes,5.0,21,27,175,5,13,High
1443,Fire,Central,Morning,Wednesday,Sunny,Low,No,8.0,27,9,146,1,10,Medium
1444,Medical,North,Afternoon,Monday,Rainy,Medium,Yes,8.0,23,17,163,6,3,Medium
1445,Medical,East,Morning,Thursday,Sunny,Medium,No,25.0,22,23,479,9,18,High
1446,Fire,North,Morning,Friday,Sunny,Low,No,11.0,28,7,337,2,10,High
1447,Accident,South,Afternoon,Monday,Rainy,Low,Yes,15.0,22,10,241,1,11,Medium
1448,Assault,South,Afternoon,Tuesday,Cloudy,High,Yes,23.0,30,5,359,10,3,High
1449,Assault,Central,Afternoon,Monday,Rainy,Low,No,11.0,23,16,3,7,16,High
1450,Assault,Central,Night,Friday,Rainy,Medium,Yes,12.0,16,12,423,4,16,High
1451,Medical,West,Morning,Monday,Rainy,High,Yes,25.0,18,20,439,10,3,High
1452,Fire,South,Morning,Tuesday,Sunny,High,Yes,21.0,10,11,354,5,4,Medium
1453,Theft,Central,Morning,Saturday,Sunny,High,Yes,7.0,11,21,351,2,12,High
1454,Fire,South,Morning,Sunday,Rainy,Medium,No,13.0,11,32,212,1,3,Low
1455,Fire,South,Afternoon,Thursday,Rainy,Low,Yes,24.0,13,32,338,7,16,High
1456,Theft,West,Night,Tuesday,Sunny,Low,No,16.0,6,20,251,8,8,High
1457,Fire,East,Evening,Tuesday,Rainy,Low,No,16.0,8,22,149,9,6,High
1458,Fire,West,Afternoon,Saturday,Rainy,Medium,No,17.0,16,23,34,9,18,High
1459,Theft,South,Night,Thursday,Sunny,High,Yes,10.0,19,12,83,5,15,High
1460,Accident,Central,Evening,Saturday,Rainy,Low,Yes,19.0,13,10,138,2,11,Medium
1461,Fire,Central,Afternoon,Saturday,Rainy,High,Yes,10.0,14,20,491,10,3,High
1462,Medical,East,Morning,Thursday,Sunny,Low,Yes,13.0,29,30,491,3,0,Medium
1463,Medical,South,Night,Saturday,Cloudy,High,No,11.0,27,21,370,5,13,High
1464,Accident,North,Evening,Wednesday,Rainy,Low,No,22.0,11,19,195,2,15,High
1465,Theft,Central,Afternoon,Tuesday,Rainy,Low,Yes,20.0,5,8,117,8,13,High
1466,Fire,South,Afternoon,Tuesday,Rainy,Low,Yes,5.0,8,32,212,8,17,High
1467,Medical,West,Afternoon,Monday,Rainy,Low,Yes,16.0,8,21,6,5,18,High
1468,Theft,West,Evening,Friday,Sunny,High,Yes,22.0,22,19,413,2,8,Medium
1469,Theft,Central,Afternoon,Friday,Rainy,Low,No,16.0,15,10,419,8,6,High
1470,Theft,North,Morning,Saturday,Rainy,Low,Yes,17.0,22,14,479,6,11,High
1471,Fire,South,Evening,Thursday,Sunny,High,No,8.0,11,17,120,3,1,Low
1472,Accident,East,Night,Tuesday,Cloudy,Low,Yes,4.0,8,17,317,4,4,Medium
1473,Medical,South,Night,Monday,Sunny,Low,Yes,8.0,16,6,194,8,0,High
1474,Fire,East,Evening,Thursday,Sunny,High,Yes,6.0,18,18,79,2,13,High
1475,Accident,East,Evening,Friday,Sunny,High,Yes,22.0,30,32,218,8,5,High
1476,Theft,Central,Morning,Sunday,Cloudy,Low,Yes,15.0,29,33,208,4,9,High
1477,Assault,Central,Afternoon,Monday,Cloudy,Low,Yes,6.0,22,34,378,4,17,High
1478,Fire,Central,Morning,Wednesday,Cloudy,High,Yes,19.0,24,8,124,3,1,Low
1479,Theft,West,Night,Sunday,Sunny,Low,Yes,20.0,9,15,134,5,10,High
1480,Assault,Central,Morning,Saturday,Rainy,Medium,Yes,22.0,19,8,266,2,4,Medium
1481,Theft,North,Morning,Monday,Rainy,Low,Yes,3.0,6,4,434,5,10,High
1482,Assault,Central,Evening,Monday,Cloudy,High,Yes,18.0,30,10,353,2,6,Medium
1483,Medical,East,Evening,Wednesday,Sunny,Low,Yes,15.0,26,11,181,3,10,High
1484,Assault,Central,Morning,Tuesday,Sunny,Medium,Yes,20.0,20,22,343,10,18,High
1485,Assault,North,Morning,Friday,Sunny,Low,No,4.0,21,31,195,6,15,High
1486,Accident,Central,Evening,Friday,Sunny,Medium,No,23.0,15,9,194,4,11,High
1487,Medical,South,Evening,Wednesday,Cloudy,Low,No,16.0,9,21,63,10,7,High
1488,Medical,North,Night,Monday,Rainy,Low,Yes,21.0,17,6,421,5,5,High
1489,Theft,Central,Afternoon,Tuesday,,,No,,19,26,309,7,19,High
1490,Medical,Central,Morning,Wednesday,Cloudy,High,No,15.0,13,11,476,1,3,Medium
1491,Assault,South,Morning,Thursday,Rainy,Low,Yes,18.0,12,16,281,3,15,High
1492,Fire,Central,Evening,Thursday,Rainy,Low,Yes,22.0,26,22,73,2,12,Medium
1493,Medical,West,Afternoon,Monday,Rainy,Medium,Yes,25.0,9,27,451,4,13,High
1494,Fire,East,Evening,Sunday,Rainy,Low,Yes,15.0,14,28,448,8,1,High
1495,Medical,South,Evening,Tuesday,Cloudy,Low,Yes,24.0,16,25,404,7,7,High
1496,Accident,Central,Morning,Sunday,Sunny,High,Yes,16.0,30,21,194,8,9,High
1497,Accident,East,Afternoon,Thursday,Cloudy,High,Yes,25.0,21,15,124,6,17,High
1498,Accident,South,Afternoon,Tuesday,Sunny,Medium,Yes,24.0,25,7,20,6,9,High
1499,Assault,South,Afternoon,Sunday,Sunny,Low,Yes,13.0,27,11,132,9,18,High
1500,Medical,North,Afternoon,Tuesday,Cloudy,Low,Yes,17.0,28,11,233,10,16,High
1501,Fire,North,Night,Sunday,Sunny,High,Yes,15.0,25,24,111,8,4,High
1502,Assault,North,Night,Friday,Rainy,High,Yes,19.0,20,24,471,2,19,High
1503,Medical,North,Evening,Sunday,Rainy,Low,Yes,9.0,5,5,467,1,5,Medium
1504,Accident,West,Night,Wednesday,Cloudy,Medium,Yes,10.0,27,28,269,10,0,High
1505,Assault,East,Evening,Tuesday,Sunny,Low,No,22.0,26,17,470,7,0,High
1506,Theft,Central,Evening,Tuesday,Sunny,Medium,No,19.0,25,22,37,10,3,High
1507,Fire,South,Afternoon,Tuesday,Cloudy,High,Yes,21.0,9,30,430,6,0,Medium
1508,Assault,North,Morning,Wednesday,Sunny,High,No,11.0,15,25,123,2,14,High
1509,Accident,North,Evening,Tuesday,Rainy,Medium,No,16.0,28,6,267,3,17,High
1510,Theft,South,Night,Sunday,Sunny,Low,Yes,19.0,27,10,495,7,1,High
1511,Medical,North,Morning,Thursday,Sunny,High,No,14.0,17,29,267,1,6,Medium
1512,Accident,East,Evening,Monday,Rainy,High,Yes,6.0,10,17,165,2,6,Medium
1513,Assault,Central,Afternoon,Friday,Sunny,High,No,18.0,25,35,293,7,3,High
1514,Medical,North,Night,Sunday,Sunny,Medium,No,6.0,12,23,384,5,1,Medium
1515,Theft,South,Afternoon,Saturday,Rainy,High,Yes,19.0,9,30,245,4,17,High
1516,Medical,North,Evening,Friday,,,Yes,,27,5,53,1,11,Medium
1517,Accident,Central,Afternoon,Thursday,Cloudy,High,No,8.0,5,32,147,5,18,High
1518,Theft,Central,Evening,Tuesday,Cloudy,Medium,No,24.0,14,33,294,10,12,High
1519,Accident,North,Evening,Friday,Cloudy,Low,Yes,13.0,23,10,128,10,4,High
1520,Assault,West,Morning,Thursday,Cloudy,High,Yes,10.0,14,13,56,4,5,Medium
1521,Assault,West,Morning,Saturday,,,Yes,,25,11,243,9,4,High
1522,Accident,Central,Evening,Saturday,Sunny,High,Yes,19.0,24,18,288,5,7,High
1523,Assault,North,Afternoon,Saturday,Cloudy,High,No,12.0,5,26,388,9,0,High
1524,Medical,South,Night,Saturday,Rainy,Low,No,7.0,17,26,16,6,17,High
1525,Fire,North,Night,Sunday,Rainy,Low,Yes,16.0,25,8,194,10,11,High
1526,Theft,East,Afternoon,Sunday,Rainy,Medium,Yes,13.0,23,25,414,4,16,High
1527,Theft,South,Night,Sunday,Sunny,Low,Yes,19.0,13,6,301,4,9,High
1528,Theft,North,Night,Friday,Sunny,Low,Yes,15.0,17,8,223,9,19,High
1529,Theft,West,Morning,Friday,Cloudy,Medium,Yes,13.0,5,7,417,4,19,High
1530,Theft,West,Night,Sunday,Sunny,High,Yes,5.0,28,24,323,5,19,High
1531,Theft,East,Afternoon,Saturday,Rainy,Medium,Yes,23.0,18,13,487,10,14,High
1532,Fire,North,Night,Tuesday,Cloudy,Medium,No,22.0,14,29,226,8,14,High
1533,Assault,West,Night,Monday,Sunny,High,Yes,14.0,5,9,306,3,4,Medium
1534,Theft,South,Afternoon,Tuesday,Rainy,Low,Yes,19.0,26,20,12,5,12,High
1535,Fire,East,Night,Monday,Rainy,High,Yes,14.0,27,14,489,3,10,High
1536,Theft,Central,Afternoon,Monday,Rainy,Low,Yes,8.0,26,10,6,8,6,High
1537,Assault,West,Evening,Thursday,Sunny,Low,Yes,24.0,15,12,122,7,16,High
1538,Medical,North,Afternoon,Sunday,Cloudy,Medium,Yes,12.0,14,20,39,8,17,High
1539,Theft,West,Evening,Wednesday,Sunny,Low,No,12.0,21,6,443,3,12,High
1540,Medical,North,Afternoon,Thursday,Cloudy,Medium,Yes,6.0,17,34,350,4,8,High
1541,Assault,Central,Afternoon,Monday,Cloudy,Low,No,8.0,25,9,39,3,0,Low
1542,Assault,Central,Night,Tuesday,Rainy,Low,Yes,8.0,23,25,477,9,13,High
1543,Assault,North,Evening,Tuesday,Cloudy,Medium,Yes,8.0,22,24,435,2,16,High
1544,Assault,North,Night,Thursday,Cloudy,Low,No,20.0,28,31,403,8,18,High
1545,Theft,East,Morning,Thursday,Cloudy,Low,Yes,19.0,29,13,121,8,12,High
1546,Fire,North,Night,Saturday,Cloudy,Medium,Yes,23.0,16,24,93,3,7,Medium
1547,Assault,Central,Afternoon,Saturday,Sunny,High,Yes,6.0,26,20,277,6,14,High
1548,Assault,Central,Morning,Friday,Cloudy,High,No,13.0,23,29,293,2,4,Medium
1549,Medical,North,Afternoon,Tuesday,Sunny,Medium,Yes,22.0,22,22,221,4,19,High
1550,Medical,East,Evening,Saturday,Sunny,Medium,No,24.0,22,31,355,10,7,High
1551,Accident,East,Night,Saturday,Cloudy,High,No,23.0,7,9,263,10,17,High
1552,Fire,South,Night,Thursday,Rainy,Medium,Yes,17.0,7,26,356,1,20,High
1553,Accident,West,Morning,Friday,Sunny,High,No,3.0,24,32,394,9,5,High
1554,Medical,Central,Night,Friday,Rainy,High,Yes,18.0,17,13,313,8,17,High
1555,Theft,Central,Evening,Saturday,Cloudy,Low,No,21.0,11,35,164,3,16,High
1556,Accident,North,Evening,Sunday,Rainy,Medium,No,10.0,16,7,350,3,20,High
1557,Fire,East,Afternoon,Sunday,Cloudy,Medium,No,3.0,26,11,292,8,1,High
1558,Medical,West,Afternoon,Tuesday,Rainy,High,No,19.0,17,33,129,5,5,Medium
1559,Assault,South,Afternoon,Friday,Cloudy,Low,No,23.0,9,21,327,3,7,Medium
1560,Fire,Central,Evening,Saturday,Rainy,Low,No,5.0,26,24,85,7,8,High
1561,Fire,East,Evening,Monday,Sunny,High,Yes,8.0,17,18,86,7,18,High
1562,Assault,Central,Evening,Thursday,Cloudy,Medium,Yes,14.0,16,5,364,9,12,High
1563,Fire,North,Afternoon,Wednesday,Cloudy,High,Yes,24.0,14,20,165,10,15,High
1564,Medical,West,Afternoon,Monday,Sunny,High,No,5.0,8,34,423,9,18,High
1565,Fire,West,Evening,Monday,Rainy,Medium,No,4.0,7,27,121,10,8,High
1566,Fire,East,Afternoon,Sunday,Rainy,Medium,Yes,9.0,8,17,168,2,10,Medium
1567,Theft,Central,Evening,Sunday,Sunny,High,Yes,17.0,15,6,409,4,13,High
1568,Fire,West,Night,Friday,Cloudy,Low,No,4.0,29,26,487,5,2,High
1569,Theft,East,Evening,Tuesday,Sunny,High,No,7.0,29,34,31,9,19,High
1570,Assault,North,Evening,Sunday,Cloudy,High,No,13.0,22,31,84,7,4,High
1571,Fire,West,Evening,Friday,Rainy,High,No,11.0,14,14,276,8,14,High
1572,Accident,Central,Evening,Tuesday,,,No,,18,27,324,9,10,High
1573,Accident,North,Afternoon,Sunday,,,Yes,,30,31,467,10,3,High
1574,Medical,South,Morning,Tuesday,Sunny,High,Yes,14.0,25,18,411,3,9,High
1575,Accident,East,Night,Monday,Cloudy,Low,No,5.0,11,4,445,6,10,High
1576,Accident,East,Night,Thursday,Cloudy,High,No,24.0,8,22,378,9,5,High
1577,Accident,West,Afternoon,Saturday,Sunny,Low,No,16.0,19,32,256,3,7,Medium
1578,Theft,Central,Afternoon,Sunday,Sunny,High,Yes,14.0,14,17,379,9,5,High
1579,Theft,East,Morning,Monday,Rainy,High,Yes,7.0,11,13,98,3,2,Medium
1580,Fire,South,Night,Wednesday,Sunny,High,Yes,16.0,13,35,267,2,7,Medium
1581,Fire,South,Evening,Thursday,Rainy,Medium,No,25.0,7,33,207,8,16,High
1582,Assault,South,Morning,Wednesday,Sunny,High,Yes,11.0,20,12,288,6,20,High
1583,Theft,West,Morning,Friday,Sunny,High,No,15.0,26,19,419,9,14,High
1584,Fire,South,Night,Sunday,Cloudy,High,Yes,8.0,7,33,331,2,15,High
1585,Fire,South,Afternoon,Friday,Cloudy,High,Yes,8.0,5,24,336,10,18,High
1586,Accident,Central,Morning,Saturday,Rainy,Low,Yes,6.0,28,31,452,7,5,High
1587,Fire,Central,Afternoon,Wednesday,Cloudy,Medium,No,13.0,25,27,460,4,5,High
1588,Fire,South,Night,Wednesday,Sunny,Low,No,23.0,19,35,63,7,15,High
1589,Medical,North,Afternoon,Thursday,Cloudy,High,No,21.0,30,35,444,5,8,High
1590,Fire,North,Evening,Tuesday,Cloudy,High,No,8.0,19,8,96,1,18,High
1591,Accident,South,Afternoon,Tuesday,Sunny,Low,Yes,6.0,11,35,467,9,15,High
1592,Medical,South,Afternoon,Monday,Sunny,Medium,No,15.0,28,7,407,3,11,High
1593,Accident,South,Evening,Saturday,Cloudy,Medium,Yes,19.0,21,32,416,10,14,High
1594,Fire,North,Evening,Wednesday,Sunny,Medium,Yes,15.0,6,6,327,4,17,High
1595,Theft,East,Afternoon,Tuesday,Cloudy,High,Yes,13.0,8,33,438,10,18,High
1596,Medical,East,Morning,Monday,Rainy,Low,No,23.0,23,14,399,1,4,Low
1597,Theft,Central,Night,Thursday,Sunny,Low,No,9.0,6,16,335,5,16,High
1598,Fire,South,Morning,Tuesday,Sunny,Low,No,7.0,17,7,312,2,3,Medium
1599,Theft,North,Night,Thursday,Sunny,Low,Yes,4.0,8,9,239,7,4,High
1600,Accident,Central,Night,Tuesday,Sunny,High,Yes,4.0,19,12,62,1,19,High
1601,Accident,South,Morning,Saturday,Sunny,Medium,No,9.0,18,28,151,1,18,High
1602,Theft,East,Morning,Sunday,Cloudy,High,No,12.0,10,10,54,9,4,High
1603,Fire,South,Evening,Thursday,Sunny,Low,Yes,3.0,23,24,72,9,10,High
1604,Theft,South,Evening,Tuesday,Cloudy,High,No,15.0,30,8,496,6,11,High
1605,Fire,East,Afternoon,Thursday,Rainy,High,No,10.0,19,11,398,1,3,Low
1606,Fire,North,Evening,Monday,Cloudy,Low,Yes,12.0,29,12,188,9,12,High
1607,Medical,South,Night,Tuesday,Cloudy,Medium,No,16.0,8,27,247,3,1,Low
1608,Theft,West,Night,Sunday,Cloudy,Low,No,22.0,6,32,86,1,19,High
1609,Accident,East,Evening,Sunday,Sunny,High,Yes,12.0,21,10,67,4,4,Medium
1610,Theft,North,Evening,Thursday,Rainy,High,No,4.0,12,7,360,4,9,High
1611,Assault,Central,Evening,Wednesday,Rainy,Medium,Yes,22.0,7,27,217,6,9,High
1612,Assault,West,Morning,Monday,Sunny,High,Yes,6.0,9,20,129,4,15,High
1613,Theft,West,Afternoon,Monday,Rainy,Medium,No,6.0,6,17,409,2,16,High
1614,Medical,North,Morning,Sunday,Cloudy,High,No,16.0,21,6,251,2,5,Medium
1615,Accident,North,Night,Monday,Sunny,High,Yes,21.0,5,10,55,8,4,High
1616,Fire,East,Morning,Monday,,,No,,6,33,232,7,3,High
1617,Fire,North,Morning,Friday,Rainy,Low,No,15.0,10,11,154,8,6,High
1618,Assault,West,Evening,Thursday,Sunny,Low,Yes,24.0,16,32,441,9,16,High
1619,Medical,West,Afternoon,Sunday,Rainy,Medium,No,9.0,26,16,3,9,10,High
1620,Medical,South,Afternoon,Saturday,Rainy,Low,Yes,5.0,16,8,224,7,4,High
1621,Accident,East,Morning,Sunday,Sunny,Low,Yes,16.0,18,10,137,1,12,Medium
1622,Accident,North,Morning,Saturday,Cloudy,Medium,Yes,24.0,19,11,302,8,15,High
1623,Medical,North,Evening,Tuesday,Cloudy,High,Yes,5.0,27,21,394,9,17,High
1624,Medical,East,Night,Thursday,Cloudy,High,No,4.0,13,6,402,6,5,High
1625,Theft,West,Night,Friday,Cloudy,High,No,9.0,19,32,332,4,2,Medium
1626,Assault,East,Morning,Thursday,Rainy,High,No,6.0,9,17,211,2,12,High
1627,Fire,Central,Evening,Friday,Cloudy,Low,No,13.0,18,15,120,4,5,Medium
1628,Theft,South,Night,Monday,Cloudy,Medium,Yes,8.0,18,12,35,1,8,Medium
1629,Accident,North,Morning,Tuesday,Rainy,High,No,4.0,10,5,46,2,13,High
1630,Medical,Central,Evening,Saturday,Cloudy,Low,Yes,5.0,19,5,460,3,3,Medium
1631,Fire,North,Night,Wednesday,Cloudy,High,Yes,11.0,14,12,476,9,12,High
1632,Medical,South,Morning,Sunday,Sunny,Medium,Yes,14.0,19,4,226,10,16,High
1633,Fire,South,Night,Friday,Sunny,Medium,No,18.0,26,9,243,7,10,High
1634,Medical,West,Evening,Sunday,Sunny,High,No,24.0,7,14,392,2,20,High
1635,Medical,West,Morning,Wednesday,Sunny,High,No,7.0,19,29,463,9,16,High
1636,Medical,West,Morning,Wednesday,Rainy,Low,No,11.0,30,9,366,4,3,Medium
1637,Medical,Central,Afternoon,Wednesday,Cloudy,Medium,No,8.0,20,22,329,9,7,High
1638,Fire,East,Morning,Friday,Rainy,High,No,21.0,30,29,399,2,14,High
1639,Medical,West,Morning,Wednesday,Rainy,High,No,20.0,12,20,193,10,12,High
1640,Theft,West,Afternoon,Tuesday,Rainy,High,Yes,3.0,9,25,34,3,14,High
1641,Medical,Central,Afternoon,Wednesday,Cloudy,Medium,Yes,20.0,9,4,141,7,17,High
1642,Assault,South,Night,Friday,Cloudy,Low,No,7.0,13,29,22,10,13,High
1643,Fire,North,Afternoon,Wednesday,Cloudy,High,Yes,5.0,14,8,320,1,2,Low
1644,Assault,West,Morning,Wednesday,Sunny,Low,Yes,6.0,12,17,366,4,13,High
1645,Accident,North,Afternoon,Wednesday,Rainy,Medium,No,19.0,8,29,165,5,17,High
1646,Accident,North,Afternoon,Saturday,Rainy,Medium,Yes,22.0,8,31,135,3,3,Medium
1647,Theft,Central,Afternoon,Saturday,Rainy,High,Yes,5.0,20,34,214,10,12,High
1648,Theft,East,Morning,Thursday,Rainy,Medium,Yes,15.0,19,13,278,9,0,High
1649,Assault,East,Night,Friday,Cloudy,High,Yes,22.0,10,29,430,4,10,High
1650,Medical,West,Evening,Saturday,Sunny,Medium,No,20.0,19,23,203,10,19,High
1651,Theft,Central,Afternoon,Saturday,Cloudy,High,Yes,24.0,6,11,134,10,10,High
1652,Theft,East,Morning,Monday,Rainy,Low,No,14.0,12,28,433,1,15,High
1653,Fire,West,Evening,Tuesday,Rainy,High,Yes,20.0,29,29,117,1,19,High
1654,Medical,North,Night,Thursday,Sunny,Low,Yes,11.0,15,27,264,2,18,High
1655,Accident,Central,Evening,Tuesday,Sunny,Medium,No,21.0,14,12,336,10,20,High
1656,Assault,West,Night,Monday,Rainy,Medium,No,20.0,24,31,350,7,8,High
1657,Assault,West,Evening,Friday,Sunny,High,No,13.0,18,27,8,3,9,Medium
1658,Assault,South,Afternoon,Sunday,Rainy,Medium,No,10.0,11,5,394,5,10,High
1659,Accident,East,Morning,Monday,Rainy,High,No,23.0,10,30,402,7,4,High
1660,Assault,South,Afternoon,Monday,Sunny,Low,No,10.0,6,4,312,10,11,High
1661,Accident,West,Afternoon,Sunday,Rainy,High,Yes,16.0,20,34,494,3,14,High
1662,Theft,North,Evening,Sunday,Cloudy,Medium,No,5.0,10,21,15,7,3,High
1663,Medical,Central,Night,Thursday,Cloudy,Medium,Yes,3.0,8,34,4,1,17,High
1664,Assault,North,Evening,Thursday,Sunny,High,No,8.0,23,26,448,4,2,Medium
1665,Theft,South,Morning,Tuesday,Sunny,Low,No,23.0,30,31,437,5,5,High
1666,Accident,Central,Night,Sunday,Cloudy,Low,No,13.0,12,31,377,4,15,High
1667,Medical,South,Evening,Tuesday,Sunny,High,Yes,8.0,16,20,180,9,20,High
1668,Theft,North,Night,Wednesday,Rainy,High,No,14.0,30,21,167,9,8,High
1669,Fire,North,Morning,Tuesday,Sunny,Low,No,13.0,28,13,334,5,14,High
1670,Medical,North,Night,Thursday,Rainy,Low,Yes,22.0,29,35,395,5,17,High
1671,Assault,South,Morning,Tuesday,Cloudy,High,No,24.0,28,14,331,5,20,High
1672,Medical,North,Morning,Friday,Rainy,Low,Yes,18.0,16,4,420,3,2,Medium
1673,Medical,South,Evening,Saturday,Cloudy,High,Yes,9.0,6,28,169,5,20,High
1674,Theft,North,Morning,Friday,Sunny,High,No,13.0,12,23,320,5,7,High
1675,Assault,East,Afternoon,Wednesday,Rainy,Medium,No,12.0,21,8,243,8,16,High
1676,Medical,East,Morning,Thursday,Cloudy,High,Yes,4.0,22,17,135,5,13,High
1677,Fire,Central,Morning,Tuesday,Cloudy,Medium,No,6.0,5,24,361,8,17,High
1678,Medical,Central,Afternoon,Sunday,Cloudy,High,Yes,22.0,23,31,377,9,12,High
1679,Assault,North,Evening,Sunday,Rainy,High,Yes,21.0,27,12,162,5,15,High
1680,Medical,Central,Night,Saturday,Rainy,Low,No,4.0,30,9,193,5,7,High
1681,Medical,West,Afternoon,Friday,Sunny,Low,Yes,20.0,25,18,464,3,6,Medium
1682,Theft,West,Afternoon,Friday,Sunny,Low,Yes,23.0,26,35,500,3,3,Medium
1683,Theft,North,Morning,Tuesday,Sunny,Low,Yes,8.0,9,11,286,10,6,High
1684,Assault,North,Morning,Monday,Cloudy,High,No,15.0,19,31,33,1,16,High
1685,Fire,East,Night,Sunday,Sunny,Medium,Yes,20.0,7,22,63,7,0,Medium
1686,Theft,Central,Morning,Sunday,Rainy,Medium,No,12.0,15,19,460,4,17,High
1687,Assault,Central,Evening,Sunday,Cloudy,Low,Yes,9.0,15,23,329,9,4,High
1688,Fire,North,Evening,Sunday,Rainy,Medium,No,17.0,29,29,102,1,0,Low
1689,Assault,West,Night,Thursday,Rainy,Low,Yes,13.0,5,6,428,8,2,High
1690,Theft,North,Afternoon,Wednesday,Sunny,Medium,No,15.0,16,23,464,1,20,High
1691,Theft,Central,Morning,Wednesday,Cloudy,Low,No,21.0,13,34,205,2,19,High
1692,Assault,Central,Night,Tuesday,Rainy,High,No,12.0,22,13,281,7,6,High
1693,Assault,Central,Night,Sunday,Cloudy,Low,No,20.0,18,11,271,1,7,Medium
1694,Assault,North,Night,Thursday,Sunny,High,Yes,16.0,10,27,190,1,18,High
1695,Assault,Central,Afternoon,Thursday,Sunny,Medium,Yes,7.0,18,26,12,3,2,Low
1696,Theft,West,Evening,Wednesday,Cloudy,Medium,Yes,21.0,16,12,438,9,0,High
1697,Fire,West,Evening,Thursday,Cloudy,Low,Yes,12.0,27,9,250,8,14,High
1698,Theft,Central,Night,Tuesday,Rainy,Medium,Yes,20.0,9,21,278,2,20,High
1699,Assault,North,Evening,Saturday,Cloudy,Medium,No,18.0,15,8,73,3,19,High
1700,Accident,West,Morning,Wednesday,Rainy,High,Yes,14.0,26,22,54,3,17,High
1701,Assault,North,Morning,Saturday,Sunny,Low,No,7.0,9,27,433,1,18,High
1702,Assault,South,Afternoon,Sunday,Sunny,Medium,No,16.0,13,7,474,4,10,High
1703,Accident,North,Morning,Monday,Rainy,High,Yes,20.0,24,24,258,3,5,Medium
1704,Theft,South,Night,Monday,Rainy,High,No,25.0,19,19,353,3,8,Medium
1705,Medical,North,Morning,Monday,Cloudy,Medium,Yes,4.0,30,26,247,1,2,Low
1706,Accident,South,Night,Monday,Cloudy,Low,No,6.0,26,9,92,10,14,High
1707,Fire,North,Morning,Thursday,Sunny,Medium,No,4.0,23,12,485,4,14,High
1708,Medical,Central,Evening,Friday,Cloudy,Medium,No,11.0,27,9,3,1,15,Medium
1709,Assault,Central,Afternoon,Sunday,Rainy,Medium,Yes,7.0,30,33,416,4,20,High
1710,Assault,North,Afternoon,Thursday,Sunny,Medium,Yes,18.0,29,11,132,10,8,High
1711,Theft,South,Evening,Sunday,Cloudy,High,No,4.0,13,25,462,4,2,Medium
1712,Fire,East,Night,Wednesday,Cloudy,Low,No,5.0,19,22,351,4,5,High
1713,Medical,West,Morning,Saturday,Rainy,Medium,Yes,4.0,17,21,216,3,16,High
1714,Medical,Central,Afternoon,Friday,Rainy,Low,No,25.0,13,23,281,10,7,High
1715,Medical,North,Evening,Wednesday,Sunny,Medium,No,12.0,17,12,196,4,20,High
1716,Medical,East,Evening,Monday,Rainy,Medium,Yes,15.0,16,32,361,5,1,Medium
1717,Medical,East,Evening,Monday,Sunny,Medium,No,3.0,24,6,290,4,5,Medium
1718,Theft,North,Night,Sunday,Cloudy,Medium,Yes,6.0,12,10,342,1,19,High
1719,Assault,West,Morning,Saturday,Cloudy,Low,Yes,7.0,15,22,352,10,0,High
1720,Accident,North,Afternoon,Monday,Sunny,High,Yes,14.0,12,24,208,1,19,High
1721,Theft,South,Night,Sunday,,,Yes,,16,7,225,3,10,High
1722,Accident,Central,Evening,Thursday,Cloudy,High,No,9.0,28,15,57,6,10,High
1723,Assault,South,Afternoon,Thursday,Cloudy,High,Yes,4.0,20,10,225,1,9,Medium
1724,Fire,North,Morning,Monday,Rainy,Medium,Yes,24.0,16,5,363,6,18,High
1725,Theft,East,Evening,Tuesday,Sunny,Low,No,9.0,27,11,396,5,0,Medium
1726,Theft,North,Evening,Saturday,Cloudy,Low,Yes,25.0,29,22,260,1,19,High
1727,Accident,South,Evening,Saturday,Cloudy,Medium,Yes,22.0,10,26,451,6,19,High
1728,Assault,West,Morning,Saturday,Sunny,Medium,No,5.0,6,7,186,1,12,Medium
1729,Assault,East,Morning,Sunday,Cloudy,Low,No,20.0,17,32,31,9,2,High
1730,Medical,East,Evening,Friday,Cloudy,Medium,Yes,25.0,11,16,137,9,4,High
1731,Fire,East,Evening,Monday,Sunny,Low,No,18.0,19,28,2,1,12,Medium
1732,Accident,South,Night,Tuesday,Rainy,Low,No,9.0,17,24,38,1,15,High
1733,Medical,South,Afternoon,Sunday,Sunny,Medium,No,21.0,6,15,131,9,5,High
1734,Assault,North,Evening,Tuesday,Sunny,High,No,4.0,23,6,36,2,0,Low
1735,Theft,West,Night,Thursday,Sunny,Low,Yes,3.0,9,11,130,9,7,High
1736,Accident,Central,Afternoon,Monday,Sunny,High,No,17.0,15,32,459,5,10,High
1737,Assault,South,Morning,Saturday,Sunny,Medium,No,4.0,12,19,86,5,12,High
1738,Assault,North,Afternoon,Monday,Rainy,Low,Yes,5.0,13,33,267,6,5,High
1739,Fire,South,Night,Saturday,Sunny,Low,Yes,10.0,27,4,432,6,5,High
1740,Theft,East,Morning,Thursday,Sunny,Low,No,6.0,21,35,181,2,16,High
1741,Medical,East,Night,Saturday,Rainy,Low,Yes,13.0,22,9,275,4,11,High
1742,Accident,South,Night,Friday,Cloudy,High,Yes,4.0,27,7,285,7,16,High
1743,Fire,Central,Evening,Wednesday,Rainy,Low,Yes,22.0,9,34,281,2,12,High
1744,Theft,South,Afternoon,Friday,Rainy,High,Yes,18.0,10,4,71,9,5,High
1745,Accident,East,Night,Wednesday,Cloudy,Low,Yes,4.0,13,9,70,4,4,Medium
1746,Medical,Central,Afternoon,Saturday,Sunny,High,Yes,5.0,18,27,383,9,3,High
1747,Accident,South,Afternoon,Sunday,Sunny,Low,No,23.0,11,7,66,1,1,Low
1748,Accident,South,Morning,Sunday,Sunny,High,Yes,25.0,8,19,184,8,4,High
1749,Fire,North,Morning,Wednesday,Cloudy,High,Yes,16.0,13,29,172,7,1,Medium
1750,Medical,Central,Afternoon,Tuesday,Sunny,High,Yes,14.0,17,10,234,8,14,High
1751,Assault,East,Night,Sunday,Cloudy,Low,Yes,16.0,26,8,307,3,2,Medium
1752,Accident,South,Evening,Monday,Cloudy,Medium,No,9.0,8,5,384,10,16,High
1753,Theft,West,Night,Monday,Cloudy,Low,No,5.0,30,16,78,3,18,High
1754,Theft,West,Afternoon,Saturday,Rainy,Low,Yes,16.0,17,33,286,7,11,High
1755,Accident,Central,Evening,Sunday,Rainy,Medium,Yes,14.0,16,7,263,10,12,High
1756,Medical,South,Afternoon,Friday,,,Yes,,11,23,495,8,13,High
1757,Fire,South,Afternoon,Thursday,Sunny,Medium,Yes,15.0,10,33,332,5,19,High
1758,Fire,East,Evening,Wednesday,Cloudy,Low,Yes,11.0,11,30,152,2,4,Medium
1759,Medical,Central,Morning,Saturday,Cloudy,Medium,Yes,23.0,6,35,436,9,16,High
1760,Accident,South,Afternoon,Friday,Rainy,Low,Yes,25.0,7,28,371,4,9,High
1761,Accident,Central,Afternoon,Tuesday,Sunny,Medium,Yes,8.0,16,7,485,5,14,High
1762,Medical,West,Night,Monday,Rainy,High,No,5.0,7,27,415,1,7,Medium
1763,Assault,East,Night,Thursday,Cloudy,High,No,15.0,27,21,443,6,14,High
1764,Accident,Central,Night,Sunday,Rainy,Medium,No,14.0,12,31,485,6,6,High
1765,Assault,South,Evening,Tuesday,,,No,,30,8,398,10,16,High
1766,Medical,East,Evening,Friday,Sunny,Medium,Yes,20.0,27,4,190,5,0,Medium
1767,Medical,West,Night,Wednesday,Rainy,Low,Yes,13.0,30,27,306,7,4,High
1768,Accident,Central,Morning,Wednesday,Sunny,Medium,Yes,11.0,9,19,7,4,14,High
1769,Fire,South,Night,Sunday,,,No,,22,16,27,5,8,Medium
1770,Fire,West,Afternoon,Monday,Cloudy,Low,Yes,17.0,23,30,110,5,1,Medium
1771,Fire,South,Morning,Monday,Rainy,High,No,18.0,21,26,331,9,3,High
1772,Fire,East,Evening,Saturday,Sunny,Medium,No,11.0,15,14,470,2,17,High
1773,Theft,West,Afternoon,Saturday,Sunny,High,Yes,24.0,20,7,137,5,20,High
1774,Assault,West,Afternoon,Friday,Rainy,Medium,No,7.0,12,32,211,9,10,High
1775,Accident,North,Morning,Sunday,Cloudy,High,No,17.0,5,11,97,7,6,High
1776,Accident,East,Morning,Monday,Sunny,Low,No,20.0,7,5,417,3,14,High
1777,Accident,West,Afternoon,Monday,Rainy,Low,No,5.0,14,15,374,3,4,Medium
1778,Fire,West,Morning,Thursday,Sunny,Low,Yes,25.0,30,11,496,4,18,High
1779,Fire,Central,Night,Tuesday,Cloudy,Low,Yes,22.0,16,26,102,2,12,Medium
1780,Accident,South,Evening,Friday,Rainy,High,Yes,18.0,30,19,372,10,20,High
1781,Fire,Central,Afternoon,Friday,Cloudy,High,Yes,7.0,25,32,76,4,5,Medium
1782,Accident,South,Afternoon,Tuesday,Rainy,Medium,Yes,18.0,27,18,148,1,11,Medium
1783,Theft,Central,Night,Monday,Cloudy,Low,No,18.0,17,9,180,9,1,High
1784,Fire,West,Morning,Monday,Sunny,Medium,Yes,19.0,30,14,255,10,3,High
1785,Medical,Central,Afternoon,Saturday,Sunny,Medium,No,14.0,25,18,203,3,3,Medium
1786,Accident,West,Evening,Tuesday,Sunny,Low,Yes,15.0,20,16,274,5,8,High
1787,Theft,Central,Evening,Wednesday,Sunny,Medium,Yes,25.0,21,5,73,3,5,Medium
1788,Fire,Central,Evening,Tuesday,Rainy,High,Yes,15.0,6,28,92,3,11,High
1789,Theft,North,Morning,Wednesday,Rainy,High,No,18.0,30,19,125,7,20,High
1790,Fire,Central,Evening,Sunday,Sunny,High,No,3.0,20,24,54,5,7,High
1791,Fire,West,Morning,Friday,Rainy,High,No,10.0,29,28,7,3,2,Low
1792,Theft,East,Evening,Sunday,Rainy,Low,No,24.0,16,28,293,4,15,High
1793,Theft,East,Morning,Thursday,Cloudy,Medium,Yes,5.0,30,15,129,6,18,High
1794,Theft,Central,Morning,Friday,Cloudy,Medium,Yes,13.0,18,21,290,2,10,Medium
1795,Fire,North,Night,Sunday,Sunny,Low,Yes,20.0,20,26,165,10,14,High
1796,Theft,Central,Night,Monday,Sunny,High,Yes,8.0,26,4,87,5,13,High
1797,Assault,Central,Night,Thursday,Cloudy,High,No,9.0,23,19,158,3,2,Medium
1798,Theft,South,Night,Thursday,Rainy,Low,Yes,19.0,20,17,19,7,18,High
1799,Theft,West,Evening,Saturday,Cloudy,High,No,7.0,19,28,395,10,5,High
1800,Medical,East,Afternoon,Monday,Cloudy,Low,No,10.0,25,17,216,9,11,High
1801,Fire,South,Morning,Tuesday,Sunny,Low,Yes,3.0,21,25,159,6,6,High
1802,Assault,West,Evening,Wednesday,Cloudy,High,No,3.0,29,26,36,10,11,High
1803,Fire,West,Night,Thursday,Rainy,Medium,No,25.0,6,4,246,5,0,Medium
1804,Accident,North,Night,Sunday,Sunny,Medium,No,21.0,19,32,206,8,9,High
1805,Theft,West,Afternoon,Wednesday,Rainy,High,Yes,11.0,15,6,354,7,1,High
1806,Accident,Central,Night,Friday,Sunny,Medium,No,21.0,28,28,102,8,1,Medium
1807,Fire,Central,Night,Tuesday,Rainy,Low,Yes,21.0,25,26,57,2,20,High
1808,Accident,North,Afternoon,Friday,Sunny,Medium,No,3.0,10,27,304,6,14,High
1809,Medical,East,Evening,Friday,Rainy,Medium,No,10.0,7,24,219,4,9,High
1810,Accident,East,Afternoon,Wednesday,Cloudy,Medium,Yes,10.0,14,25,337,7,13,High
1811,Medical,South,Evening,Wednesday,Cloudy,Medium,No,15.0,23,19,314,5,3,Medium
1812,Medical,Central,Afternoon,Tuesday,Sunny,Low,No,16.0,13,5,295,4,8,High
1813,Fire,Central,Evening,Monday,Sunny,Low,Yes,22.0,28,34,216,9,4,High
1814,Fire,North,Night,Sunday,Sunny,Medium,No,17.0,9,7,458,1,18,High
1815,Assault,East,Evening,Thursday,Cloudy,Low,Yes,14.0,11,22,461,5,16,High
1816,Medical,West,Evening,Thursday,Sunny,Low,Yes,4.0,14,21,126,1,0,Low
1817,Theft,South,Morning,Tuesday,Cloudy,Medium,No,7.0,28,26,28,10,0,High
1818,Fire,East,Evening,Saturday,Cloudy,Medium,Yes,19.0,27,29,443,7,11,High
1819,Theft,East,Evening,Friday,Rainy,Low,No,5.0,23,17,482,9,13,High
1820,Fire,Central,Evening,Monday,Sunny,Medium,Yes,10.0,7,8,204,6,12,High
1821,Theft,South,Afternoon,Wednesday,Rainy,Medium,Yes,8.0,26,12,425,4,13,High
1822,Accident,South,Night,Saturday,Cloudy,Medium,No,23.0,8,5,209,5,6,Medium
1823,Fire,Central,Evening,Thursday,Cloudy,Low,Yes,4.0,22,24,426,9,0,High
1824,Assault,East,Afternoon,Monday,Rainy,Low,No,17.0,14,8,332,2,15,High
1825,Theft,South,Afternoon,Sunday,Cloudy,High,No,20.0,30,27,80,1,7,Low
1826,Fire,South,Afternoon,Tuesday,Cloudy,Low,Yes,8.0,19,25,201,7,10,High
1827,Medical,North,Afternoon,Tuesday,Sunny,Low,Yes,7.0,15,29,70,1,0,Low
1828,Theft,North,Night,Sunday,Rainy,Medium,Yes,16.0,19,32,102,4,8,Medium
1829,Medical,Central,Evening,Sunday,Rainy,Low,Yes,7.0,29,34,439,8,13,High
1830,Theft,South,Afternoon,Saturday,Cloudy,High,No,14.0,11,7,143,3,20,High
1831,Fire,North,Afternoon,Friday,Rainy,Medium,Yes,3.0,11,21,88,8,7,High
1832,Fire,South,Evening,Monday,Rainy,Low,No,5.0,19,14,415,10,0,High
1833,Theft,West,Night,Wednesday,Rainy,Medium,Yes,24.0,22,33,470,7,8,High
1834,Assault,East,Afternoon,Friday,Rainy,Low,No,8.0,13,7,403,10,19,High
1835,Accident,Central,Morning,Sunday,Cloudy,High,No,5.0,10,13,174,3,16,High
1836,Medical,South,Afternoon,Thursday,Sunny,High,Yes,12.0,27,20,202,7,17,High
1837,Theft,North,Morning,Monday,Cloudy,Medium,Yes,8.0,8,12,294,8,2,High
1838,Medical,North,Morning,Thursday,Sunny,Medium,No,25.0,22,30,357,4,11,High
1839,Accident,North,Evening,Saturday,Rainy,Low,No,10.0,24,13,409,1,20,High
1840,Assault,West,Evening,Tuesday,Sunny,High,No,8.0,10,13,253,2,3,Medium
1841,Fire,North,Night,Tuesday,Rainy,High,No,14.0,14,13,84,3,0,Low
1842,Theft,Central,Afternoon,Tuesday,Rainy,Medium,No,15.0,11,16,303,5,20,High
1843,Medical,Central,Evening,Monday,Rainy,Medium,Yes,12.0,21,35,450,8,0,High
1844,Medical,East,Morning,Friday,Rainy,Low,No,22.0,26,28,6,3,11,Medium
1845,Assault,South,Afternoon,Friday,Cloudy,Medium,No,25.0,10,29,132,8,19,High
1846,Accident,South,Afternoon,Wednesday,Cloudy,Low,Yes,17.0,20,34,138,4,5,Medium
1847,Fire,Central,Afternoon,Monday,Cloudy,Medium,Yes,14.0,22,9,42,7,12,High
1848,Assault,South,Morning,Tuesday,Cloudy,Medium,No,6.0,7,24,304,3,9,High
1849,Fire,West,Afternoon,Sunday,Cloudy,High,No,16.0,12,33,206,10,7,High
1850,Accident,Central,Morning,Saturday,Cloudy,High,No,15.0,7,25,22,3,13,High
1851,Theft,East,Afternoon,Saturday,Sunny,Low,Yes,6.0,12,6,100,2,6,Medium
1852,Accident,East,Morning,Saturday,Rainy,High,Yes,6.0,10,8,436,3,4,Medium
1853,Accident,North,Morning,Sunday,Cloudy,Low,No,20.0,20,29,279,7,13,High
1854,Accident,South,Morning,Monday,Rainy,Low,No,4.0,17,23,285,5,17,High
1855,Medical,East,Night,Saturday,Rainy,Medium,No,18.0,12,24,327,8,16,High
1856,Fire,East,Afternoon,Monday,Cloudy,Low,No,22.0,18,12,397,5,3,Medium
1857,Accident,North,Morning,Wednesday,Sunny,High,No,9.0,10,5,92,3,2,Medium
1858,Medical,Central,Morning,Monday,Rainy,High,No,12.0,28,35,112,9,3,High
1859,Medical,Central,Morning,Saturday,Sunny,High,Yes,21.0,24,21,423,3,13,High
1860,Assault,West,Night,Monday,Cloudy,High,Yes,3.0,6,18,377,2,17,High
1861,Medical,East,Afternoon,Friday,Rainy,Low,Yes,14.0,11,14,32,1,0,Low
1862,Accident,South,Afternoon,Friday,Cloudy,Low,No,4.0,15,15,165,1,20,High
1863,Medical,Central,Morning,Monday,Rainy,Medium,No,16.0,30,14,353,9,5,High
1864,Fire,Central,Afternoon,Sunday,Cloudy,High,No,16.0,12,18,422,3,14,High
1865,Medical,East,Morning,Saturday,Cloudy,Medium,Yes,16.0,28,9,110,4,15,High
1866,Theft,North,Morning,Tuesday,Sunny,High,Yes,10.0,18,23,233,7,3,High
1867,Theft,Central,Afternoon,Wednesday,Sunny,Medium,Yes,25.0,24,13,461,4,7,High
1868,Assault,West,Night,Thursday,Sunny,High,Yes,25.0,29,5,245,9,10,High
1869,Theft,Central,Morning,Sunday,,,Yes,,23,14,387,7,20,High
1870,Assault,North,Night,Friday,Cloudy,Low,No,17.0,24,32,319,2,4,Medium
1871,Medical,East,Evening,Saturday,Rainy,Low,Yes,20.0,25,19,215,10,18,High
1872,Medical,West,Afternoon,Friday,Rainy,High,Yes,15.0,16,29,360,3,12,High
1873,Accident,East,Afternoon,Friday,Rainy,High,No,9.0,14,14,166,3,14,High
1874,Assault,East,Night,Tuesday,Cloudy,Medium,No,12.0,9,5,392,1,14,High
1875,Assault,North,Morning,Friday,Cloudy,Medium,No,17.0,23,29,156,10,2,High
1876,Assault,East,Morning,Friday,Sunny,High,No,14.0,26,22,131,8,17,High
1877,Medical,East,Afternoon,Thursday,Cloudy,High,Yes,10.0,14,33,211,2,14,High
1878,Accident,East,Morning,Sunday,Cloudy,Low,No,20.0,5,20,150,7,18,High
1879,Assault,South,Night,Monday,Rainy,Medium,No,6.0,6,14,168,1,5,Medium
1880,Accident,Central,Evening,Wednesday,Cloudy,Low,Yes,3.0,22,15,309,9,1,High
1881,Theft,East,Night,Wednesday,Cloudy,High,Yes,21.0,22,16,285,1,17,High
1882,Medical,East,Night,Sunday,Sunny,Low,Yes,11.0,28,10,305,10,15,High
1883,Fire,North,Evening,Saturday,Rainy,High,No,3.0,6,4,404,8,11,High
1884,Theft,East,Night,Wednesday,Sunny,High,No,14.0,25,17,304,2,19,High
1885,Assault,West,Morning,Friday,Rainy,High,Yes,20.0,26,22,99,10,14,High
1886,Theft,North,Afternoon,Thursday,Rainy,High,Yes,8.0,18,6,272,2,15,High
1887,Fire,Central,Morning,Thursday,Rainy,Medium,No,12.0,14,20,119,1,8,Medium
1888,Theft,West,Afternoon,Sunday,Sunny,Low,No,14.0,10,23,287,7,12,High
1889,Accident,West,Afternoon,Tuesday,Sunny,Low,Yes,16.0,20,12,313,6,19,High
1890,Assault,North,Evening,Thursday,Rainy,Medium,No,23.0,25,22,121,6,6,High
1891,Accident,Central,Afternoon,Friday,Rainy,Medium,Yes,24.0,30,24,278,5,9,High
1892,Theft,West,Morning,Tuesday,Rainy,Medium,No,20.0,12,24,435,2,7,Medium
1893,Theft,South,Night,Tuesday,Cloudy,Low,Yes,25.0,24,7,53,4,5,Medium
1894,Assault,West,Afternoon,Thursday,Rainy,High,Yes,10.0,29,13,476,2,15,High
1895,Medical,East,Afternoon,Tuesday,Cloudy,High,No,13.0,27,24,178,10,17,High
1896,Theft,West,Morning,Friday,Rainy,Medium,No,7.0,27,24,349,3,11,High
1897,Theft,Central,Morning,Wednesday,Rainy,High,Yes,5.0,6,25,44,10,14,High
1898,Fire,East,Afternoon,Wednesday,Sunny,Medium,No,12.0,13,34,230,5,14,High
1899,Theft,East,Evening,Saturday,Cloudy,Medium,Yes,6.0,30,33,375,9,9,High
1900,Fire,West,Morning,Tuesday,Sunny,Low,Yes,9.0,6,25,149,5,19,High
1901,Medical,Central,Afternoon,Thursday,Sunny,High,No,25.0,11,19,43,7,2,Medium
1902,Fire,West,Night,Tuesday,Sunny,Medium,No,20.0,7,26,274,9,5,High
1903,Assault,East,Night,Wednesday,Cloudy,Low,No,13.0,10,11,162,3,2,Medium
1904,Accident,West,Night,Tuesday,Rainy,Medium,No,4.0,8,10,248,4,16,High
1905,Fire,Central,Night,Friday,Sunny,Medium,Yes,17.0,28,28,45,8,15,High
1906,Assault,West,Evening,Wednesday,Sunny,High,Yes,7.0,23,20,417,4,12,High
1907,Assault,South,Morning,Friday,Sunny,High,No,20.0,24,25,58,1,1,Low
1908,Medical,East,Evening,Tuesday,Cloudy,Medium,No,20.0,24,30,49,3,2,Low
1909,Medical,East,Night,Tuesday,Cloudy,Medium,No,19.0,14,33,377,5,16,High
1910,Medical,North,Morning,Tuesday,Sunny,Low,No,14.0,29,12,326,6,18,High
1911,Fire,East,Afternoon,Saturday,Cloudy,Medium,Yes,22.0,26,8,237,10,17,High
1912,Accident,East,Morning,Sunday,Rainy,Low,No,21.0,21,23,8,8,10,High
1913,Theft,South,Afternoon,Saturday,Sunny,Low,No,19.0,17,10,390,8,5,High
1914,Medical,South,Night,Sunday,Cloudy,Low,No,6.0,29,9,435,7,17,High
1915,Theft,West,Night,Friday,Sunny,Medium,No,3.0,28,14,296,6,0,Medium
1916,Fire,East,Morning,Saturday,Cloudy,Medium,Yes,16.0,23,17,287,3,13,High
1917,Fire,West,Morning,Saturday,Cloudy,Low,Yes,24.0,15,16,493,8,0,High
1918,Medical,South,Night,Wednesday,Sunny,High,No,5.0,5,19,124,10,18,High
1919,Medical,East,Morning,Sunday,Cloudy,High,Yes,16.0,6,7,63,6,7,High
1920,Fire,West,Afternoon,Thursday,Sunny,Medium,No,4.0,9,23,146,1,10,Medium
1921,Fire,East,Night,Friday,Sunny,Low,No,7.0,19,9,195,4,12,High
1922,Accident,Central,Evening,Sunday,Rainy,Low,No,4.0,27,4,409,4,19,High
1923,Assault,West,Afternoon,Friday,Rainy,High,Yes,5.0,25,25,231,5,7,High
1924,Fire,West,Morning,Saturday,Sunny,High,Yes,6.0,17,22,178,6,3,High
1925,Medical,Central,Night,Sunday,Cloudy,Medium,No,17.0,5,14,249,8,5,High
1926,Assault,East,Evening,Monday,Cloudy,High,No,12.0,10,9,176,1,7,Medium
1927,Accident,South,Evening,Friday,Cloudy,Medium,No,22.0,27,33,18,2,3,Low
1928,Medical,Central,Morning,Tuesday,Rainy,Low,Yes,6.0,6,16,22,5,11,High
1929,Fire,Central,Morning,Wednesday,Cloudy,Medium,No,16.0,11,31,74,5,15,High
1930,Fire,North,Night,Friday,Sunny,Medium,No,21.0,12,24,60,8,16,High
1931,Medical,South,Afternoon,Friday,Cloudy,Medium,No,23.0,27,4,134,7,19,High
1932,Accident,Central,Night,Tuesday,Rainy,Low,No,14.0,8,19,447,5,10,High
1933,Medical,Central,Morning,Sunday,Sunny,Medium,No,3.0,25,31,455,5,6,High
1934,Medical,West,Afternoon,Friday,,,No,,23,8,104,1,9,Medium
1935,Assault,West,Morning,Sunday,Rainy,Low,Yes,9.0,17,22,114,9,7,High
1936,Fire,Central,Night,Monday,Sunny,High,Yes,22.0,8,26,310,1,0,Low
1937,Theft,East,Morning,Saturday,Sunny,Low,Yes,11.0,30,14,69,7,11,High
1938,Fire,North,Evening,Sunday,Rainy,Low,Yes,14.0,19,33,18,10,20,High
1939,Theft,Central,Afternoon,Tuesday,Rainy,Medium,Yes,25.0,23,21,363,1,15,High
1940,Medical,East,Morning,Saturday,Sunny,Low,No,4.0,24,34,330,9,2,High
1941,Fire,West,Evening,Sunday,Cloudy,Medium,Yes,3.0,23,34,488,9,14,High
1942,Fire,South,Evening,Monday,Rainy,High,Yes,5.0,20,23,91,3,11,High
1943,Theft,South,Evening,Thursday,Cloudy,Medium,Yes,6.0,22,7,215,3,3,Medium
1944,Medical,West,Night,Saturday,Cloudy,Low,Yes,18.0,5,13,111,7,1,Medium
1945,Fire,West,Night,Saturday,Sunny,Low,No,4.0,24,25,399,3,1,Medium
1946,Accident,West,Night,Friday,Rainy,Low,Yes,21.0,5,4,210,4,17,High
1947,Theft,West,Afternoon,Friday,Rainy,Low,Yes,7.0,15,4,254,2,7,Medium
1948,Theft,South,Night,Friday,Sunny,High,No,8.0,10,9,336,1,14,High
1949,Theft,North,Evening,Wednesday,Cloudy,Medium,No,18.0,9,15,336,2,12,High
1950,Assault,North,Night,Wednesday,Rainy,Low,No,21.0,10,8,254,2,3,Low
1951,Fire,East,Afternoon,Monday,Cloudy,Medium,Yes,12.0,14,12,75,1,7,Medium
1952,Theft,South,Morning,Friday,Rainy,Medium,No,9.0,23,21,176,3,5,Medium
1953,Fire,South,Night,Saturday,Cloudy,Medium,No,15.0,24,5,453,8,5,High
1954,Assault,Central,Evening,Saturday,Cloudy,Low,Yes,18.0,18,9,116,2,4,Low
1955,Theft,West,Morning,Tuesday,Sunny,Low,Yes,25.0,16,26,486,5,11,High
1956,Assault,Central,Night,Sunday,Cloudy,Medium,No,21.0,7,14,490,6,17,High
1957,Fire,South,Night,Thursday,Sunny,Low,No,16.0,30,30,246,5,17,High
1958,Assault,Central,Morning,Friday,Sunny,High,Yes,3.0,21,18,234,5,8,High
1959,Assault,East,Morning,Monday,,,Yes,,9,9,150,8,19,High
1960,Fire,East,Evening,Friday,Rainy,Medium,No,7.0,11,24,312,7,20,High
1961,Accident,East,Night,Tuesday,Sunny,High,Yes,6.0,12,30,259,1,5,Medium
1962,Fire,North,Evening,Wednesday,Sunny,Low,Yes,9.0,28,35,34,3,5,Medium
1963,Fire,East,Night,Thursday,Sunny,High,Yes,3.0,22,28,32,1,0,Low
1964,Theft,East,Morning,Thursday,Sunny,Low,Yes,19.0,21,9,3,10,0,High
1965,Assault,South,Night,Saturday,Cloudy,High,No,7.0,12,12,291,7,20,High
1966,Accident,Central,Morning,Sunday,Cloudy,Medium,No,3.0,22,25,23,10,12,High
1967,Medical,Central,Evening,Saturday,Sunny,Low,No,4.0,6,5,199,5,7,High
1968,Theft,Central,Morning,Wednesday,,,No,,19,9,456,2,3,Medium
1969,Fire,North,Afternoon,Saturday,Rainy,High,Yes,7.0,29,23,169,5,16,High
1970,Accident,West,Night,Monday,Rainy,Medium,No,13.0,29,19,186,2,6,Medium
1971,Assault,West,Night,Tuesday,Cloudy,Low,Yes,11.0,14,21,311,10,19,High
1972,Fire,Central,Morning,Saturday,Cloudy,Low,Yes,11.0,25,5,282,1,4,Low
1973,Theft,South,Night,Tuesday,Sunny,High,No,22.0,29,22,263,4,14,High
1974,Fire,West,Afternoon,Sunday,Rainy,High,Yes,18.0,13,24,455,9,2,High
1975,Theft,North,Evening,Monday,Sunny,High,Yes,10.0,16,33,160,7,5,High
1976,Theft,Central,Morning,Saturday,Rainy,Low,Yes,20.0,27,25,487,9,4,High
1977,Theft,North,Morning,Thursday,Cloudy,Low,Yes,3.0,14,29,178,6,18,High
1978,Theft,South,Afternoon,Friday,Sunny,Medium,Yes,16.0,5,7,136,1,13,Medium
1979,Theft,East,Morning,Tuesday,Sunny,High,No,9.0,9,31,46,1,5,Low
1980,Assault,East,Afternoon,Sunday,Cloudy,Medium,No,3.0,20,31,367,9,11,High
1981,Fire,West,Night,Tuesday,Cloudy,Medium,No,12.0,25,15,372,7,1,High
1982,Theft,East,Night,Saturday,Cloudy,High,Yes,5.0,15,19,55,1,19,High
1983,Medical,West,Morning,Thursday,Rainy,High,Yes,11.0,12,26,252,5,4,Medium
1984,Assault,South,Night,Thursday,Sunny,High,No,6.0,28,12,482,3,10,High
1985,Fire,South,Evening,Monday,Cloudy,Medium,No,14.0,27,29,361,7,12,High
1986,Assault,West,Morning,Saturday,Sunny,High,Yes,11.0,30,22,227,9,16,High
1987,Medical,East,Night,Wednesday,,,Yes,,18,10,186,4,0,Medium
1988,Accident,West,Night,Friday,,,Yes,,14,7,443,6,8,High
1989,Fire,East,Evening,Friday,,,No,,13,26,173,2,20,High
1990,Theft,Central,Night,Sunday,,,Yes,,7,11,411,5,9,High
1991,Fire,East,Afternoon,Wednesday,Cloudy,High,No,10.0,5,31,76,9,14,High
1992,Medical,Central,Evening,Friday,Rainy,High,Yes,8.0,28,8,448,9,16,High
1993,Theft,North,Afternoon,Monday,Sunny,Medium,No,3.0,16,10,208,7,8,High
1994,Fire,North,Morning,Saturday,Rainy,Low,No,5.0,30,15,337,4,8,High
1995,Assault,South,Morning,Saturday,Cloudy,High,No,16.0,5,19,381,10,16,High
1996,Theft,Central,Night,Friday,Cloudy,High,Yes,8.0,6,16,30,1,6,Low
1997,Accident,West,Morning,Tuesday,Sunny,High,No,4.0,5,17,46,2,8,Medium
1998,Theft,North,Night,Tuesday,Rainy,High,Yes,23.0,22,30,302,2,14,High
1999,Assault,Central,Evening,Sunday,Rainy,Low,Yes,21.0,25,22,133,9,3,High
2000,Medical,South,Morning,Monday,Rainy,Low,No,13.0,12,25,106,2,14,High
2001,Medical,North,Afternoon,Thursday,Sunny,Medium,Yes,18.0,9,33,382,9,0,High
2002,Medical,West,Afternoon,Tuesday,Sunny,High,No,25.0,21,11,15,7,17,High
2003,Assault,East,Afternoon,Monday,Rainy,Medium,Yes,6.0,22,16,247,5,15,High
2004,Accident,West,Morning,Monday,Sunny,High,No,20.0,5,27,94,1,9,Medium
2005,Fire,North,Night,Friday,Sunny,Medium,No,9.0,17,15,100,5,4,Medium
2006,Theft,West,Night,Saturday,Cloudy,Medium,Yes,11.0,17,34,181,9,14,High
2007,Fire,North,Evening,Monday,Cloudy,Low,No,10.0,23,27,318,7,3,High
2008,Assault,North,Afternoon,Tuesday,Rainy,Low,No,15.0,7,4,422,5,4,High
2009,Medical,Central,Afternoon,Friday,Sunny,Medium,No,25.0,28,11,145,3,6,Medium
2010,Theft,West,Morning,Sunday,Sunny,Medium,Yes,3.0,5,23,34,9,7,High
2011,Assault,East,Night,Saturday,Rainy,Medium,Yes,14.0,7,28,76,1,3,Low
2012,Medical,North,Morning,Monday,Rainy,Low,Yes,13.0,12,23,342,4,19,High
2013,Assault,Central,Night,Sunday,Sunny,Medium,No,16.0,13,13,467,5,15,High
2014,Fire,Central,Morning,Thursday,Rainy,Medium,Yes,13.0,28,11,283,4,10,High
2015,Medical,North,Evening,Wednesday,Rainy,Low,No,14.0,29,35,120,3,18,High
2016,Assault,North,Afternoon,Wednesday,Rainy,Medium,No,17.0,10,18,391,1,19,High
2017,Accident,North,Night,Monday,Sunny,Medium,Yes,17.0,9,6,217,5,14,High
2018,Assault,East,Night,Friday,Cloudy,Low,No,17.0,8,27,424,1,16,High
2019,Fire,Central,Morning,Sunday,Sunny,Medium,No,18.0,15,23,111,1,3,Low
2020,Fire,West,Morning,Tuesday,Cloudy,Low,No,19.0,15,33,431,2,9,Medium
2021,Fire,West,Afternoon,Friday,Cloudy,Medium,Yes,24.0,21,29,395,5,12,High
2022,Assault,West,Afternoon,Tuesday,Rainy,Low,Yes,11.0,9,4,214,8,13,High
2023,Fire,East,Afternoon,Tuesday,Cloudy,Medium,No,15.0,20,30,107,6,17,High
2024,Accident,Central,Night,Friday,,,Yes,,27,5,27,10,13,High
2025,Accident,North,Evening,Sunday,Sunny,High,Yes,14.0,29,19,356,1,10,Medium
2026,Accident,Central,Night,Thursday,Rainy,Low,No,16.0,28,9,103,8,18,High
2027,Theft,West,Night,Thursday,Cloudy,Medium,No,13.0,18,32,350,4,20,High
2028,Fire,Central,Evening,Tuesday,Sunny,Medium,Yes,5.0,23,5,82,5,13,High
2029,Fire,North,Afternoon,Tuesday,Cloudy,Low,No,17.0,28,17,384,7,4,High
2030,Assault,Central,Morning,Thursday,Sunny,Medium,Yes,17.0,16,35,55,2,2,Low
2031,Theft,East,Evening,Sunday,Cloudy,Medium,Yes,8.0,24,27,400,1,9,Medium
2032,Fire,Central,Afternoon,Tuesday,Sunny,Low,No,6.0,18,4,192,1,5,Medium
2033,Fire,West,Evening,Thursday,Sunny,Low,No,3.0,8,21,407,10,17,High
2034,Fire,North,Night,Tuesday,Rainy,Low,No,17.0,19,5,13,9,2,High
2035,Fire,South,Night,Sunday,Rainy,Low,No,12.0,23,16,482,1,1,Low
2036,Fire,Central,Evening,Sunday,Rainy,Medium,Yes,10.0,8,32,193,5,18,High
2037,Assault,East,Evening,Monday,Sunny,Medium,No,10.0,23,6,3,9,17,High
2038,Fire,West,Afternoon,Sunday,Rainy,Low,Yes,10.0,28,18,358,2,19,High
2039,Accident,North,Evening,Sunday,Cloudy,Medium,Yes,6.0,17,18,459,3,18,High
2040,Assault,East,Afternoon,Thursday,Sunny,High,No,25.0,18,32,426,3,13,High
2041,Theft,West,Morning,Friday,Cloudy,Medium,No,18.0,13,27,106,6,18,High
2042,Theft,South,Morning,Friday,,,Yes,,29,30,215,1,15,High
2043,Fire,North,Evening,Sunday,Rainy,Low,Yes,22.0,6,14,492,10,5,High
2044,Fire,South,Evening,Tuesday,Sunny,Low,Yes,21.0,6,18,133,5,17,High
2045,Theft,South,Evening,Saturday,Rainy,Medium,Yes,10.0,16,8,491,1,5,Medium
2046,Theft,South,Night,Friday,Cloudy,High,No,13.0,14,25,317,2,7,Medium
2047,Accident,South,Night,Tuesday,Cloudy,Medium,Yes,10.0,11,14,320,4,6,High
2048,Theft,South,Evening,Sunday,Rainy,Low,Yes,3.0,16,18,416,1,17,High
2049,Accident,Central,Afternoon,Monday,Sunny,Low,Yes,13.0,29,29,30,10,14,High
2050,Accident,Central,Evening,Wednesday,Sunny,Low,Yes,5.0,20,33,206,8,6,High
2051,Medical,South,Night,Wednesday,Cloudy,Low,Yes,11.0,25,9,94,7,19,High
2052,Theft,West,Evening,Tuesday,Cloudy,Medium,Yes,5.0,27,18,203,3,14,High
2053,Medical,West,Evening,Thursday,Sunny,Low,Yes,18.0,15,13,438,7,8,High
2054,Theft,North,Afternoon,Saturday,Cloudy,High,No,17.0,30,18,218,10,3,High
2055,Fire,North,Morning,Wednesday,Cloudy,Low,No,11.0,6,16,448,6,4,High
2056,Fire,North,Morning,Wednesday,Sunny,High,Yes,6.0,13,17,6,6,10,High
2057,Fire,East,Night,Friday,Sunny,Medium,No,18.0,23,33,436,9,14,High
2058,Accident,East,Morning,Friday,Sunny,High,Yes,19.0,22,19,79,3,2,Low
2059,Assault,West,Night,Sunday,Cloudy,Low,Yes,18.0,20,6,396,5,17,High
2060,Accident,North,Evening,Sunday,Cloudy,Low,Yes,21.0,23,31,388,4,5,Medium
2061,Accident,North,Evening,Saturday,Cloudy,Medium,Yes,24.0,14,31,240,6,17,High
2062,Fire,West,Afternoon,Monday,Cloudy,High,No,25.0,18,34,88,9,10,High
2063,Accident,East,Afternoon,Sunday,Cloudy,Medium,No,24.0,23,14,247,7,4,High
2064,Fire,South,Evening,Monday,Sunny,High,Yes,15.0,10,14,403,2,18,High
2065,Assault,South,Night,Tuesday,Cloudy,Medium,Yes,15.0,10,23,374,6,20,High
2066,Theft,East,Afternoon,Friday,Sunny,Low,No,8.0,12,21,47,1,5,Low
2067,Assault,North,Evening,Sunday,Rainy,Low,No,4.0,9,30,88,7,14,High
2068,Theft,North,Afternoon,Friday,Sunny,Low,Yes,5.0,20,22,100,7,5,High
2069,Medical,Central,Afternoon,Tuesday,Sunny,Medium,No,14.0,29,16,113,10,7,High
2070,Theft,West,Morning,Friday,Sunny,Medium,No,10.0,17,4,45,2,18,High
2071,Assault,North,Night,Thursday,Sunny,Medium,No,11.0,17,11,165,1,12,Medium
2072,Theft,Central,Evening,Tuesday,Rainy,Low,Yes,25.0,16,4,363,4,16,High
2073,Fire,North,Afternoon,Sunday,Sunny,Medium,Yes,17.0,18,13,217,5,2,Medium
2074,Assault,East,Afternoon,Tuesday,Cloudy,Low,No,11.0,14,9,330,1,19,High
2075,Assault,South,Night,Thursday,Cloudy,Medium,No,6.0,28,16,142,6,9,High
2076,Accident,Central,Evening,Tuesday,Cloudy,Low,No,4.0,18,17,487,8,13,High
2077,Theft,Central,Night,Monday,Sunny,Medium,Yes,18.0,15,25,415,7,2,High
2078,Medical,South,Night,Wednesday,Rainy,Medium,Yes,4.0,10,22,154,3,5,Medium
2079,Accident,South,Night,Friday,Rainy,Medium,Yes,11.0,16,31,87,8,7,High
2080,Assault,South,Night,Friday,Cloudy,Low,No,20.0,16,18,184,3,9,Medium
2081,Theft,North,Morning,Friday,,,No,,18,21,89,8,6,High
2082,Accident,South,Evening,Sunday,Cloudy,High,Yes,8.0,7,29,247,6,8,High
2083,Accident,West,Morning,Wednesday,Rainy,High,No,18.0,22,8,298,1,7,Medium
2084,Accident,South,Night,Monday,Rainy,High,No,17.0,21,20,151,2,7,Medium
2085,Accident,West,Night,Tuesday,Cloudy,Medium,Yes,23.0,16,30,278,2,14,High
2086,Theft,Central,Evening,Sunday,Cloudy,High,Yes,14.0,26,23,284,7,2,High
2087,Medical,North,Morning,Sunday,Cloudy,Medium,No,18.0,27,14,77,1,14,Medium
2088,Theft,East,Afternoon,Wednesday,Rainy,Medium,Yes,23.0,22,28,358,1,14,High
2089,Assault,East,Night,Friday,Cloudy,Low,Yes,10.0,27,19,461,6,1,High
2090,Theft,West,Night,Saturday,Sunny,High,Yes,23.0,19,17,203,1,15,High
2091,Medical,East,Morning,Friday,Sunny,High,No,16.0,18,34,377,3,5,Medium
2092,Medical,East,Morning,Thursday,Rainy,Low,No,16.0,15,17,332,9,16,High
2093,Assault,North,Evening,Sunday,Cloudy,Medium,Yes,25.0,21,34,156,4,5,Medium
2094,Theft,East,Night,Sunday,Cloudy,Low,No,7.0,8,33,293,5,4,High
2095,Theft,North,Night,Sunday,Sunny,High,Yes,15.0,11,15,16,8,13,High
2096,Medical,Central,Afternoon,Thursday,Sunny,High,Yes,21.0,10,9,99,8,18,High
2097,Assault,North,Night,Saturday,Sunny,High,No,9.0,29,18,360,7,10,High
2098,Fire,North,Afternoon,Saturday,Cloudy,High,Yes,8.0,17,22,313,5,8,High
2099,Theft,East,Evening,Sunday,Cloudy,High,No,13.0,14,5,346,2,7,Medium
2100,Medical,East,Night,Tuesday,Sunny,Medium,No,22.0,10,8,14,8,12,High
2101,Fire,North,Afternoon,Sunday,Cloudy,High,Yes,11.0,12,21,272,10,5,High
2102,Medical,North,Night,Saturday,Rainy,High,No,6.0,18,34,372,8,17,High
2103,Theft,West,Evening,Sunday,Cloudy,High,Yes,13.0,25,7,348,4,3,Medium
2104,Theft,North,Night,Monday,Cloudy,Low,No,3.0,11,32,48,9,10,High
2105,Medical,Central,Morning,Friday,Cloudy,Low,No,4.0,11,5,22,5,14,High
2106,Medical,South,Evening,Sunday,Rainy,High,No,19.0,10,30,206,3,4,Medium
2107,Medical,South,Night,Saturday,Rainy,Low,Yes,17.0,9,25,339,1,0,Low
2108,Medical,West,Morning,Tuesday,Rainy,Medium,No,16.0,23,11,277,7,0,Medium
2109,Theft,South,Morning,Thursday,Sunny,High,Yes,4.0,21,12,8,3,17,High
2110,Accident,Central,Night,Saturday,Cloudy,Low,No,11.0,13,17,100,7,8,High
2111,Theft,East,Afternoon,Wednesday,Sunny,High,No,3.0,7,15,268,6,15,High
2112,Fire,South,Night,Wednesday,Sunny,Low,Yes,3.0,23,9,209,4,19,High
2113,Theft,South,Night,Saturday,Rainy,Low,Yes,21.0,19,29,466,9,8,High
2114,Theft,East,Evening,Tuesday,Cloudy,Medium,No,13.0,9,23,125,5,12,High
2115,Accident,East,Morning,Tuesday,Rainy,High,No,25.0,22,32,386,9,2,High
2116,Assault,South,Evening,Wednesday,Cloudy,Medium,No,6.0,16,32,280,9,4,High
2117,Assault,West,Night,Friday,,,No,,18,6,102,3,4,Medium
2118,Medical,West,Afternoon,Tuesday,Cloudy,Low,No,7.0,16,23,300,5,2,Medium
2119,Assault,Central,Afternoon,Monday,Rainy,Medium,No,15.0,10,14,310,3,16,High
2120,Fire,South,Evening,Thursday,Cloudy,High,Yes,21.0,23,30,495,2,14,High
2121,Accident,Central,Night,Sunday,Rainy,High,No,20.0,12,17,469,10,19,High
2122,Theft,East,Morning,Tuesday,Rainy,High,Yes,8.0,16,31,231,8,19,High
2123,Accident,South,Afternoon,Sunday,Cloudy,Low,Yes,22.0,12,10,268,1,8,Medium
2124,Accident,East,Morning,Saturday,Cloudy,High,No,3.0,5,8,207,3,0,Low
2125,Fire,North,Evening,Saturday,Cloudy,Low,Yes,5.0,30,23,76,7,19,High
2126,Accident,South,Night,Tuesday,Sunny,High,No,9.0,21,35,61,5,0,Medium
2127,Accident,North,Evening,Friday,,,Yes,,10,12,427,6,12,High
2128,Theft,Central,Night,Thursday,Rainy,High,Yes,10.0,15,18,266,1,5,Medium
2129,Fire,Central,Morning,Saturday,Rainy,Medium,Yes,20.0,24,29,483,10,8,High
2130,Theft,West,Night,Thursday,Sunny,High,No,24.0,16,19,44,1,15,Medium
2131,Theft,East,Afternoon,Sunday,Rainy,Medium,No,7.0,29,22,171,10,15,High
2132,Fire,West,Evening,Sunday,Rainy,Low,Yes,13.0,12,8,364,2,5,Medium
2133,Theft,West,Evening,Monday,Sunny,Medium,Yes,18.0,11,14,255,1,15,High
2134,Medical,Central,Morning,Friday,Sunny,High,No,4.0,9,25,391,10,5,High
2135,Fire,East,Evening,Wednesday,Rainy,Medium,Yes,4.0,11,23,108,4,14,High
2136,Fire,South,Evening,Monday,Sunny,High,No,3.0,19,30,253,5,13,High
2137,Theft,Central,Evening,Monday,Rainy,High,Yes,22.0,7,34,165,7,2,Medium
2138,Accident,East,Night,Tuesday,Rainy,Low,Yes,21.0,16,9,443,3,17,High
2139,Accident,Central,Morning,Saturday,Cloudy,Low,No,19.0,5,26,407,9,11,High
2140,Accident,South,Morning,Thursday,Sunny,High,No,25.0,30,29,134,8,8,High
2141,Theft,East,Evening,Wednesday,Sunny,High,No,12.0,5,19,2,8,1,Medium
2142,Fire,North,Morning,Saturday,Sunny,High,No,22.0,30,13,390,1,7,Medium
2143,Medical,Central,Night,Saturday,Rainy,High,Yes,4.0,12,27,394,7,5,High
2144,Accident,South,Evening,Monday,Rainy,Medium,No,3.0,9,29,274,8,17,High
2145,Fire,South,Morning,Tuesday,,,No,,15,30,106,10,6,High
2146,Assault,West,Morning,Friday,Cloudy,High,No,19.0,21,7,436,5,0,Medium
2147,Medical,Central,Morning,Friday,Cloudy,High,No,4.0,26,11,306,1,5,Medium
2148,Assault,West,Morning,Monday,Rainy,High,No,9.0,26,13,41,4,2,Medium
2149,Assault,South,Afternoon,Saturday,Sunny,Low,No,4.0,15,14,174,9,17,High
2150,Fire,North,Evening,Tuesday,Cloudy,Medium,Yes,24.0,26,14,152,1,14,Medium
2151,Accident,West,Morning,Sunday,Cloudy,High,Yes,14.0,27,21,245,8,8,High
2152,Theft,Central,Evening,Saturday,Sunny,High,No,5.0,14,28,41,4,14,High
2153,Assault,South,Afternoon,Wednesday,Cloudy,High,No,15.0,18,12,449,7,15,High
2154,Theft,Central,Evening,Monday,Sunny,Medium,No,3.0,9,28,187,1,7,Medium
2155,Medical,West,Morning,Wednesday,Sunny,Medium,Yes,3.0,11,28,465,9,14,High
2156,Accident,North,Afternoon,Saturday,Cloudy,High,Yes,10.0,18,4,203,1,12,Medium
2157,Theft,South,Morning,Friday,Sunny,Low,Yes,22.0,22,11,137,7,0,Medium
2158,Theft,Central,Evening,Wednesday,Sunny,High,Yes,7.0,16,12,328,4,0,Medium
2159,Fire,North,Afternoon,Thursday,Sunny,Low,No,21.0,19,27,388,8,11,High
2160,Accident,East,Evening,Saturday,,,Yes,,20,22,69,1,14,Medium
2161,Accident,South,Morning,Monday,Cloudy,Low,Yes,22.0,14,22,147,6,17,High
2162,Medical,South,Evening,Sunday,Rainy,Medium,No,14.0,25,26,305,9,12,High
2163,Fire,North,Night,Friday,Rainy,Low,No,22.0,30,27,81,7,5,High
2164,Theft,West,Afternoon,Wednesday,Cloudy,Medium,Yes,10.0,30,30,195,7,0,Medium
2165,Assault,West,Morning,Tuesday,Sunny,Medium,Yes,17.0,25,13,6,8,9,High
2166,Fire,North,Morning,Thursday,Sunny,High,Yes,3.0,7,27,259,6,11,High
2167,Accident,Central,Night,Friday,Sunny,Medium,Yes,13.0,18,7,255,7,3,High
2168,Medical,East,Evening,Thursday,Cloudy,Medium,Yes,5.0,11,19,131,3,9,Medium
2169,Accident,West,Morning,Wednesday,Cloudy,Medium,Yes,14.0,11,10,496,7,8,High
2170,Assault,East,Night,Friday,Sunny,Medium,No,23.0,21,29,478,10,2,High
2171,Accident,Central,Night,Wednesday,Cloudy,High,No,20.0,12,16,454,7,3,High
2172,Theft,South,Afternoon,Saturday,Cloudy,Medium,No,14.0,26,33,281,7,0,Medium
2173,Medical,South,Afternoon,Monday,Cloudy,Medium,No,10.0,5,10,278,2,8,Medium
2174,Fire,South,Afternoon,Friday,Rainy,Medium,No,9.0,9,34,124,8,6,High
2175,Fire,West,Night,Thursday,Cloudy,High,Yes,7.0,15,19,96,1,17,High
2176,Fire,Central,Evening,Saturday,Sunny,Low,Yes,18.0,12,14,85,5,14,High
2177,Accident,North,Morning,Thursday,Cloudy,Low,Yes,3.0,23,10,352,4,5,High
2178,Accident,West,Morning,Friday,Cloudy,High,Yes,12.0,9,17,265,3,8,Medium
2179,Accident,East,Evening,Tuesday,Rainy,Low,No,13.0,15,9,5,10,15,High
2180,Fire,Central,Afternoon,Monday,Sunny,Low,No,25.0,24,8,224,6,18,High
2181,Assault,South,Afternoon,Thursday,Rainy,Medium,No,24.0,9,15,126,5,6,Medium
2182,Assault,West,Evening,Saturday,Rainy,Low,No,16.0,28,6,105,4,2,Medium
2183,Assault,North,Evening,Friday,Rainy,Low,No,14.0,6,19,107,1,17,High
2184,Assault,East,Morning,Tuesday,Rainy,Medium,Yes,5.0,28,6,323,3,9,High
2185,Assault,West,Afternoon,Wednesday,Cloudy,Low,No,19.0,10,31,243,7,11,High
2186,Fire,Central,Evening,Saturday,Rainy,Medium,No,10.0,27,29,8,3,1,Low
2187,Medical,West,Afternoon,Monday,Cloudy,Low,No,17.0,13,24,145,2,18,High
2188,Accident,Central,Night,Monday,Cloudy,High,No,25.0,13,8,430,10,17,High
2189,Fire,West,Night,Wednesday,Sunny,Low,Yes,22.0,27,17,8,6,9,High
2190,Fire,North,Afternoon,Saturday,Cloudy,High,Yes,11.0,17,10,500,4,18,High
2191,Fire,East,Morning,Monday,Cloudy,Low,Yes,12.0,22,25,169,2,19,High
2192,Assault,East,Afternoon,Sunday,Cloudy,Low,No,7.0,11,23,224,8,5,High
2193,Theft,Central,Afternoon,Tuesday,Sunny,Medium,No,19.0,27,35,367,7,14,High
2194,Medical,North,Night,Saturday,Sunny,High,Yes,12.0,7,28,169,1,17,High
2195,Assault,Central,Evening,Thursday,Sunny,High,No,14.0,17,23,295,5,20,High
2196,Fire,Central,Afternoon,Monday,Cloudy,Medium,Yes,22.0,13,28,220,9,14,High
2197,Medical,South,Night,Monday,Rainy,Medium,Yes,4.0,22,7,203,4,3,Medium
2198,Assault,Central,Night,Wednesday,Rainy,Medium,No,13.0,16,24,51,1,13,Medium
2199,Fire,East,Night,Thursday,Rainy,Low,Yes,18.0,16,10,168,6,11,High
2200,Medical,South,Evening,Saturday,Sunny,Medium,Yes,17.0,15,30,198,1,16,High
2201,Fire,South,Evening,Sunday,Rainy,Medium,Yes,11.0,15,10,196,7,11,High
2202,Fire,South,Afternoon,Friday,Rainy,High,No,18.0,14,4,302,9,19,High
2203,Theft,West,Morning,Tuesday,Rainy,Low,Yes,13.0,20,6,263,1,7,Medium
2204,Theft,South,Morning,Sunday,Cloudy,Medium,Yes,7.0,11,30,153,10,8,High
2205,Theft,South,Evening,Saturday,Cloudy,Low,No,10.0,5,21,314,9,17,High
2206,Medical,West,Afternoon,Sunday,Rainy,Medium,Yes,18.0,24,35,422,2,19,High
2207,Medical,East,Morning,Wednesday,Rainy,Low,No,9.0,16,28,138,9,3,High
2208,Medical,North,Evening,Thursday,Cloudy,High,Yes,25.0,20,23,182,4,12,High
2209,Fire,West,Morning,Tuesday,Cloudy,High,No,13.0,23,6,129,10,0,High
2210,Theft,East,Afternoon,Wednesday,Cloudy,Medium,Yes,4.0,30,18,76,5,20,High
2211,Theft,Central,Night,Saturday,Rainy,Medium,No,7.0,6,18,98,8,9,High
2212,Theft,East,Morning,Friday,Rainy,High,No,14.0,24,27,224,9,14,High
2213,Medical,East,Night,Saturday,Cloudy,Medium,Yes,9.0,5,12,370,9,5,High
2214,Fire,West,Morning,Saturday,Cloudy,Medium,No,10.0,25,18,216,10,5,High
2215,Assault,East,Afternoon,Monday,Rainy,Low,Yes,8.0,19,30,388,10,8,High
2216,Accident,North,Morning,Thursday,Cloudy,High,Yes,21.0,11,9,207,7,5,High
2217,Medical,East,Night,Friday,Cloudy,High,Yes,15.0,16,25,399,5,4,High
2218,Fire,South,Night,Monday,Rainy,High,Yes,10.0,9,33,476,7,4,High
2219,Theft,West,Evening,Sunday,Rainy,High,No,10.0,20,7,453,3,5,Medium
2220,Assault,Central,Evening,Saturday,Rainy,Low,No,11.0,30,33,344,1,17,High
2221,Medical,Central,Morning,Sunday,Rainy,High,Yes,13.0,11,8,255,7,10,High
2222,Accident,West,Morning,Friday,Cloudy,Medium,No,14.0,23,8,264,8,2,High
2223,Medical,South,Evening,Friday,Cloudy,Medium,No,15.0,10,29,312,9,20,High
2224,Assault,North,Afternoon,Tuesday,Cloudy,Medium,Yes,7.0,5,34,269,4,0,Medium
2225,Accident,North,Morning,Tuesday,Cloudy,High,No,24.0,24,5,59,3,20,High
2226,Theft,West,Night,Saturday,Cloudy,Low,Yes,3.0,25,35,262,2,4,Medium
2227,Fire,Central,Afternoon,Thursday,Cloudy,High,Yes,7.0,12,34,233,1,18,High
2228,Medical,West,Morning,Tuesday,,,Yes,,18,23,141,4,16,High
2229,Medical,South,Afternoon,Wednesday,Rainy,High,No,17.0,21,30,252,7,10,High
2230,Fire,South,Morning,Wednesday,Rainy,Medium,Yes,17.0,12,10,410,1,15,High
2231,Medical,West,Afternoon,Friday,Rainy,High,No,14.0,9,9,226,6,1,Medium
2232,Theft,North,Evening,Monday,Rainy,Medium,Yes,14.0,21,17,23,5,9,High
2233,Theft,South,Night,Friday,Rainy,Low,No,10.0,25,24,386,2,4,Medium
2234,Medical,West,Night,Friday,Rainy,High,Yes,22.0,7,6,420,7,17,High
2235,Accident,West,Evening,Wednesday,Rainy,Medium,No,12.0,30,21,119,3,20,High
2236,Accident,North,Morning,Thursday,Sunny,Low,No,16.0,28,31,469,1,7,Medium
2237,Theft,East,Night,Wednesday,Rainy,High,Yes,19.0,26,17,112,8,15,High
2238,Theft,Central,Night,Friday,Cloudy,Low,Yes,24.0,19,18,466,10,4,High
2239,Accident,South,Afternoon,Tuesday,Sunny,Medium,Yes,13.0,22,27,290,3,2,Medium
2240,Accident,Central,Afternoon,Friday,Rainy,Medium,Yes,5.0,22,26,438,7,11,High
2241,Assault,East,Night,Tuesday,Cloudy,Low,No,12.0,14,28,467,8,6,High
2242,Assault,East,Morning,Thursday,Sunny,Medium,Yes,12.0,25,9,183,10,17,High
2243,Assault,Central,Morning,Saturday,Rainy,Low,Yes,8.0,7,10,7,6,5,High
2244,Theft,Central,Evening,Sunday,Cloudy,Low,No,24.0,20,28,429,5,8,High
2245,Medical,West,Evening,Saturday,Cloudy,Low,Yes,7.0,23,12,148,8,0,High
2246,Theft,Central,Night,Saturday,Sunny,Low,Yes,16.0,25,26,416,1,4,Medium
2247,Assault,West,Night,Monday,Sunny,Low,No,17.0,8,28,194,7,14,High
2248,Fire,South,Afternoon,Saturday,Cloudy,Low,No,11.0,10,6,469,7,7,High
2249,Assault,West,Afternoon,Thursday,Rainy,Medium,Yes,4.0,7,17,302,10,17,High
2250,Fire,East,Evening,Sunday,Rainy,Low,No,22.0,7,24,243,2,14,High
2251,Accident,North,Night,Wednesday,Rainy,Medium,No,8.0,11,19,14,5,19,High
2252,Fire,West,Afternoon,Thursday,Sunny,Low,No,4.0,8,28,72,5,12,High
2253,Medical,South,Afternoon,Thursday,Cloudy,Medium,No,23.0,15,26,458,7,19,High
2254,Theft,South,Evening,Monday,Sunny,High,No,12.0,24,6,416,5,2,Medium
2255,Accident,Central,Night,Thursday,Sunny,Low,Yes,11.0,29,22,33,6,6,High
2256,Fire,North,Evening,Wednesday,Rainy,Medium,Yes,18.0,29,19,1,10,9,High
2257,Fire,East,Morning,Monday,Rainy,High,No,12.0,23,16,352,6,15,High
2258,Theft,South,Morning,Wednesday,Sunny,High,No,21.0,15,17,265,9,14,High
2259,Assault,North,Afternoon,Monday,Cloudy,High,No,18.0,25,31,125,5,14,High
2260,Fire,North,Evening,Tuesday,Cloudy,Low,No,6.0,28,34,27,9,1,High
2261,Assault,Central,Night,Tuesday,Cloudy,Low,Yes,11.0,12,31,481,2,2,Medium
2262,Theft,North,Night,Saturday,Cloudy,Medium,No,5.0,22,33,409,8,17,High
2263,Medical,North,Afternoon,Sunday,Rainy,High,Yes,17.0,6,30,66,5,10,High
2264,Fire,North,Night,Monday,Sunny,Low,Yes,14.0,13,15,474,4,2,Medium
2265,Theft,East,Afternoon,Tuesday,Rainy,High,Yes,16.0,15,25,95,1,16,High
2266,Assault,North,Morning,Wednesday,Sunny,Medium,No,3.0,17,30,149,2,4,Medium
2267,Assault,South,Afternoon,Sunday,Cloudy,High,Yes,3.0,8,29,290,10,4,High
2268,Accident,South,Afternoon,Tuesday,Cloudy,Low,Yes,11.0,6,6,70,3,4,Medium
2269,Medical,North,Morning,Monday,Sunny,Medium,No,23.0,5,10,194,6,4,Medium
2270,Fire,East,Afternoon,Friday,Rainy,Low,Yes,6.0,11,18,115,4,18,High
2271,Accident,East,Afternoon,Tuesday,Rainy,Low,No,11.0,15,30,125,3,19,High
2272,Theft,South,Evening,Friday,Cloudy,Medium,No,22.0,19,31,396,5,9,High
2273,Fire,West,Night,Saturday,Cloudy,Medium,Yes,4.0,28,26,138,4,5,Medium
2274,Fire,Central,Night,Sunday,Sunny,Medium,No,20.0,25,27,339,5,18,High
2275,Accident,Central,Morning,Wednesday,Rainy,Medium,Yes,15.0,17,27,172,2,5,Medium
2276,Medical,West,Night,Wednesday,Sunny,Medium,No,23.0,21,7,404,6,7,High
2277,Fire,East,Night,Sunday,Rainy,Medium,No,15.0,23,27,113,6,7,High
2278,Fire,Central,Evening,Saturday,Sunny,Low,No,13.0,11,30,342,6,7,High
2279,Accident,North,Evening,Thursday,Sunny,Low,No,18.0,23,13,450,4,12,High
2280,Accident,East,Afternoon,Saturday,Rainy,Medium,No,23.0,22,18,487,7,6,High
2281,Assault,North,Night,Saturday,Cloudy,Low,No,10.0,26,5,384,9,13,High
2282,Assault,North,Evening,Sunday,Sunny,High,Yes,23.0,12,8,241,10,18,High
2283,Theft,North,Afternoon,Monday,Rainy,Low,No,23.0,11,33,202,2,16,High
2284,Theft,North,Evening,Friday,Cloudy,Medium,No,18.0,27,14,195,3,1,Low
2285,Accident,Central,Afternoon,Monday,Sunny,Low,No,20.0,9,28,463,9,0,High
2286,Assault,West,Afternoon,Wednesday,,,Yes,,29,23,402,7,6,High
2287,Accident,West,Afternoon,Sunday,Sunny,High,Yes,8.0,17,22,426,10,20,High
2288,Theft,South,Night,Sunday,Cloudy,Medium,Yes,21.0,25,23,72,8,18,High
2289,Accident,Central,Night,Monday,Cloudy,Medium,No,16.0,27,28,93,2,20,High
2290,Fire,Central,Morning,Monday,Sunny,Medium,Yes,10.0,11,25,211,1,17,High
2291,Fire,Central,Evening,Saturday,Cloudy,Low,Yes,3.0,8,29,180,3,18,High
2292,Assault,West,Night,Saturday,Sunny,High,No,11.0,13,17,116,4,7,Medium
2293,Theft,North,Morning,Sunday,Rainy,Medium,Yes,12.0,6,20,407,9,3,High
2294,Assault,North,Evening,Friday,Cloudy,High,Yes,20.0,7,10,38,1,8,Medium
2295,Fire,Central,Night,Sunday,Rainy,Low,No,23.0,10,6,25,1,9,Medium
2296,Fire,East,Afternoon,Monday,Sunny,Medium,No,22.0,24,6,17,9,2,High
2297,Accident,South,Morning,Thursday,Sunny,High,No,7.0,6,17,284,5,8,High
2298,Fire,Central,Night,Monday,Sunny,Medium,No,18.0,23,10,344,10,3,High
2299,Fire,North,Evening,Sunday,Sunny,Low,No,18.0,8,17,438,2,2,Medium
2300,Accident,North,Morning,Tuesday,Cloudy,Medium,No,8.0,21,9,343,8,0,High
2301,Assault,West,Evening,Thursday,Rainy,Medium,No,25.0,7,17,70,6,15,High
2302,Theft,West,Evening,Friday,Sunny,High,No,10.0,22,9,310,4,2,Medium
2303,Fire,North,Evening,Wednesday,Sunny,Low,Yes,12.0,10,19,401,2,18,High
2304,Assault,Central,Night,Saturday,Sunny,Medium,Yes,9.0,15,7,472,2,10,High
2305,Accident,South,Night,Saturday,Rainy,Low,Yes,14.0,15,14,281,7,8,High
2306,Assault,Central,Evening,Friday,Cloudy,Medium,No,12.0,20,8,325,3,11,High
2307,Theft,North,Evening,Monday,Cloudy,High,No,19.0,23,18,310,7,9,High
2308,Accident,East,Evening,Tuesday,Sunny,Medium,Yes,24.0,17,17,232,7,11,High
2309,Assault,East,Morning,Wednesday,Rainy,Low,No,15.0,9,27,80,8,12,High
2310,Theft,South,Morning,Sunday,Rainy,High,No,5.0,14,21,340,1,1,Low
2311,Theft,North,Morning,Saturday,Rainy,Medium,Yes,25.0,21,32,134,3,1,Low
2312,Theft,West,Night,Tuesday,Sunny,High,Yes,18.0,9,13,498,5,3,High
2313,Medical,South,Afternoon,Tuesday,Cloudy,Low,No,7.0,12,13,180,2,5,Medium
2314,Medical,South,Evening,Friday,Cloudy,High,No,18.0,15,13,275,1,8,Medium
2315,Assault,Central,Morning,Tuesday,Rainy,Low,Yes,5.0,6,21,1,1,8,Medium
2316,Assault,South,Afternoon,Sunday,Cloudy,High,Yes,13.0,11,24,178,4,0,Medium
2317,Assault,Central,Morning,Friday,Rainy,High,Yes,12.0,8,27,406,1,13,High
2318,Accident,North,Evening,Sunday,Cloudy,Medium,Yes,3.0,7,5,66,1,17,High
2319,Medical,North,Evening,Wednesday,Rainy,High,No,13.0,29,12,40,5,19,High
2320,Fire,North,Afternoon,Monday,Rainy,Low,No,7.0,22,6,148,8,20,High
2321,Fire,West,Morning,Saturday,Sunny,Low,Yes,23.0,27,5,468,8,17,High
2322,Medical,Central,Morning,Wednesday,Rainy,High,No,11.0,12,29,372,10,14,High
2323,Theft,Central,Evening,Tuesday,Cloudy,High,Yes,14.0,23,23,469,6,15,High
2324,Accident,East,Afternoon,Friday,Cloudy,High,No,21.0,25,7,309,7,13,High
2325,Assault,West,Afternoon,Tuesday,Rainy,Medium,No,4.0,17,25,194,1,2,Low
2326,Fire,West,Night,Monday,Sunny,Medium,Yes,5.0,17,24,458,8,1,High
2327,Fire,North,Evening,Tuesday,Rainy,High,No,4.0,9,26,301,5,17,High
2328,Accident,East,Evening,Thursday,Rainy,Low,No,23.0,24,29,315,10,5,High
2329,Fire,East,Afternoon,Tuesday,Rainy,High,Yes,24.0,10,19,273,1,9,Medium
2330,Accident,North,Evening,Wednesday,Sunny,Medium,Yes,17.0,27,12,141,1,2,Low
2331,Medical,North,Night,Tuesday,Rainy,High,No,13.0,19,22,274,6,10,High
2332,Theft,South,Afternoon,Tuesday,Cloudy,Low,No,8.0,16,32,84,1,8,Medium
2333,Accident,Central,Afternoon,Friday,Rainy,Low,Yes,8.0,12,9,150,10,11,High
2334,Fire,Central,Morning,Thursday,Sunny,Low,No,22.0,18,29,11,5,4,Medium
2335,Theft,East,Morning,Thursday,Rainy,High,Yes,22.0,9,12,488,5,5,High
2336,Assault,Central,Afternoon,Thursday,Sunny,Medium,Yes,21.0,10,29,184,2,7,Medium
2337,Fire,Central,Afternoon,Friday,Sunny,Medium,No,4.0,11,11,420,3,11,High
2338,Medical,North,Morning,Friday,Sunny,High,Yes,4.0,18,10,95,1,4,Low
2339,Theft,Central,Morning,Monday,Sunny,High,Yes,10.0,20,35,192,4,19,High
2340,Theft,West,Afternoon,Tuesday,Rainy,Medium,No,23.0,15,31,363,3,18,High
2341,Theft,West,Afternoon,Tuesday,Sunny,Medium,No,14.0,16,23,33,8,16,High
2342,Assault,Central,Morning,Wednesday,Rainy,Medium,No,5.0,17,33,70,4,7,Medium
2343,Theft,Central,Evening,Sunday,Rainy,Low,Yes,10.0,19,4,376,8,9,High
2344,Assault,East,Morning,Wednesday,Sunny,High,No,18.0,18,30,344,2,14,High
2345,Medical,North,Evening,Thursday,Cloudy,Low,No,3.0,30,14,35,7,4,High
2346,Fire,North,Morning,Thursday,Rainy,High,No,4.0,9,12,409,2,19,High
2347,Fire,East,Afternoon,Tuesday,Sunny,Low,No,18.0,25,31,198,1,20,High
2348,Fire,West,Evening,Saturday,Cloudy,Medium,No,21.0,9,8,277,2,11,Medium
2349,Fire,Central,Evening,Tuesday,Sunny,Low,Yes,5.0,7,22,467,4,15,High
2350,Fire,North,Afternoon,Tuesday,Rainy,Medium,No,10.0,23,13,233,4,10,High
2351,Medical,South,Afternoon,Thursday,Cloudy,High,No,19.0,17,28,338,10,20,High
2352,Assault,East,Morning,Wednesday,Sunny,High,Yes,9.0,30,35,252,2,17,High
2353,Assault,East,Afternoon,Saturday,Rainy,Medium,No,11.0,26,5,49,1,3,Low
2354,Fire,West,Afternoon,Wednesday,Rainy,Medium,Yes,10.0,16,8,221,3,14,High
2355,Assault,Central,Night,Thursday,Rainy,High,No,24.0,17,24,251,4,11,High
2356,Accident,Central,Evening,Saturday,Rainy,Low,Yes,16.0,10,14,151,9,18,High
2357,Assault,Central,Afternoon,Friday,Rainy,Medium,No,7.0,15,4,209,5,20,High
2358,Assault,South,Night,Thursday,Cloudy,Medium,Yes,6.0,9,7,476,9,10,High
2359,Medical,West,Afternoon,Wednesday,Cloudy,Medium,Yes,13.0,27,5,484,10,7,High
2360,Accident,North,Afternoon,Tuesday,Sunny,Medium,No,6.0,14,31,68,2,18,High
2361,Medical,West,Afternoon,Wednesday,Sunny,High,No,12.0,16,35,282,8,0,High
2362,Theft,East,Night,Friday,Cloudy,Low,Yes,9.0,12,12,235,1,0,Low
2363,Medical,East,Evening,Monday,,,No,,27,7,228,4,20,High
2364,Assault,South,Afternoon,Sunday,Cloudy,Medium,Yes,3.0,17,16,393,7,14,High
2365,Theft,North,Evening,Friday,Rainy,Low,No,7.0,30,13,58,1,2,Low
2366,Assault,West,Night,Monday,Cloudy,Low,No,9.0,11,17,396,5,17,High
2367,Assault,North,Evening,Saturday,Cloudy,Medium,No,5.0,27,17,371,8,20,High
2368,Assault,East,Morning,Monday,Sunny,Low,No,7.0,5,27,449,7,19,High
2369,Theft,North,Morning,Monday,Rainy,Medium,No,21.0,11,27,190,10,2,High
2370,Medical,North,Afternoon,Friday,Cloudy,High,Yes,19.0,27,7,244,2,11,Medium
2371,Theft,East,Afternoon,Monday,,,No,,6,22,131,5,20,High
2372,Fire,Central,Morning,Wednesday,Cloudy,High,Yes,24.0,11,25,175,9,2,High
2373,Fire,North,Morning,Monday,Rainy,High,No,13.0,16,7,159,8,14,High
2374,Medical,East,Morning,Monday,Cloudy,Low,Yes,6.0,20,32,145,7,14,High
2375,Assault,North,Night,Monday,Sunny,Medium,No,15.0,24,17,405,8,3,High
2376,Medical,Central,Night,Sunday,Rainy,Medium,No,16.0,8,9,410,7,16,High
2377,Fire,West,Morning,Thursday,Sunny,High,No,9.0,26,16,377,10,16,High
2378,Accident,East,Morning,Friday,Rainy,Medium,No,9.0,16,16,171,1,17,High
2379,Accident,South,Afternoon,Friday,Cloudy,High,Yes,20.0,16,19,362,8,4,High
2380,Theft,West,Night,Wednesday,Cloudy,Low,Yes,15.0,26,13,82,5,12,High
2381,Medical,South,Morning,Sunday,Sunny,Low,Yes,16.0,18,35,277,6,8,High
2382,Assault,West,Night,Friday,Cloudy,High,Yes,8.0,19,15,175,9,6,High
2383,Fire,East,Afternoon,Sunday,Cloudy,Medium,No,23.0,16,7,163,5,2,Medium
2384,Fire,North,Night,Tuesday,Cloudy,Low,No,3.0,30,33,55,7,7,High
2385,Assault,West,Morning,Monday,Cloudy,Medium,Yes,18.0,30,34,285,4,5,Medium
2386,Fire,North,Morning,Monday,Rainy,Low,Yes,23.0,21,28,66,6,15,High
2387,Fire,East,Evening,Thursday,Sunny,High,Yes,25.0,13,13,25,2,4,Low
2388,Assault,North,Night,Monday,Cloudy,High,No,25.0,26,32,379,6,15,High
2389,Accident,West,Night,Sunday,Rainy,Medium,No,25.0,24,31,193,2,11,Medium
2390,Fire,East,Evening,Monday,Sunny,High,No,24.0,17,19,311,1,19,High
2391,Accident,South,Night,Friday,Sunny,High,Yes,7.0,26,28,83,3,9,Medium
2392,Fire,Central,Morning,Thursday,Sunny,Medium,No,21.0,7,20,429,3,2,Medium
2393,Accident,West,Morning,Monday,Rainy,Low,Yes,16.0,6,11,344,8,7,High
2394,Theft,North,Morning,Tuesday,Rainy,Medium,Yes,25.0,9,30,36,1,12,Medium
2395,Medical,South,Afternoon,Wednesday,Rainy,High,Yes,13.0,24,33,433,5,14,High
2396,Accident,Central,Night,Thursday,Cloudy,Low,No,22.0,10,10,252,6,2,Medium
2397,Accident,South,Afternoon,Monday,Sunny,Low,No,16.0,25,28,125,7,16,High
2398,Medical,South,Evening,Thursday,Cloudy,Medium,No,16.0,16,13,419,3,13,High
2399,Accident,North,Morning,Sunday,Sunny,High,Yes,18.0,26,12,462,10,5,High
2400,Accident,West,Morning,Wednesday,Sunny,High,Yes,24.0,6,9,280,1,12,Medium
2401,Assault,North,Night,Saturday,Sunny,High,Yes,11.0,11,13,393,9,10,High
2402,Assault,Central,Afternoon,Sunday,Sunny,Low,Yes,16.0,25,17,121,4,10,High
2403,Theft,Central,Night,Friday,Sunny,High,Yes,21.0,6,19,370,1,1,Low
2404,Accident,East,Morning,Wednesday,Cloudy,High,Yes,4.0,10,18,438,5,17,High
2405,Theft,East,Afternoon,Saturday,Rainy,Medium,No,22.0,28,18,350,10,1,High
2406,Medical,North,Afternoon,Tuesday,Cloudy,High,No,15.0,10,5,125,2,13,High
2407,Accident,West,Morning,Sunday,Rainy,High,Yes,21.0,14,33,35,9,11,High
2408,Fire,North,Night,Thursday,Sunny,High,No,4.0,16,17,425,2,2,Medium
2409,Accident,South,Night,Friday,Sunny,Medium,No,7.0,8,11,258,10,9,High
2410,Assault,West,Morning,Friday,Rainy,Medium,No,6.0,17,35,332,6,0,Medium
2411,Assault,South,Night,Friday,Cloudy,High,No,20.0,30,17,337,3,16,High
2412,Assault,West,Afternoon,Friday,Sunny,Low,No,15.0,29,14,45,1,20,High
2413,Medical,South,Night,Saturday,Rainy,Low,No,19.0,27,4,223,7,14,High
2414,Assault,East,Afternoon,Sunday,Rainy,High,Yes,20.0,25,4,87,6,5,Medium
2415,Assault,South,Night,Wednesday,Cloudy,Medium,No,22.0,20,34,166,3,10,Medium
2416,Medical,North,Evening,Monday,Sunny,High,No,9.0,22,27,13,5,17,High
2417,Accident,West,Afternoon,Friday,,,No,,29,28,396,2,14,High
2418,Theft,North,Evening,Friday,Rainy,Low,Yes,20.0,22,32,180,7,2,Medium
2419,Accident,East,Afternoon,Friday,,,No,,27,15,397,6,1,High
2420,Theft,South,Afternoon,Monday,Sunny,Low,Yes,4.0,25,18,328,6,14,High
2421,Theft,West,Evening,Tuesday,Cloudy,Low,No,5.0,25,29,325,6,0,Medium
2422,Fire,West,Afternoon,Sunday,Sunny,High,Yes,8.0,10,18,177,10,4,High
2423,Fire,North,Afternoon,Sunday,Rainy,Low,No,3.0,30,35,87,7,1,Medium
2424,Accident,South,Night,Sunday,Cloudy,High,No,25.0,30,32,72,7,8,High
2425,Accident,East,Night,Saturday,Cloudy,Medium,No,18.0,30,9,358,1,10,Medium
2426,Fire,East,Evening,Wednesday,Rainy,Low,No,15.0,22,35,131,8,1,High
2427,Medical,Central,Night,Wednesday,Cloudy,Low,No,11.0,17,31,371,6,2,High
2428,Accident,Central,Night,Saturday,Sunny,Medium,No,20.0,28,18,102,9,9,High
2429,Fire,South,Morning,Sunday,Cloudy,Medium,No,12.0,21,24,223,4,12,High
2430,Fire,South,Night,Sunday,Cloudy,High,Yes,3.0,21,22,269,6,15,High
2431,Medical,North,Evening,Monday,Cloudy,Medium,No,16.0,24,25,154,5,7,High
2432,Assault,West,Afternoon,Saturday,Sunny,Low,No,22.0,10,21,185,1,1,Low
2433,Medical,North,Night,Thursday,Sunny,High,No,22.0,29,16,144,4,5,Medium
2434,Theft,South,Morning,Monday,Rainy,Low,No,13.0,13,26,433,3,18,High
2435,Theft,East,Evening,Monday,Cloudy,Low,Yes,14.0,6,12,180,9,3,High
2436,Assault,Central,Evening,Sunday,Cloudy,High,Yes,10.0,7,12,108,5,10,High
2437,Fire,North,Morning,Monday,Sunny,Low,No,22.0,29,25,385,4,15,High
2438,Fire,West,Evening,Tuesday,Cloudy,Medium,No,8.0,17,26,15,10,8,High
2439,Medical,East,Night,Tuesday,,,No,,27,7,413,3,11,High
2440,Theft,Central,Morning,Friday,Sunny,Medium,Yes,5.0,13,31,150,6,10,High
2441,Fire,West,Morning,Sunday,Rainy,Low,No,14.0,16,24,245,2,9,Medium
2442,Fire,West,Evening,Thursday,Sunny,Low,Yes,16.0,19,16,279,3,3,Medium
2443,Assault,East,Morning,Tuesday,Rainy,Low,No,14.0,18,14,426,6,15,High
2444,Fire,North,Morning,Thursday,Cloudy,Low,Yes,23.0,19,29,61,9,16,High
2445,Medical,Central,Evening,Monday,Rainy,High,No,10.0,5,19,427,10,13,High
2446,Medical,Central,Afternoon,Sunday,Sunny,High,No,4.0,27,25,160,1,10,Medium
2447,Accident,South,Morning,Wednesday,Cloudy,Medium,Yes,8.0,29,17,117,8,3,High
2448,Medical,South,Night,Wednesday,Rainy,Low,Yes,4.0,9,27,333,5,4,High
2449,Fire,West,Evening,Sunday,Rainy,Medium,No,6.0,12,20,90,9,7,High
2450,Accident,East,Morning,Saturday,Rainy,High,No,22.0,7,11,95,8,19,High
2451,Accident,South,Night,Friday,Rainy,Low,Yes,19.0,27,16,459,4,2,Medium
2452,Assault,North,Morning,Wednesday,Sunny,Medium,Yes,8.0,26,34,352,1,20,High
2453,Accident,North,Night,Tuesday,Sunny,High,Yes,22.0,9,28,59,10,14,High
2454,Medical,West,Afternoon,Sunday,Cloudy,Low,Yes,5.0,28,7,73,7,19,High
2455,Accident,West,Afternoon,Saturday,Rainy,Medium,No,10.0,17,8,304,2,17,High
2456,Assault,North,Night,Saturday,Rainy,Medium,Yes,14.0,9,32,396,2,0,Low
2457,Accident,North,Morning,Sunday,Sunny,Low,Yes,4.0,13,21,443,6,6,High
2458,Medical,Central,Morning,Tuesday,Cloudy,Medium,No,10.0,22,35,381,7,16,High
2459,Assault,West,Morning,Tuesday,Cloudy,Low,No,13.0,21,29,88,1,19,High
2460,Accident,East,Morning,Friday,Cloudy,High,Yes,11.0,18,33,310,1,6,Medium
2461,Theft,North,Afternoon,Sunday,Cloudy,High,Yes,20.0,21,10,404,4,13,High
2462,Theft,South,Afternoon,Wednesday,Rainy,Low,Yes,4.0,29,24,89,8,2,High
2463,Fire,Central,Afternoon,Wednesday,Sunny,Low,Yes,7.0,5,10,159,9,5,High
2464,Assault,Central,Morning,Saturday,Cloudy,Medium,Yes,24.0,28,8,379,9,6,High
2465,Assault,South,Night,Friday,Sunny,Medium,No,10.0,22,9,431,7,0,High
2466,Theft,East,Afternoon,Monday,Rainy,High,Yes,8.0,6,6,220,8,15,High
2467,Assault,South,Evening,Friday,Rainy,Low,No,3.0,19,11,495,1,15,High
2468,Theft,North,Morning,Friday,Rainy,High,No,17.0,5,27,93,2,6,Medium
2469,Fire,Central,Night,Wednesday,Rainy,Medium,Yes,16.0,24,34,133,6,11,High
2470,Fire,West,Night,Saturday,Cloudy,Low,No,16.0,20,9,96,10,14,High
2471,Assault,North,Afternoon,Saturday,Rainy,Medium,No,10.0,23,26,434,3,13,High
2472,Fire,West,Morning,Tuesday,Cloudy,High,No,14.0,16,35,113,9,0,High
2473,Fire,East,Night,Monday,Rainy,Medium,No,8.0,28,12,422,5,1,Medium
2474,Theft,East,Morning,Monday,Rainy,Medium,Yes,16.0,11,17,91,7,15,High
2475,Fire,East,Afternoon,Monday,Cloudy,Medium,No,24.0,8,27,90,5,20,High
2476,Accident,West,Evening,Thursday,Cloudy,High,No,11.0,20,5,455,4,13,High
2477,Medical,Central,Afternoon,Monday,Sunny,Medium,Yes,3.0,11,28,262,10,15,High
2478,Fire,North,Evening,Friday,Sunny,High,Yes,23.0,12,29,350,8,19,High
2479,Assault,East,Afternoon,Wednesday,Sunny,Low,No,8.0,20,7,59,10,20,High
2480,Medical,West,Afternoon,Tuesday,Cloudy,Low,No,21.0,8,9,194,1,4,Low
2481,Medical,North,Night,Saturday,Cloudy,Medium,Yes,9.0,5,9,64,8,16,High
2482,Medical,West,Evening,Friday,Cloudy,Medium,Yes,19.0,24,20,172,8,14,High
2483,Theft,East,Night,Sunday,Rainy,Medium,No,6.0,20,11,83,6,4,High
2484,Theft,West,Morning,Thursday,Sunny,High,No,20.0,24,10,378,9,3,High
2485,Theft,South,Night,Wednesday,Rainy,Medium,Yes,6.0,18,16,442,7,7,High
2486,Fire,West,Morning,Monday,Cloudy,Low,Yes,22.0,14,30,53,7,13,High
2487,Fire,North,Night,Monday,Rainy,Medium,No,25.0,6,11,272,7,5,High
2488,Fire,West,Morning,Sunday,Sunny,Low,No,6.0,17,18,408,4,5,High
2489,Theft,East,Morning,Tuesday,Rainy,High,Yes,13.0,13,6,441,10,16,High
2490,Medical,South,Evening,Saturday,Rainy,Low,Yes,14.0,21,25,183,10,9,High
2491,Fire,East,Evening,Monday,Rainy,Medium,Yes,9.0,24,13,247,3,8,Medium
2492,Accident,West,Night,Tuesday,Sunny,High,Yes,13.0,22,8,359,10,5,High
2493,Fire,Central,Evening,Wednesday,Rainy,Low,Yes,6.0,27,29,208,4,1,Medium
2494,Assault,South,Morning,Friday,Sunny,Low,No,10.0,8,24,129,9,10,High
2495,Medical,North,Night,Saturday,Cloudy,Medium,No,24.0,28,25,205,10,16,High
2496,Theft,Central,Afternoon,Saturday,Sunny,Medium,No,7.0,25,21,276,10,14,High
2497,Medical,North,Morning,Tuesday,Sunny,High,No,5.0,18,29,169,4,20,High
2498,Fire,North,Night,Saturday,Sunny,High,No,17.0,5,34,479,4,13,High
2499,Fire,East,Morning,Saturday,Cloudy,High,Yes,12.0,9,14,362,1,5,Medium
2500,Assault,East,Evening,Monday,Sunny,High,Yes,8.0,28,19,211,1,7,Medium
2501,Fire,North,Afternoon,Saturday,Rainy,Low,No,8.0,14,21,149,5,8,High
2502,Accident,North,Morning,Saturday,Cloudy,High,No,12.0,19,30,358,1,19,High
2503,Theft,East,Night,Wednesday,Sunny,High,Yes,11.0,5,22,173,2,13,High
2504,Accident,East,Morning,Saturday,Cloudy,High,Yes,13.0,14,12,240,4,1,Medium
2505,Theft,South,Evening,Thursday,Rainy,High,No,15.0,7,8,466,9,5,High
2506,Fire,South,Night,Thursday,Cloudy,Medium,No,21.0,10,6,384,3,18,High
2507,Medical,East,Afternoon,Tuesday,Cloudy,Medium,Yes,22.0,10,14,340,10,13,High
2508,Medical,North,Afternoon,Sunday,Rainy,Low,No,5.0,25,16,129,10,2,High
2509,Medical,South,Evening,Thursday,Sunny,Low,No,15.0,18,15,151,3,0,Low
2510,Fire,West,Evening,Monday,Cloudy,High,No,10.0,12,20,276,9,19,High
2511,Medical,West,Evening,Sunday,Rainy,Low,No,11.0,28,6,463,7,19,High
2512,Medical,East,Evening,Monday,Rainy,Medium,Yes,8.0,17,12,373,4,17,High
2513,Medical,Central,Evening,Friday,Rainy,Medium,Yes,21.0,16,14,421,6,0,Medium
2514,Accident,South,Evening,Friday,Sunny,Medium,No,22.0,18,22,292,4,13,High
2515,Theft,North,Evening,Wednesday,Sunny,High,No,17.0,8,16,23,6,8,High
2516,Assault,Central,Night,Thursday,Rainy,High,No,12.0,28,29,479,4,8,High
2517,Theft,West,Morning,Monday,Rainy,High,No,25.0,8,33,9,8,13,High
2518,Assault,North,Evening,Thursday,Rainy,Medium,No,9.0,30,20,42,2,0,Low
2519,Theft,Central,Night,Monday,Cloudy,Low,No,3.0,25,25,373,7,10,High
2520,Fire,East,Afternoon,Wednesday,Cloudy,High,No,11.0,23,15,340,8,9,High
2521,Theft,East,Night,Thursday,Cloudy,High,Yes,3.0,13,24,265,10,10,High
2522,Fire,Central,Night,Monday,Rainy,High,Yes,4.0,9,20,176,8,9,High
2523,Fire,East,Morning,Sunday,Cloudy,Low,No,6.0,14,6,411,6,14,High
2524,Assault,South,Evening,Friday,Sunny,High,No,15.0,14,8,220,8,5,High
2525,Accident,Central,Evening,Tuesday,Sunny,High,Yes,24.0,17,16,445,9,1,High
2526,Medical,East,Morning,Sunday,Cloudy,High,Yes,7.0,19,28,395,1,2,Low
2527,Fire,West,Night,Wednesday,Cloudy,Medium,No,23.0,21,27,389,1,9,Medium
2528,Fire,North,Afternoon,Saturday,Rainy,Low,No,15.0,15,30,457,1,6,Medium
2529,Assault,Central,Night,Saturday,Cloudy,High,Yes,9.0,25,20,349,5,9,High
2530,Fire,South,Evening,Thursday,Cloudy,Medium,Yes,5.0,26,13,54,4,17,High
2531,Assault,East,Evening,Sunday,Rainy,Medium,No,17.0,12,11,366,8,1,High
2532,Assault,West,Evening,Saturday,Sunny,High,No,7.0,17,19,89,7,13,High
2533,Accident,South,Evening,Sunday,Cloudy,High,No,14.0,24,21,136,8,15,High
2534,Accident,North,Afternoon,Thursday,Rainy,Medium,No,9.0,19,33,301,3,11,High
2535,Theft,West,Night,Thursday,Rainy,Low,No,3.0,13,13,244,9,9,High
2536,Theft,East,Night,Sunday,Sunny,High,Yes,9.0,14,9,228,10,11,High
2537,Theft,Central,Evening,Saturday,Sunny,Medium,No,4.0,30,6,319,1,18,High
2538,Accident,East,Afternoon,Friday,Rainy,High,No,7.0,12,22,183,7,16,High
2539,Assault,West,Morning,Saturday,Cloudy,High,Yes,8.0,11,12,126,6,10,High
2540,Theft,North,Afternoon,Sunday,Rainy,High,No,3.0,23,9,134,1,14,High
2541,Accident,North,Morning,Friday,Sunny,High,No,22.0,27,29,40,7,2,Medium
2542,Theft,East,Evening,Thursday,Rainy,Medium,Yes,11.0,17,31,111,9,14,High
2543,Theft,East,Night,Saturday,Cloudy,Medium,No,16.0,21,35,330,9,20,High
2544,Accident,South,Evening,Thursday,Rainy,High,No,25.0,24,5,281,7,4,High
2545,Fire,South,Afternoon,Monday,Cloudy,Low,Yes,22.0,7,21,270,1,20,High
2546,Assault,South,Night,Tuesday,Sunny,Low,No,3.0,15,21,217,8,9,High
2547,Assault,North,Evening,Thursday,Rainy,Medium,Yes,9.0,7,28,182,1,2,Low
2548,Medical,East,Afternoon,Wednesday,Rainy,Medium,No,5.0,13,33,283,4,18,High
2549,Accident,North,Morning,Saturday,Cloudy,Low,Yes,13.0,24,20,2,3,6,Medium
2550,Medical,West,Night,Wednesday,Rainy,Medium,No,10.0,16,9,247,9,20,High
2551,Medical,South,Morning,Tuesday,Rainy,High,No,9.0,16,8,105,2,2,Low
2552,Accident,South,Evening,Saturday,Sunny,High,Yes,13.0,22,9,137,4,13,High
2553,Medical,Central,Evening,Saturday,Cloudy,Low,Yes,13.0,15,7,282,8,19,High
2554,Assault,West,Evening,Sunday,Cloudy,Low,Yes,14.0,30,11,193,9,10,High
2555,Medical,Central,Morning,Friday,Cloudy,Low,Yes,21.0,12,23,106,9,3,High
2556,Fire,East,Afternoon,Saturday,Cloudy,Low,No,5.0,13,28,492,4,17,High
2557,Fire,North,Morning,Tuesday,Sunny,High,No,14.0,23,33,53,3,19,High
2558,Accident,West,Morning,Tuesday,Sunny,Low,No,12.0,7,9,242,3,6,Medium
2559,Fire,North,Afternoon,Monday,Rainy,Medium,Yes,4.0,7,24,186,6,6,High
2560,Theft,Central,Night,Wednesday,Cloudy,High,No,5.0,26,10,226,8,17,High
2561,Fire,East,Evening,Wednesday,Sunny,High,Yes,16.0,28,31,164,6,14,High
2562,Accident,South,Morning,Thursday,Rainy,High,Yes,7.0,18,21,303,10,3,High
2563,Assault,West,Morning,Monday,Sunny,High,Yes,3.0,18,10,470,10,3,High
2564,Assault,Central,Afternoon,Thursday,,,Yes,,30,11,341,3,8,High
2565,Fire,West,Night,Tuesday,Sunny,High,Yes,14.0,25,29,325,2,15,High
2566,Theft,East,Afternoon,Tuesday,Cloudy,High,No,25.0,7,4,255,5,18,High
2567,Theft,South,Afternoon,Tuesday,Sunny,Low,No,20.0,25,33,67,8,4,High
2568,Accident,South,Night,Monday,Sunny,High,No,22.0,20,12,287,5,10,High
2569,Accident,Central,Morning,Saturday,Sunny,High,No,8.0,27,6,152,2,10,Medium
2570,Fire,South,Evening,Monday,Rainy,Medium,No,4.0,14,5,413,1,12,High
2571,Theft,Central,Morning,Wednesday,Sunny,High,No,15.0,27,25,135,8,14,High
2572,Assault,East,Evening,Thursday,Sunny,Low,No,9.0,6,10,201,7,8,High
2573,Accident,West,Afternoon,Monday,Sunny,Medium,Yes,17.0,28,28,261,9,16,High
2574,Theft,North,Afternoon,Friday,Rainy,Low,No,7.0,23,5,332,7,4,High
2575,Theft,Central,Morning,Tuesday,Cloudy,Low,Yes,11.0,26,32,426,8,18,High
2576,Fire,Central,Afternoon,Saturday,Cloudy,Medium,No,19.0,23,24,63,6,8,High
2577,Accident,South,Evening,Thursday,Sunny,High,Yes,11.0,19,7,302,2,3,Medium
2578,Theft,Central,Evening,Saturday,Sunny,Low,No,16.0,20,17,184,10,2,High
2579,Medical,West,Evening,Thursday,Cloudy,High,Yes,11.0,21,29,5,8,17,High
2580,Fire,Central,Afternoon,Saturday,Cloudy,Low,Yes,14.0,29,15,457,10,5,High
2581,Theft,West,Evening,Thursday,Cloudy,High,No,10.0,16,17,112,9,4,High
2582,Medical,West,Evening,Wednesday,Cloudy,Low,No,23.0,20,5,249,7,13,High
2583,Accident,South,Morning,Tuesday,Rainy,High,Yes,21.0,15,34,376,5,8,High
2584,Medical,South,Night,Wednesday,Cloudy,High,No,13.0,16,25,481,2,15,High
2585,Medical,West,Afternoon,Thursday,Rainy,Medium,Yes,25.0,25,22,45,5,2,Medium
2586,Accident,East,Afternoon,Wednesday,Cloudy,Medium,No,22.0,20,31,405,2,19,High
2587,Theft,Central,Night,Thursday,Cloudy,High,No,23.0,18,23,37,6,11,High
2588,Accident,Central,Afternoon,Monday,Sunny,Medium,Yes,4.0,23,17,479,4,0,Medium
2589,Fire,East,Afternoon,Tuesday,Cloudy,Medium,Yes,21.0,20,13,44,1,10,Medium
2590,Assault,Central,Morning,Friday,Cloudy,High,No,8.0,20,28,396,5,19,High
2591,Accident,North,Afternoon,Tuesday,Rainy,High,Yes,5.0,30,6,336,7,1,High
2592,Accident,Central,Night,Thursday,Cloudy,Medium,Yes,10.0,19,19,430,2,10,High
2593,Accident,South,Afternoon,Thursday,Sunny,High,No,11.0,18,5,168,6,8,High
2594,Assault,South,Morning,Saturday,Rainy,High,Yes,15.0,25,12,439,8,8,High
2595,Theft,Central,Afternoon,Saturday,Cloudy,Medium,No,22.0,23,8,474,7,9,High
2596,Theft,South,Morning,Wednesday,Rainy,High,Yes,24.0,9,27,379,8,20,High
2597,Accident,East,Afternoon,Monday,Sunny,Medium,Yes,24.0,20,33,126,9,0,High
2598,Assault,Central,Evening,Wednesday,Cloudy,Medium,Yes,22.0,16,29,134,7,6,High
2599,Theft,Central,Morning,Friday,Cloudy,Low,No,3.0,20,25,288,8,19,High
2600,Accident,North,Evening,Friday,Sunny,Medium,Yes,5.0,9,21,192,8,11,High
2601,Medical,South,Evening,Saturday,Cloudy,Medium,No,22.0,22,15,220,2,8,Medium
2602,Medical,North,Night,Monday,Rainy,Medium,No,14.0,17,24,228,8,13,High
2603,Fire,West,Night,Saturday,Rainy,Low,No,25.0,11,23,135,10,20,High
2604,Medical,East,Morning,Thursday,Rainy,High,Yes,8.0,9,4,410,7,18,High
2605,Medical,West,Night,Monday,Sunny,High,Yes,14.0,11,27,443,5,3,High
2606,Assault,South,Evening,Friday,Rainy,Low,Yes,23.0,13,33,64,2,10,Medium
2607,Accident,East,Night,Friday,Rainy,Medium,No,18.0,9,15,356,5,17,High
2608,Accident,North,Night,Friday,Rainy,High,No,11.0,25,35,115,2,10,Medium
2609,Fire,South,Evening,Wednesday,Rainy,High,Yes,24.0,15,13,110,8,19,High
2610,Assault,East,Morning,Saturday,Rainy,Medium,Yes,18.0,28,23,403,10,11,High
2611,Fire,West,Afternoon,Tuesday,Sunny,High,No,11.0,25,11,404,3,16,High
2612,Accident,West,Night,Saturday,Cloudy,Low,No,3.0,19,10,1,8,9,High
2613,Accident,North,Evening,Saturday,Rainy,High,No,18.0,28,19,343,8,18,High
2614,Assault,North,Morning,Thursday,Sunny,Low,No,18.0,14,27,266,1,6,Medium
2615,Theft,North,Night,Saturday,Sunny,Medium,No,17.0,16,5,10,2,2,Low
2616,Assault,Central,Night,Saturday,Cloudy,Low,No,11.0,23,6,405,10,20,High
2617,Theft,East,Afternoon,Saturday,Cloudy,High,No,15.0,27,13,349,6,3,High
2618,Assault,South,Evening,Saturday,Rainy,High,No,14.0,11,31,206,8,7,High
2619,Medical,Central,Afternoon,Wednesday,Sunny,Low,Yes,17.0,9,12,251,1,1,Low
2620,Theft,East,Afternoon,Monday,Cloudy,Medium,No,9.0,24,4,420,6,3,High
2621,Assault,West,Afternoon,Wednesday,Rainy,High,No,12.0,24,18,253,3,20,High
2622,Fire,North,Morning,Thursday,Cloudy,High,Yes,25.0,13,5,394,8,2,High
2623,Assault,North,Afternoon,Sunday,Rainy,Low,No,16.0,16,13,397,6,20,High
2624,Fire,Central,Night,Thursday,Cloudy,Low,Yes,21.0,13,8,460,4,15,High
2625,Theft,East,Afternoon,Wednesday,Sunny,Medium,Yes,9.0,30,14,345,3,4,Medium
2626,Accident,Central,Evening,Thursday,Rainy,Medium,No,23.0,22,13,300,2,15,High
2627,Accident,East,Evening,Wednesday,Sunny,Low,Yes,25.0,11,15,194,5,11,High
2628,Assault,South,Morning,Saturday,Rainy,Low,Yes,5.0,11,28,341,9,10,High
2629,Medical,South,Night,Sunday,Cloudy,Medium,No,23.0,22,10,283,4,20,High
2630,Assault,South,Afternoon,Monday,Sunny,Medium,Yes,18.0,7,20,275,2,8,Medium
2631,Theft,South,Night,Tuesday,Cloudy,Low,No,11.0,6,10,125,4,10,High
2632,Accident,West,Night,Monday,Cloudy,High,Yes,19.0,20,29,101,1,0,Low
2633,Assault,West,Afternoon,Saturday,Cloudy,Medium,Yes,16.0,8,19,339,7,15,High
2634,Assault,South,Morning,Thursday,Sunny,Low,No,18.0,27,8,216,8,20,High
2635,Accident,North,Night,Sunday,Cloudy,Low,Yes,15.0,22,7,269,9,16,High
2636,Assault,East,Night,Thursday,Rainy,Low,Yes,15.0,14,25,454,4,5,High
2637,Medical,North,Night,Sunday,Rainy,High,Yes,25.0,26,18,19,7,10,High
2638,Accident,South,Evening,Sunday,Cloudy,Low,No,23.0,5,18,369,10,15,High
2639,Medical,Central,Morning,Tuesday,Rainy,High,Yes,5.0,28,27,64,1,17,High
2640,Fire,North,Evening,Tuesday,Sunny,High,Yes,3.0,19,21,201,10,14,High
2641,Theft,South,Afternoon,Monday,Rainy,High,Yes,13.0,10,29,374,7,4,High
2642,Medical,North,Afternoon,Sunday,Cloudy,Low,Yes,17.0,16,21,363,9,16,High
2643,Medical,North,Morning,Thursday,Rainy,Medium,Yes,19.0,14,16,280,6,7,High
2644,Accident,West,Afternoon,Sunday,Cloudy,High,No,18.0,14,25,436,6,2,High
2645,Theft,South,Afternoon,Tuesday,Sunny,High,No,5.0,14,7,14,2,5,Medium
2646,Medical,Central,Morning,Tuesday,Rainy,High,No,21.0,27,34,263,6,20,High
2647,Fire,North,Evening,Thursday,Cloudy,Medium,Yes,5.0,20,5,253,2,15,High
2648,Theft,East,Morning,Thursday,Rainy,High,Yes,7.0,13,28,156,10,2,High
2649,Assault,Central,Evening,Monday,Cloudy,Medium,No,9.0,12,32,303,9,10,High
2650,Accident,South,Evening,Wednesday,Cloudy,High,No,4.0,5,28,238,8,13,High
2651,Fire,North,Afternoon,Tuesday,Sunny,Medium,No,23.0,29,34,432,4,2,Medium
2652,Theft,East,Evening,Friday,Sunny,High,No,11.0,15,11,171,8,15,High
2653,Accident,West,Morning,Sunday,Rainy,Medium,Yes,6.0,22,9,372,8,6,High
2654,Medical,East,Night,Thursday,Sunny,Low,Yes,22.0,29,27,27,8,14,High
2655,Assault,East,Evening,Saturday,Cloudy,Medium,No,18.0,17,23,248,1,18,High
2656,Fire,South,Night,Saturday,Cloudy,Low,No,19.0,23,33,237,6,4,High
2657,Medical,North,Evening,Saturday,Rainy,High,No,24.0,5,17,173,9,8,High
2658,Assault,North,Afternoon,Friday,Sunny,Medium,No,15.0,28,15,6,7,13,High
2659,Medical,East,Night,Monday,Cloudy,Low,No,17.0,19,32,320,1,14,High
2660,Assault,North,Morning,Monday,Rainy,Low,No,18.0,19,15,193,3,7,Medium
2661,Fire,North,Night,Friday,Cloudy,Low,No,22.0,18,15,67,2,17,High
2662,Theft,South,Afternoon,Friday,Cloudy,Low,No,9.0,26,19,84,4,7,Medium
2663,Assault,Central,Evening,Saturday,Sunny,High,Yes,15.0,27,5,195,5,0,Medium
2664,Accident,West,Night,Wednesday,Sunny,High,No,23.0,9,16,314,7,11,High
2665,Theft,North,Night,Sunday,Rainy,Medium,No,13.0,12,34,70,2,16,High
2666,Theft,Central,Morning,Wednesday,Sunny,Medium,No,13.0,12,10,273,5,15,High
2667,Accident,South,Night,Thursday,Rainy,Low,No,19.0,30,4,464,5,4,High
2668,Medical,Central,Night,Friday,Rainy,Low,Yes,18.0,22,31,410,6,0,Medium
2669,Fire,North,Night,Monday,Sunny,High,No,7.0,10,11,118,1,18,High
2670,Medical,West,Night,Tuesday,Cloudy,Medium,Yes,9.0,23,12,206,9,13,High
2671,Assault,South,Morning,Thursday,Cloudy,High,No,12.0,23,27,129,2,5,Medium
2672,Fire,South,Morning,Thursday,Sunny,Low,No,16.0,5,19,154,5,3,Medium
2673,Accident,East,Morning,Tuesday,Sunny,Low,Yes,8.0,21,35,360,2,1,Low
2674,Accident,North,Night,Wednesday,Cloudy,Medium,Yes,14.0,14,27,43,1,15,High
2675,Assault,East,Morning,Sunday,Sunny,Medium,Yes,15.0,18,12,29,2,8,Medium
2676,Fire,North,Afternoon,Sunday,Cloudy,Medium,Yes,17.0,13,21,349,7,18,High
2677,Fire,North,Evening,Friday,Rainy,Low,Yes,12.0,28,16,274,8,10,High
2678,Assault,North,Morning,Sunday,Rainy,Medium,No,20.0,27,4,111,9,12,High
2679,Theft,East,Evening,Friday,Cloudy,Low,No,7.0,17,35,79,10,7,High
2680,Medical,West,Night,Friday,Rainy,High,Yes,4.0,28,10,49,1,11,Medium
2681,Theft,North,Afternoon,Friday,Cloudy,High,No,14.0,7,12,317,1,4,Low
2682,Theft,East,Afternoon,Sunday,Rainy,High,No,25.0,9,32,122,3,7,Medium
2683,Accident,North,Morning,Thursday,Sunny,High,No,6.0,15,27,83,9,18,High
2684,Accident,West,Evening,Saturday,Sunny,Medium,Yes,8.0,5,33,145,2,19,High
2685,Fire,West,Afternoon,Wednesday,Cloudy,Low,Yes,10.0,23,30,288,5,14,High
2686,Assault,South,Night,Saturday,Rainy,Medium,Yes,23.0,23,34,92,2,9,Medium
2687,Accident,East,Night,Friday,Rainy,Low,No,23.0,14,16,153,5,6,Medium
2688,Fire,Central,Morning,Sunday,Sunny,High,Yes,13.0,17,23,244,6,3,High
2689,Fire,East,Night,Friday,Rainy,Low,Yes,23.0,5,22,139,4,17,High
2690,Assault,East,Night,Tuesday,Rainy,Medium,Yes,3.0,24,8,291,1,9,Medium
2691,Fire,East,Evening,Friday,Sunny,Low,Yes,15.0,17,12,451,5,5,High
2692,Accident,North,Morning,Saturday,Rainy,Low,No,10.0,6,9,401,7,19,High
2693,Assault,East,Morning,Wednesday,Rainy,Medium,No,17.0,10,15,56,4,3,Medium
2694,Medical,East,Afternoon,Friday,Sunny,Low,No,3.0,25,8,497,10,0,High
2695,Fire,South,Afternoon,Sunday,Cloudy,Medium,No,17.0,30,23,271,10,8,High
2696,Accident,South,Morning,Sunday,Sunny,Low,No,18.0,30,9,467,7,15,High
2697,Assault,East,Morning,Monday,Cloudy,Low,Yes,17.0,28,19,380,3,9,High
2698,Assault,East,Night,Thursday,Sunny,High,No,21.0,6,7,289,10,0,High
2699,Accident,East,Evening,Saturday,Sunny,High,No,19.0,20,19,75,5,14,High
2700,Medical,South,Morning,Saturday,Rainy,Medium,No,6.0,17,35,329,3,7,Medium
2701,Accident,South,Night,Friday,Sunny,Medium,No,10.0,24,16,485,5,18,High
2702,Fire,Central,Night,Friday,Cloudy,Low,No,8.0,30,26,379,4,18,High
2703,Fire,North,Night,Tuesday,Rainy,Medium,Yes,19.0,8,18,102,8,7,High
2704,Theft,South,Afternoon,Wednesday,Rainy,Medium,Yes,10.0,18,23,26,4,5,Medium
2705,Fire,North,Afternoon,Tuesday,Rainy,Low,No,9.0,27,33,276,10,11,High
2706,Accident,North,Morning,Thursday,Cloudy,Low,No,7.0,12,12,205,2,1,Low
2707,Theft,East,Afternoon,Tuesday,Cloudy,High,No,18.0,6,21,167,6,17,High
2708,Accident,East,Morning,Tuesday,Rainy,Low,Yes,5.0,7,14,202,6,9,High
2709,Fire,East,Morning,Wednesday,Cloudy,High,Yes,5.0,23,9,395,8,16,High
2710,Theft,East,Night,Sunday,Rainy,Medium,No,5.0,24,34,313,5,8,High
2711,Fire,Central,Afternoon,Wednesday,Rainy,Low,Yes,16.0,30,18,458,2,12,High
2712,Assault,South,Evening,Tuesday,Sunny,Low,No,7.0,7,27,62,7,13,High
2713,Fire,North,Evening,Friday,Cloudy,High,No,13.0,6,22,482,7,2,High
2714,Medical,West,Night,Monday,Rainy,Low,Yes,24.0,25,30,415,9,11,High
2715,Theft,North,Morning,Wednesday,Rainy,High,Yes,4.0,28,6,13,7,16,High
2716,Medical,Central,Morning,Friday,Cloudy,Low,Yes,22.0,9,35,376,1,6,Medium
2717,Fire,Central,Morning,Thursday,Cloudy,Medium,No,24.0,8,28,410,5,12,High
2718,Accident,North,Night,Wednesday,Rainy,High,Yes,16.0,24,6,271,2,11,High
2719,Assault,South,Night,Tuesday,Sunny,High,Yes,19.0,6,4,246,7,5,High
2720,Fire,East,Night,Wednesday,Sunny,Medium,Yes,23.0,11,33,230,5,4,Medium
2721,Medical,West,Evening,Monday,Cloudy,Medium,No,10.0,6,29,492,1,17,High
2722,Theft,East,Night,Thursday,Rainy,High,Yes,9.0,18,33,312,5,17,High
2723,Assault,East,Morning,Sunday,Cloudy,Medium,No,19.0,28,30,195,7,16,High
2724,Theft,East,Evening,Sunday,Rainy,Low,No,12.0,16,31,44,2,13,High
2725,Fire,Central,Afternoon,Monday,Cloudy,Low,Yes,19.0,6,32,475,4,2,Medium
2726,Fire,West,Night,Thursday,Sunny,Low,Yes,16.0,15,17,271,6,11,High
2727,Theft,Central,Afternoon,Sunday,Rainy,Low,No,25.0,22,34,194,2,15,High
2728,Theft,South,Evening,Saturday,Sunny,Low,No,24.0,9,4,281,5,15,High
2729,Accident,East,Morning,Friday,Cloudy,High,Yes,3.0,26,7,173,5,10,High
2730,Assault,West,Afternoon,Friday,Cloudy,Medium,Yes,9.0,23,35,301,10,17,High
2731,Fire,East,Afternoon,Friday,Sunny,High,Yes,15.0,11,4,194,5,3,Medium
2732,Accident,South,Evening,Friday,Sunny,Low,No,5.0,14,18,16,1,18,High
2733,Accident,East,Night,Sunday,Rainy,Low,No,21.0,23,30,55,5,14,High
2734,Fire,South,Evening,Tuesday,Rainy,Medium,No,19.0,24,28,184,4,3,Medium
2735,Fire,South,Evening,Monday,Rainy,Medium,No,7.0,12,6,3,1,5,Low
2736,Accident,Central,Morning,Sunday,Rainy,Low,Yes,8.0,16,9,437,8,3,High
2737,Assault,West,Morning,Saturday,Cloudy,Low,Yes,13.0,7,30,452,9,0,High
2738,Accident,West,Morning,Friday,Cloudy,Medium,Yes,18.0,21,22,297,4,4,Medium
2739,Medical,East,Evening,Wednesday,Rainy,Low,Yes,7.0,20,29,43,7,10,High
2740,Accident,Central,Night,Tuesday,Cloudy,Low,Yes,25.0,22,13,82,3,8,Medium
2741,Theft,South,Morning,Sunday,Sunny,High,Yes,5.0,14,27,121,8,14,High
2742,Accident,North,Afternoon,Saturday,Cloudy,Medium,Yes,23.0,23,11,195,3,12,High
2743,Medical,Central,Morning,Sunday,Sunny,High,Yes,11.0,19,9,44,7,0,Medium
2744,Accident,West,Night,Friday,Cloudy,High,Yes,24.0,26,13,434,6,12,High
2745,Accident,North,Afternoon,Sunday,Sunny,High,Yes,10.0,13,9,33,5,1,Medium
2746,Theft,East,Morning,Saturday,Cloudy,Low,Yes,23.0,8,23,484,2,17,High
2747,Accident,East,Night,Monday,Cloudy,Medium,No,17.0,23,4,326,6,3,High
2748,Assault,North,Evening,Saturday,Cloudy,Medium,Yes,4.0,30,28,294,1,8,Medium
2749,Assault,East,Evening,Thursday,Sunny,Low,No,6.0,13,26,12,2,6,Medium
2750,Assault,East,Morning,Tuesday,Sunny,Medium,No,22.0,13,7,339,6,15,High
2751,Theft,Central,Afternoon,Tuesday,Cloudy,Low,Yes,21.0,24,32,317,5,20,High
2752,Assault,East,Morning,Monday,Rainy,Low,Yes,12.0,7,15,383,7,19,High
2753,Medical,North,Evening,Thursday,Rainy,Low,Yes,14.0,12,8,219,3,14,High
2754,Accident,East,Night,Sunday,Sunny,Low,No,20.0,24,29,42,1,0,Low
2755,Theft,East,Night,Wednesday,Cloudy,Medium,No,15.0,14,5,203,4,1,Medium
2756,Medical,East,Morning,Thursday,Sunny,High,Yes,15.0,29,21,154,10,17,High
2757,Assault,North,Morning,Thursday,Rainy,Low,No,3.0,6,33,414,7,3,High
2758,Theft,West,Morning,Monday,Sunny,Medium,Yes,22.0,11,16,294,6,9,High
2759,Medical,North,Afternoon,Monday,Rainy,Medium,No,4.0,6,21,361,10,13,High
2760,Assault,East,Afternoon,Tuesday,Sunny,High,No,13.0,23,31,484,2,11,High
2761,Fire,South,Morning,Thursday,Cloudy,Low,Yes,25.0,15,27,374,10,13,High
2762,Accident,Central,Afternoon,Thursday,Cloudy,Medium,No,3.0,29,7,185,4,7,High
2763,Assault,South,Morning,Thursday,Sunny,High,No,25.0,8,34,369,4,12,High
2764,Fire,South,Evening,Sunday,Cloudy,Medium,No,11.0,21,35,356,7,4,High
2765,Medical,West,Morning,Wednesday,Cloudy,Low,Yes,7.0,20,28,428,4,19,High
2766,Medical,West,Night,Monday,Rainy,Low,No,6.0,29,34,296,5,6,High
2767,Accident,West,Afternoon,Monday,Cloudy,Low,No,6.0,20,18,287,6,20,High
2768,Accident,East,Night,Wednesday,Rainy,Low,No,15.0,27,16,174,3,0,Low
2769,Accident,West,Morning,Sunday,Sunny,High,Yes,24.0,25,24,53,1,9,Medium
2770,Medical,West,Night,Saturday,Cloudy,Low,No,18.0,27,10,339,5,4,Medium
2771,Theft,Central,Afternoon,Thursday,Sunny,Low,Yes,23.0,6,25,65,6,19,High
2772,Theft,East,Night,Monday,Rainy,Low,No,24.0,29,7,402,2,3,Medium
2773,Fire,North,Afternoon,Monday,Sunny,High,Yes,11.0,29,9,288,4,8,High
2774,Medical,West,Night,Tuesday,Sunny,High,Yes,24.0,17,7,272,4,9,High
2775,Assault,West,Afternoon,Saturday,Rainy,Medium,No,24.0,13,11,32,2,8,Medium
2776,Medical,Central,Afternoon,Tuesday,Sunny,Medium,Yes,7.0,9,8,36,7,19,High
2777,Assault,North,Afternoon,Sunday,Sunny,Low,Yes,12.0,8,34,270,2,12,High
2778,Medical,South,Night,Friday,Sunny,Medium,Yes,25.0,25,31,135,7,3,Medium
2779,Fire,South,Afternoon,Sunday,Cloudy,High,Yes,16.0,13,4,434,7,14,High
2780,Fire,Central,Afternoon,Saturday,Rainy,Medium,Yes,24.0,10,25,376,10,7,High
2781,Medical,Central,Evening,Sunday,Sunny,Low,No,10.0,19,20,195,3,19,High
2782,Accident,East,Evening,Sunday,Sunny,High,No,16.0,29,20,465,3,19,High
2783,Accident,South,Afternoon,Monday,Rainy,Medium,Yes,6.0,8,8,223,9,16,High
2784,Assault,North,Evening,Wednesday,Cloudy,Medium,Yes,3.0,15,35,363,10,16,High
2785,Medical,North,Afternoon,Wednesday,Cloudy,Low,Yes,18.0,21,34,358,7,5,High
2786,Fire,North,Night,Tuesday,Cloudy,Medium,No,15.0,12,33,366,1,8,Medium
2787,Theft,Central,Morning,Tuesday,Cloudy,Medium,No,9.0,15,23,111,1,4,Low
2788,Assault,Central,Afternoon,Friday,Rainy,Medium,No,18.0,19,18,302,10,18,High
2789,Assault,East,Morning,Monday,Sunny,Medium,Yes,23.0,9,20,35,6,18,High
2790,Fire,East,Night,Saturday,Rainy,Medium,Yes,3.0,11,31,494,7,14,High
2791,Fire,South,Morning,Sunday,Sunny,High,Yes,20.0,14,14,83,2,11,Medium
2792,Medical,South,Evening,Saturday,Cloudy,Low,No,4.0,28,13,204,6,7,High
2793,Medical,Central,Afternoon,Monday,Sunny,High,No,6.0,6,34,493,4,5,High
2794,Medical,East,Afternoon,Tuesday,Sunny,Medium,Yes,14.0,29,22,367,4,13,High
2795,Fire,Central,Night,Wednesday,Cloudy,Low,No,17.0,5,22,33,1,19,High
2796,Assault,East,Morning,Tuesday,Cloudy,High,No,25.0,18,17,251,3,19,High
2797,Theft,East,Morning,Monday,Cloudy,Low,No,24.0,27,5,170,6,2,Medium
2798,Assault,South,Afternoon,Saturday,Sunny,Low,Yes,25.0,9,12,394,9,8,High
2799,Accident,North,Afternoon,Saturday,Cloudy,High,Yes,7.0,9,19,6,7,14,High
2800,Accident,South,Night,Wednesday,Sunny,High,Yes,24.0,13,13,362,1,6,Medium
2801,Medical,North,Night,Saturday,Rainy,Low,Yes,7.0,22,5,393,7,18,High
2802,Accident,North,Afternoon,Tuesday,Sunny,Medium,No,22.0,17,34,431,7,13,High
2803,Theft,West,Night,Wednesday,,,Yes,,5,28,466,5,8,High
2804,Medical,North,Morning,Wednesday,Cloudy,High,Yes,12.0,14,25,352,1,17,High
2805,Fire,Central,Morning,Friday,Sunny,Medium,Yes,7.0,23,30,209,8,9,High
2806,Medical,Central,Night,Monday,Cloudy,High,Yes,13.0,5,30,184,2,0,Low
2807,Fire,South,Afternoon,Tuesday,Cloudy,High,Yes,25.0,15,27,169,2,5,Medium
2808,Accident,South,Evening,Wednesday,Cloudy,Low,No,9.0,19,32,258,6,17,High
2809,Medical,East,Morning,Sunday,Sunny,Low,Yes,13.0,28,16,208,8,5,High
2810,Fire,West,Night,Saturday,Cloudy,High,Yes,13.0,15,31,398,6,5,High
2811,Medical,Central,Morning,Tuesday,Sunny,Medium,No,5.0,19,21,21,7,7,High
2812,Theft,Central,Night,Monday,Rainy,Low,Yes,3.0,27,34,457,9,16,High
2813,Accident,East,Afternoon,Monday,Rainy,High,No,14.0,27,25,458,10,7,High
2814,Medical,Central,Morning,Monday,Cloudy,Low,No,13.0,19,35,209,10,14,High
2815,Accident,West,Night,Tuesday,Rainy,Medium,No,10.0,5,23,409,10,17,High
2816,Medical,Central,Night,Monday,Sunny,Medium,Yes,3.0,22,26,45,2,12,High
2817,Theft,North,Afternoon,Wednesday,Rainy,Medium,Yes,9.0,17,28,60,3,6,Medium
2818,Theft,West,Evening,Thursday,Sunny,High,Yes,23.0,23,18,344,3,16,High
2819,Medical,Central,Afternoon,Thursday,Sunny,High,No,22.0,29,34,375,4,18,High
2820,Medical,Central,Evening,Sunday,Sunny,High,No,10.0,11,35,479,7,1,High
2821,Medical,East,Afternoon,Friday,Rainy,Medium,Yes,19.0,17,10,441,9,19,High
2822,Assault,South,Night,Friday,Rainy,High,No,3.0,25,4,365,1,18,High
2823,Accident,East,Morning,Sunday,Sunny,Medium,No,24.0,25,20,161,5,14,High
2824,Accident,East,Afternoon,Wednesday,Rainy,Medium,Yes,16.0,9,28,464,10,5,High
2825,Medical,Central,Evening,Saturday,Cloudy,High,Yes,10.0,15,17,16,7,8,High
2826,Accident,Central,Evening,Thursday,Cloudy,Low,No,25.0,30,31,416,8,19,High
2827,Medical,East,Afternoon,Wednesday,Cloudy,Low,No,5.0,17,34,214,6,17,High
2828,Assault,West,Night,Monday,Cloudy,High,Yes,23.0,26,10,30,4,14,High
2829,Assault,Central,Afternoon,Thursday,Cloudy,Low,Yes,23.0,25,4,337,6,0,Medium
2830,Fire,South,Night,Friday,Cloudy,High,No,13.0,14,4,102,4,16,High
2831,Fire,South,Morning,Sunday,Sunny,High,No,13.0,26,6,489,3,17,High
2832,Accident,North,Evening,Friday,Rainy,Low,No,17.0,12,24,101,6,5,High
2833,Fire,East,Night,Thursday,Sunny,Medium,No,9.0,9,12,354,10,1,High
2834,Accident,East,Evening,Saturday,Rainy,Low,Yes,21.0,12,26,169,10,1,High
2835,Theft,South,Night,Wednesday,Rainy,Medium,No,6.0,20,20,21,1,13,Medium
2836,Theft,Central,Afternoon,Saturday,Cloudy,Low,Yes,6.0,29,14,410,8,12,High
2837,Assault,West,Morning,Tuesday,Sunny,Low,Yes,16.0,15,5,347,8,0,High
2838,Medical,East,Afternoon,Saturday,Sunny,Medium,No,12.0,14,30,187,1,12,Medium
2839,Fire,West,Afternoon,Saturday,Rainy,Medium,Yes,21.0,15,7,166,6,10,High
2840,Fire,South,Afternoon,Thursday,Rainy,Low,Yes,20.0,24,23,256,8,15,High
2841,Fire,West,Night,Saturday,Cloudy,Low,No,4.0,5,15,348,5,13,High
2842,Theft,Central,Night,Wednesday,Rainy,High,Yes,24.0,10,13,9,10,5,High
2843,Assault,North,Morning,Wednesday,Cloudy,Low,Yes,22.0,6,31,54,7,14,High
2844,Accident,Central,Morning,Thursday,Rainy,High,No,21.0,11,20,29,1,6,Low
2845,Medical,South,Afternoon,Sunday,Cloudy,Low,Yes,15.0,10,8,468,3,3,Medium
2846,Theft,North,Evening,Tuesday,Sunny,Medium,Yes,15.0,30,13,81,10,18,High
2847,Fire,Central,Afternoon,Saturday,Rainy,Medium,No,4.0,6,12,89,3,13,High
2848,Assault,Central,Night,Sunday,Sunny,High,Yes,13.0,14,24,233,3,1,Medium
2849,Theft,South,Night,Friday,Cloudy,Low,No,7.0,10,5,205,1,6,Medium
2850,Fire,East,Night,Thursday,Sunny,High,No,14.0,21,24,213,5,13,High
2851,Accident,East,Afternoon,Wednesday,Rainy,Low,No,11.0,19,13,332,1,13,High
2852,Theft,West,Morning,Sunday,Cloudy,High,No,18.0,20,20,239,9,8,High
2853,Assault,North,Afternoon,Friday,Cloudy,High,No,17.0,19,7,163,7,15,High
2854,Medical,South,Afternoon,Thursday,Cloudy,High,Yes,7.0,17,7,280,3,9,High
2855,Accident,South,Night,Monday,Cloudy,High,No,17.0,5,4,132,7,3,High
2856,Fire,North,Night,Thursday,Rainy,Medium,No,25.0,17,4,172,1,12,Medium
2857,Theft,South,Evening,Tuesday,,,No,,21,16,74,2,14,High
2858,Theft,Central,Morning,Friday,Cloudy,High,No,5.0,17,5,192,4,8,High
2859,Assault,North,Night,Thursday,Sunny,Medium,Yes,17.0,5,11,11,9,16,High
2860,Assault,East,Morning,Wednesday,Sunny,Low,No,23.0,8,7,246,1,14,High
2861,Assault,South,Evening,Thursday,Sunny,High,Yes,17.0,24,28,297,9,11,High
2862,Theft,West,Morning,Sunday,Sunny,Medium,No,5.0,6,4,499,6,2,High
2863,Fire,East,Evening,Friday,Rainy,Low,Yes,3.0,16,7,372,1,5,Medium
2864,Medical,West,Evening,Friday,Cloudy,Medium,No,5.0,5,15,90,10,1,High
2865,Medical,West,Evening,Friday,Cloudy,Medium,No,24.0,15,18,346,8,20,High
2866,Medical,East,Afternoon,Monday,Rainy,Low,No,14.0,9,28,426,5,5,High
2867,Theft,East,Morning,Tuesday,Sunny,Medium,Yes,9.0,19,22,58,5,11,High
2868,Assault,Central,Morning,Saturday,Cloudy,Medium,Yes,15.0,28,32,405,8,13,High
2869,Assault,East,Morning,Sunday,Rainy,High,No,18.0,29,9,164,9,10,High
2870,Accident,East,Morning,Friday,Sunny,Low,No,19.0,21,9,371,10,12,High
2871,Accident,West,Evening,Wednesday,Rainy,Low,No,12.0,28,6,206,9,5,High
2872,Accident,South,Night,Saturday,Cloudy,Low,Yes,14.0,29,19,94,4,8,Medium
2873,Theft,Central,Evening,Thursday,Cloudy,Medium,No,25.0,21,27,47,2,1,Low
2874,Medical,West,Morning,Friday,Cloudy,Low,Yes,5.0,12,26,114,10,5,High
2875,Theft,South,Afternoon,Saturday,,,Yes,,13,4,371,8,6,High
2876,Accident,East,Evening,Friday,Sunny,High,No,24.0,9,4,316,6,15,High
2877,Theft,East,Night,Saturday,Rainy,High,No,25.0,24,13,443,9,3,High
2878,Medical,South,Night,Monday,Rainy,High,No,3.0,14,15,157,8,12,High
2879,Theft,West,Afternoon,Thursday,Rainy,High,Yes,5.0,13,31,407,8,5,High
2880,Assault,West,Night,Friday,Cloudy,High,No,22.0,10,31,177,5,4,Medium
2881,Assault,East,Morning,Tuesday,Rainy,Low,Yes,11.0,15,20,170,8,9,High
2882,Assault,North,Evening,Friday,Rainy,Low,No,21.0,27,17,475,10,4,High
2883,Accident,West,Afternoon,Friday,Cloudy,Low,Yes,25.0,23,17,340,6,2,Medium
2884,Assault,Central,Afternoon,Thursday,Cloudy,High,No,19.0,14,22,431,3,8,High
2885,Fire,South,Afternoon,Sunday,Sunny,Medium,Yes,14.0,18,29,61,7,2,Medium
2886,Accident,South,Morning,Thursday,Sunny,Low,Yes,11.0,21,5,172,7,19,High
2887,Fire,West,Afternoon,Sunday,Cloudy,High,No,10.0,12,7,326,8,9,High
2888,Accident,East,Night,Sunday,Rainy,Medium,Yes,23.0,25,14,275,2,13,High
2889,Fire,Central,Morning,Thursday,Cloudy,Low,No,7.0,25,8,410,2,3,Medium
2890,Accident,East,Evening,Friday,Cloudy,Medium,No,15.0,18,8,389,9,1,High
2891,Theft,Central,Morning,Tuesday,Cloudy,High,Yes,16.0,15,22,119,7,11,High
2892,Assault,Central,Morning,Wednesday,Cloudy,Medium,No,8.0,26,28,72,6,2,Medium
2893,Fire,Central,Afternoon,Saturday,Cloudy,Medium,No,19.0,29,23,473,10,19,High
2894,Fire,South,Night,Monday,Cloudy,Low,Yes,4.0,12,9,169,1,4,Low
2895,Medical,West,Evening,Tuesday,Rainy,High,No,9.0,18,28,470,3,0,Medium
2896,Fire,West,Afternoon,Friday,Rainy,High,No,16.0,22,25,200,9,4,High
2897,Assault,Central,Afternoon,Sunday,Rainy,Medium,Yes,7.0,5,34,370,1,7,Medium
2898,Fire,East,Evening,Sunday,Cloudy,High,No,24.0,22,18,209,1,5,Low
2899,Fire,West,Night,Saturday,Cloudy,Low,Yes,16.0,10,16,125,8,10,High
2900,Medical,West,Afternoon,Monday,Sunny,Medium,Yes,13.0,21,26,170,5,6,High
2901,Theft,East,Afternoon,Sunday,Rainy,Low,Yes,14.0,30,32,88,3,17,High
2902,Medical,West,Night,Saturday,Sunny,Medium,Yes,12.0,18,18,176,6,10,High
2903,Accident,Central,Night,Saturday,Rainy,Medium,No,20.0,22,8,213,2,15,High
2904,Accident,East,Evening,Saturday,Cloudy,Medium,No,13.0,17,4,271,4,12,High
2905,Fire,East,Evening,Wednesday,Cloudy,Medium,No,25.0,10,8,107,4,5,Medium
2906,Accident,Central,Evening,Tuesday,Rainy,Medium,Yes,8.0,12,20,6,1,13,Medium
2907,Fire,North,Morning,Tuesday,Cloudy,Low,Yes,23.0,22,24,212,8,0,Medium
2908,Fire,Central,Night,Monday,,,Yes,,27,11,295,4,16,High
2909,Accident,Central,Morning,Monday,Cloudy,High,Yes,20.0,24,7,183,4,13,High
2910,Fire,East,Night,Thursday,Sunny,Low,No,9.0,19,21,188,2,6,Medium
2911,Assault,East,Night,Saturday,Cloudy,Medium,No,17.0,7,24,85,8,16,High
2912,Medical,East,Evening,Wednesday,Sunny,Medium,No,14.0,20,25,342,10,9,High
2913,Assault,North,Evening,Friday,Rainy,Medium,Yes,15.0,9,9,353,4,20,High
2914,Fire,East,Afternoon,Sunday,Sunny,Medium,Yes,14.0,10,24,115,9,19,High
2915,Medical,South,Morning,Wednesday,Rainy,Medium,No,13.0,8,8,202,2,20,High
2916,Theft,South,Night,Saturday,Rainy,High,No,4.0,30,17,164,5,4,Medium
2917,Accident,North,Afternoon,Sunday,Cloudy,Medium,Yes,19.0,28,13,104,8,0,Medium
2918,Accident,North,Afternoon,Friday,Sunny,Medium,Yes,8.0,28,22,371,3,2,Medium
2919,Fire,North,Morning,Wednesday,Cloudy,High,Yes,21.0,13,9,330,5,0,Medium
2920,Theft,East,Night,Friday,Rainy,Low,Yes,13.0,23,7,245,6,18,High
2921,Theft,North,Morning,Sunday,Sunny,Low,No,13.0,14,30,463,4,4,Medium
2922,Theft,South,Afternoon,Friday,Cloudy,High,No,25.0,16,34,135,4,16,High
2923,Theft,South,Night,Tuesday,Rainy,Low,Yes,16.0,22,30,457,3,14,High
2924,Fire,Central,Morning,Tuesday,Sunny,Low,No,8.0,24,9,78,2,0,Low
2925,Medical,Central,Morning,Friday,Cloudy,High,Yes,20.0,6,14,440,10,9,High
2926,Fire,South,Morning,Sunday,Cloudy,Low,Yes,12.0,30,27,195,10,13,High
2927,Accident,West,Afternoon,Monday,Rainy,Low,Yes,24.0,11,16,79,9,2,High
2928,Accident,North,Night,Monday,Sunny,High,Yes,15.0,20,7,452,7,20,High
2929,Medical,West,Evening,Monday,Rainy,Low,Yes,5.0,24,11,462,9,18,High
2930,Accident,East,Evening,Thursday,Sunny,Medium,Yes,8.0,5,19,370,4,6,High
2931,Accident,North,Night,Thursday,Rainy,High,Yes,18.0,29,29,458,5,16,High
2932,Theft,West,Afternoon,Monday,Rainy,Low,Yes,17.0,9,18,363,6,20,High
2933,Theft,North,Evening,Sunday,Cloudy,Medium,Yes,19.0,28,8,492,8,20,High
2934,Theft,West,Night,Sunday,Rainy,Low,Yes,22.0,17,17,389,4,18,High
2935,Assault,Central,Afternoon,Sunday,Cloudy,Low,Yes,11.0,17,29,305,6,19,High
2936,Theft,East,Morning,Sunday,Sunny,High,No,4.0,5,35,354,4,14,High
2937,Fire,South,Afternoon,Tuesday,Rainy,Low,Yes,4.0,22,30,141,2,20,High
2938,Medical,Central,Afternoon,Friday,Cloudy,Low,Yes,18.0,14,22,173,7,17,High
2939,Fire,South,Evening,Friday,Cloudy,Low,No,3.0,23,35,172,8,19,High
2940,Theft,South,Morning,Friday,Rainy,Low,Yes,11.0,16,24,485,9,10,High
2941,Medical,Central,Afternoon,Friday,Cloudy,Medium,Yes,10.0,18,35,266,5,5,High
2942,Fire,Central,Morning,Monday,Rainy,High,Yes,23.0,11,13,450,7,18,High
2943,Assault,West,Evening,Friday,Rainy,High,No,14.0,21,23,131,7,14,High
2944,Fire,North,Night,Tuesday,Sunny,Medium,No,10.0,20,9,51,5,12,High
2945,Assault,North,Morning,Wednesday,Rainy,High,No,21.0,19,34,456,6,5,High
2946,Accident,North,Evening,Thursday,Sunny,High,Yes,6.0,28,21,263,1,3,Low
2947,Theft,West,Night,Monday,Sunny,Medium,No,25.0,17,8,365,5,6,High
2948,Medical,Central,Afternoon,Thursday,Cloudy,High,Yes,15.0,7,9,441,1,6,Medium
2949,Assault,East,Evening,Tuesday,Cloudy,Medium,Yes,25.0,25,21,175,6,10,High
2950,Theft,East,Morning,Tuesday,Rainy,High,No,10.0,20,32,260,7,8,High
2951,Assault,North,Morning,Tuesday,Sunny,Low,Yes,21.0,16,30,144,6,10,High
2952,Assault,South,Afternoon,Friday,Rainy,High,No,23.0,9,13,490,10,13,High
2953,Fire,West,Afternoon,Friday,Rainy,High,Yes,25.0,8,32,352,5,4,Medium
2954,Accident,North,Morning,Thursday,Cloudy,Medium,Yes,17.0,5,16,167,10,20,High
2955,Theft,South,Evening,Sunday,Cloudy,High,No,9.0,18,20,59,9,2,High
2956,Theft,West,Afternoon,Sunday,Rainy,High,No,18.0,19,6,140,9,6,High
2957,Medical,East,Evening,Wednesday,Cloudy,High,No,12.0,30,15,172,10,3,High
2958,Assault,East,Night,Tuesday,Rainy,Medium,Yes,12.0,9,9,295,7,10,High
2959,Assault,South,Evening,Wednesday,Rainy,High,No,6.0,18,8,4,9,0,High
2960,Assault,South,Afternoon,Sunday,Sunny,Medium,No,10.0,15,11,300,6,5,High
2961,Theft,North,Night,Monday,Rainy,High,Yes,25.0,7,6,311,9,15,High
2962,Assault,West,Morning,Saturday,Cloudy,Low,Yes,12.0,25,25,350,3,19,High
2963,Theft,East,Afternoon,Saturday,Cloudy,High,Yes,12.0,22,22,448,5,18,High
2964,Fire,West,Afternoon,Saturday,Cloudy,Medium,No,7.0,30,16,366,6,11,High
2965,Fire,North,Afternoon,Thursday,Rainy,Medium,No,21.0,22,11,338,7,15,High
2966,Medical,Central,Afternoon,Saturday,Cloudy,Low,No,6.0,7,25,487,8,15,High
2967,Theft,West,Morning,Monday,Rainy,Low,Yes,22.0,13,8,346,1,16,High
2968,Theft,North,Afternoon,Monday,Cloudy,Medium,No,11.0,13,28,478,5,12,High
2969,Fire,South,Night,Saturday,Cloudy,Medium,No,18.0,11,25,89,5,9,High
2970,Assault,Central,Morning,Saturday,Sunny,Medium,Yes,17.0,5,7,346,9,15,High
2971,Medical,South,Afternoon,Thursday,Rainy,High,Yes,8.0,7,5,172,3,3,Medium
2972,Fire,Central,Night,Wednesday,Cloudy,Low,Yes,16.0,28,5,210,10,12,High
2973,Accident,West,Afternoon,Monday,Cloudy,Low,Yes,17.0,7,30,332,10,11,High
2974,Assault,North,Afternoon,Thursday,Cloudy,Low,No,3.0,29,5,350,4,15,High
2975,Assault,North,Afternoon,Wednesday,Cloudy,Medium,Yes,10.0,10,6,385,7,18,High
2976,Fire,Central,Night,Wednesday,Sunny,Medium,No,20.0,19,30,252,7,9,High
2977,Fire,West,Night,Thursday,Rainy,High,No,15.0,15,32,416,5,10,High
2978,Assault,Central,Evening,Thursday,Rainy,High,No,19.0,10,10,396,2,19,High
2979,Fire,South,Morning,Tuesday,Rainy,Low,No,9.0,14,25,440,1,1,Low
2980,Accident,East,Afternoon,Wednesday,Rainy,Low,Yes,9.0,9,28,116,10,1,High
2981,Theft,West,Afternoon,Wednesday,Sunny,Medium,No,17.0,29,20,314,1,1,Low
2982,Assault,East,Morning,Tuesday,Rainy,High,Yes,11.0,19,29,332,3,4,Medium
2983,Theft,East,Afternoon,Thursday,Cloudy,Medium,Yes,21.0,23,5,390,8,20,High
2984,Accident,South,Afternoon,Friday,Rainy,High,No,16.0,12,17,70,4,15,High
2985,Fire,West,Afternoon,Tuesday,Rainy,High,Yes,10.0,19,12,396,3,16,High
2986,Theft,North,Evening,Tuesday,Cloudy,Low,No,10.0,27,34,19,2,7,Medium
2987,Fire,South,Afternoon,Saturday,Sunny,High,Yes,3.0,13,16,105,1,14,High
2988,Fire,East,Night,Friday,Cloudy,Low,No,15.0,25,9,144,9,11,High
2989,Theft,West,Night,Friday,Cloudy,Medium,Yes,6.0,23,27,113,8,14,High
2990,Accident,South,Morning,Wednesday,Rainy,High,Yes,25.0,16,23,152,7,11,High
2991,Accident,South,Afternoon,Saturday,Rainy,Low,No,16.0,14,5,318,8,5,High
2992,Fire,Central,Afternoon,Saturday,Cloudy,Low,Yes,22.0,11,20,272,9,11,High
2993,Fire,North,Evening,Monday,Sunny,Low,Yes,22.0,19,17,234,10,19,High
2994,Accident,East,Morning,Saturday,Cloudy,High,Yes,21.0,26,30,262,10,11,High
2995,Medical,West,Morning,Thursday,Cloudy,Medium,Yes,15.0,18,31,170,3,0,Low
2996,Medical,Central,Night,Tuesday,Sunny,High,No,18.0,7,23,254,5,13,High
2997,Fire,East,Afternoon,Sunday,Rainy,Medium,Yes,10.0,21,25,46,10,0,High
2998,Fire,West,Evening,Tuesday,Cloudy,High,No,14.0,23,29,53,3,10,Medium
2999,Medical,East,Morning,Tuesday,Cloudy,High,No,11.0,24,25,306,4,19,High
3000,Accident,South,Morning,Thursday,Sunny,High,No,16.0,16,31,404,6,9,High
3001,Theft,South,Night,Tuesday,Rainy,High,No,7.0,28,9,17,4,1,Medium
3002,Assault,South,Afternoon,Tuesday,Cloudy,Low,No,14.0,28,28,350,4,5,Medium
3003,Assault,West,Morning,Sunday,Sunny,High,Yes,21.0,11,8,232,9,8,High
3004,Assault,North,Night,Tuesday,Cloudy,Low,No,12.0,22,31,309,1,0,Low
3005,Assault,Central,Evening,Friday,Rainy,High,No,20.0,23,16,156,5,14,High
3006,Medical,South,Night,Monday,Rainy,Medium,No,4.0,30,5,248,2,13,High
3007,Fire,East,Night,Thursday,Cloudy,Medium,No,12.0,16,35,56,9,0,High
3008,Medical,North,Evening,Tuesday,Cloudy,High,Yes,25.0,12,32,406,8,6,High
3009,Assault,Central,Evening,Saturday,Rainy,Medium,Yes,14.0,7,16,200,6,13,High
3010,Accident,South,Evening,Wednesday,Sunny,High,No,19.0,12,32,271,10,17,High
3011,Assault,South,Evening,Monday,Sunny,Low,Yes,9.0,21,6,164,9,19,High
3012,Accident,West,Afternoon,Wednesday,Sunny,Medium,Yes,23.0,23,28,441,9,18,High
3013,Fire,North,Afternoon,Sunday,Sunny,High,No,15.0,24,25,129,6,16,High
3014,Theft,Central,Morning,Tuesday,Rainy,Medium,No,19.0,19,8,17,7,7,High
3015,Medical,North,Afternoon,Thursday,Rainy,Medium,No,16.0,5,23,149,10,12,High
3016,Assault,North,Afternoon,Tuesday,Sunny,Medium,Yes,21.0,8,9,236,5,13,High
3017,Accident,Central,Night,Saturday,Cloudy,High,Yes,24.0,17,24,373,4,18,High
3018,Theft,East,Afternoon,Tuesday,Sunny,Medium,Yes,4.0,6,23,463,10,20,High
3019,Medical,East,Evening,Saturday,Sunny,Low,Yes,3.0,8,18,213,9,12,High
3020,Theft,North,Morning,Tuesday,Rainy,Medium,No,9.0,30,4,174,10,15,High
3021,Assault,North,Evening,Friday,Cloudy,High,Yes,5.0,16,7,494,2,17,High
3022,Theft,East,Evening,Monday,Cloudy,Low,Yes,23.0,30,27,468,4,12,High
3023,Assault,North,Night,Monday,Cloudy,Low,No,17.0,7,31,211,10,17,High
3024,Medical,East,Morning,Thursday,Cloudy,Low,No,22.0,11,14,486,10,4,High
3025,Theft,South,Evening,Friday,Rainy,Low,Yes,10.0,11,12,79,2,18,High
3026,Fire,West,Morning,Thursday,Rainy,Medium,No,4.0,26,7,289,1,8,Medium
3027,Assault,West,Morning,Monday,Cloudy,Low,No,11.0,22,4,80,7,14,High
3028,Assault,Central,Evening,Monday,Rainy,Medium,No,23.0,12,7,370,3,1,Medium
3029,Theft,North,Morning,Monday,Cloudy,High,Yes,6.0,22,31,87,2,3,Low
3030,Theft,South,Evening,Wednesday,Cloudy,High,No,22.0,12,16,448,4,19,High
3031,Fire,North,Evening,Sunday,Cloudy,Medium,No,4.0,18,13,369,10,4,High
3032,Theft,Central,Night,Saturday,Sunny,High,No,25.0,24,10,337,9,16,High
3033,Fire,North,Morning,Tuesday,Sunny,Low,No,14.0,5,26,25,9,9,High
3034,Theft,Central,Morning,Wednesday,Rainy,High,No,15.0,30,21,266,1,3,Low
3035,Theft,East,Morning,Sunday,Cloudy,Low,No,25.0,7,35,449,1,17,High
3036,Theft,West,Morning,Friday,Cloudy,High,No,11.0,13,26,289,7,10,High
3037,Accident,East,Night,Thursday,Cloudy,High,Yes,7.0,27,33,18,9,13,High
3038,Assault,East,Afternoon,Friday,Rainy,Low,No,14.0,23,6,327,10,17,High
3039,Medical,East,Night,Sunday,Cloudy,Medium,No,24.0,5,22,341,3,19,High
3040,Assault,West,Night,Friday,Sunny,High,No,24.0,29,22,162,3,6,Medium
3041,Fire,Central,Night,Monday,Rainy,Medium,No,15.0,14,35,23,4,3,Medium
3042,Fire,Central,Night,Thursday,Sunny,Low,No,3.0,9,28,164,9,18,High
3043,Fire,East,Afternoon,Wednesday,Rainy,High,No,15.0,18,4,71,7,17,High
3044,Assault,South,Night,Saturday,Rainy,High,No,6.0,17,27,334,8,1,High
3045,Fire,North,Afternoon,Wednesday,Sunny,Medium,Yes,14.0,20,12,81,1,2,Low
3046,Theft,North,Evening,Saturday,Cloudy,High,No,13.0,28,28,175,4,4,Medium
3047,Accident,North,Evening,Sunday,Sunny,Low,No,17.0,10,10,200,10,2,High
3048,Medical,East,Evening,Thursday,Sunny,Medium,Yes,5.0,11,11,170,4,6,Medium
3049,Theft,North,Morning,Tuesday,Cloudy,Medium,No,10.0,9,12,340,5,4,High
3050,Accident,North,Night,Friday,Sunny,Medium,Yes,11.0,27,8,372,4,3,Medium
3051,Accident,North,Afternoon,Monday,Sunny,Medium,Yes,21.0,29,13,449,8,15,High
3052,Medical,North,Morning,Monday,Cloudy,High,No,18.0,24,9,48,4,6,Medium
3053,Assault,Central,Night,Sunday,Sunny,High,No,8.0,18,26,442,3,9,High
3054,Fire,West,Afternoon,Sunday,Cloudy,Medium,Yes,17.0,14,26,259,6,15,High
3055,Accident,East,Afternoon,Tuesday,Cloudy,Medium,Yes,23.0,9,24,384,4,15,High
3056,Medical,North,Evening,Monday,Sunny,Medium,No,17.0,21,15,60,6,2,Medium
3057,Fire,North,Evening,Thursday,Rainy,Medium,No,19.0,10,34,118,6,17,High
3058,Medical,Central,Night,Wednesday,,,No,,6,12,469,7,12,High
3059,Accident,South,Morning,Saturday,Sunny,High,No,4.0,25,34,371,2,4,Medium
3060,Fire,West,Afternoon,Monday,,,Yes,,8,27,185,9,19,High
3061,Accident,South,Morning,Saturday,Sunny,Low,No,25.0,7,20,431,8,9,High
3062,Accident,East,Night,Wednesday,Rainy,Low,Yes,14.0,9,28,143,2,9,Medium
3063,Accident,South,Afternoon,Sunday,Sunny,Medium,No,18.0,8,11,305,2,19,High
3064,Theft,North,Morning,Saturday,Sunny,High,No,22.0,19,5,319,3,13,High
3065,Accident,Central,Evening,Sunday,Cloudy,High,No,22.0,24,35,151,4,9,High
3066,Assault,Central,Night,Monday,Cloudy,Low,Yes,19.0,21,9,376,2,16,High
3067,Fire,West,Night,Tuesday,Cloudy,Low,No,7.0,20,20,294,6,18,High
3068,Fire,South,Afternoon,Tuesday,Cloudy,Medium,No,9.0,11,11,299,5,1,Medium
3069,Fire,North,Evening,Saturday,Cloudy,High,Yes,3.0,14,32,21,9,14,High
3070,Assault,East,Morning,Thursday,Sunny,Low,No,12.0,19,34,285,7,14,High
3071,Assault,West,Afternoon,Tuesday,Cloudy,Low,Yes,15.0,5,4,211,7,11,High
3072,Medical,South,Night,Sunday,Cloudy,Low,No,20.0,9,11,404,3,20,High
3073,Accident,South,Afternoon,Tuesday,Sunny,Medium,No,17.0,9,31,405,9,8,High
3074,Assault,West,Night,Monday,Rainy,High,No,21.0,10,6,430,10,13,High
3075,Fire,East,Evening,Friday,Cloudy,Low,Yes,9.0,13,20,49,4,5,Medium
3076,Fire,East,Afternoon,Monday,Sunny,Medium,Yes,16.0,16,10,337,9,9,High
3077,Accident,Central,Afternoon,Sunday,Rainy,Medium,Yes,18.0,29,5,286,8,2,High
3078,Accident,Central,Evening,Friday,Rainy,Low,Yes,13.0,23,26,353,2,13,High
3079,Theft,South,Night,Tuesday,Cloudy,Medium,No,21.0,29,16,127,10,15,High
3080,Assault,Central,Night,Thursday,Rainy,Medium,Yes,18.0,17,33,255,10,5,High
3081,Accident,North,Night,Wednesday,Cloudy,Low,No,16.0,7,17,404,6,17,High
3082,Fire,West,Night,Sunday,Sunny,Low,Yes,3.0,22,23,397,4,17,High
3083,Assault,North,Evening,Sunday,Sunny,Low,Yes,24.0,30,35,311,10,0,High
3084,Accident,Central,Morning,Wednesday,Rainy,Low,Yes,22.0,8,25,42,2,7,Medium
3085,Theft,East,Morning,Monday,Sunny,High,No,18.0,24,14,498,7,8,High
3086,Accident,Central,Morning,Wednesday,Rainy,Low,Yes,11.0,19,5,410,2,12,High
3087,Fire,West,Night,Tuesday,Sunny,High,No,21.0,17,33,233,7,19,High
3088,Assault,East,Afternoon,Saturday,Sunny,Low,No,9.0,19,15,24,2,5,Medium
3089,Fire,East,Evening,Friday,Rainy,Low,No,21.0,23,32,409,9,12,High
3090,Assault,West,Morning,Monday,Sunny,High,No,22.0,11,14,469,6,14,High
3091,Fire,South,Night,Monday,Cloudy,Medium,No,6.0,19,35,348,5,19,High
3092,Theft,North,Evening,Saturday,Cloudy,Medium,Yes,25.0,22,30,261,7,17,High
3093,Fire,South,Night,Wednesday,,,Yes,,23,22,257,6,12,High
3094,Assault,West,Evening,Friday,Rainy,Medium,No,7.0,20,29,196,3,6,Medium
3095,Medical,East,Night,Saturday,Sunny,Medium,No,15.0,17,20,228,9,20,High
3096,Fire,East,Morning,Sunday,Rainy,Low,No,11.0,15,6,141,4,14,High
3097,Medical,Central,Night,Wednesday,Sunny,High,No,23.0,5,21,87,8,19,High
3098,Accident,Central,Morning,Sunday,Rainy,High,Yes,10.0,19,26,450,6,0,Medium
3099,Assault,Central,Afternoon,Tuesday,Cloudy,High,Yes,9.0,11,27,118,6,17,High
3100,Accident,North,Night,Tuesday,Rainy,Low,Yes,15.0,14,6,209,4,19,High
3101,Fire,South,Evening,Sunday,Sunny,Medium,Yes,3.0,28,28,45,5,11,High
3102,Medical,West,Night,Tuesday,Sunny,Medium,No,16.0,16,18,411,1,4,Medium
3103,Assault,North,Afternoon,Tuesday,Sunny,Medium,Yes,16.0,13,29,144,8,20,High
3104,Medical,South,Morning,Saturday,Cloudy,Medium,Yes,11.0,8,25,318,10,15,High
3105,Assault,North,Night,Sunday,Cloudy,Low,No,3.0,10,35,450,1,2,Medium
3106,Assault,Central,Night,Tuesday,Cloudy,Low,Yes,19.0,13,33,201,2,9,Medium
3107,Accident,West,Evening,Wednesday,Cloudy,Medium,Yes,11.0,13,17,219,1,2,Low
3108,Assault,North,Afternoon,Sunday,Rainy,Low,No,24.0,29,15,12,6,11,High
3109,Theft,West,Morning,Saturday,Cloudy,High,Yes,16.0,29,34,241,9,10,High
3110,Theft,South,Morning,Tuesday,Sunny,Medium,No,10.0,28,29,308,3,5,Medium
3111,Theft,South,Afternoon,Thursday,Rainy,High,No,23.0,23,23,187,5,19,High
3112,Theft,West,Evening,Monday,Sunny,Medium,No,3.0,20,8,172,1,16,High
3113,Medical,East,Night,Friday,Cloudy,Medium,Yes,17.0,21,17,254,1,1,Low
3114,Assault,South,Night,Sunday,Rainy,High,No,19.0,29,26,117,1,8,Medium
3115,Assault,South,Morning,Friday,Sunny,Low,Yes,11.0,24,12,445,1,9,Medium
3116,Accident,South,Morning,Thursday,Rainy,High,No,10.0,30,28,284,8,16,High
3117,Medical,Central,Evening,Saturday,Cloudy,Low,Yes,11.0,13,6,258,10,8,High
3118,Assault,North,Evening,Tuesday,Rainy,High,Yes,4.0,19,27,96,4,20,High
3119,Fire,Central,Night,Thursday,Sunny,Low,Yes,8.0,11,6,381,2,11,High
3120,Accident,East,Morning,Tuesday,Sunny,Medium,Yes,10.0,16,29,422,10,5,High
3121,Fire,South,Morning,Monday,Sunny,High,No,8.0,26,33,141,6,1,Medium
3122,Accident,South,Afternoon,Monday,Cloudy,High,Yes,13.0,5,5,48,4,17,High
3123,Accident,Central,Morning,Sunday,Cloudy,Low,Yes,19.0,9,7,389,1,12,Medium
3124,Assault,South,Evening,Thursday,Rainy,High,No,12.0,21,22,466,1,11,High
3125,Accident,South,Morning,Wednesday,Sunny,High,Yes,7.0,13,25,301,4,16,High
3126,Accident,South,Evening,Sunday,Sunny,High,No,19.0,9,31,75,8,6,High
3127,Assault,Central,Morning,Wednesday,Rainy,High,Yes,14.0,25,33,446,3,11,High
3128,Medical,East,Evening,Wednesday,Cloudy,High,No,6.0,23,31,28,4,16,High
3129,Medical,Central,Evening,Friday,Cloudy,Low,No,3.0,27,22,53,7,10,High
3130,Accident,West,Evening,Monday,Sunny,Medium,Yes,7.0,25,20,262,1,18,High
3131,Accident,Central,Afternoon,Wednesday,Rainy,High,Yes,22.0,16,26,478,8,13,High
3132,Assault,East,Evening,Thursday,Rainy,High,No,24.0,9,32,260,1,4,Low
3133,Accident,North,Afternoon,Tuesday,Cloudy,Medium,Yes,21.0,10,27,140,8,11,High
3134,Medical,North,Morning,Thursday,Sunny,High,No,10.0,20,34,378,5,18,High
3135,Medical,West,Night,Wednesday,Cloudy,Low,No,22.0,14,23,458,6,11,High
3136,Assault,West,Morning,Tuesday,Rainy,Medium,Yes,24.0,23,25,68,7,6,High
3137,Assault,West,Evening,Friday,Cloudy,Low,No,8.0,29,32,462,6,0,Medium
3138,Assault,West,Evening,Tuesday,Sunny,Medium,No,7.0,20,13,64,5,4,Medium
3139,Assault,North,Morning,Wednesday,Rainy,Medium,No,9.0,13,10,356,2,20,High
3140,Accident,West,Afternoon,Monday,Rainy,High,Yes,14.0,16,25,124,9,9,High
3141,Assault,Central,Morning,Friday,Cloudy,Medium,Yes,25.0,29,30,191,4,15,High
3142,Theft,East,Afternoon,Monday,Rainy,Low,No,5.0,5,30,412,5,18,High
3143,Theft,Central,Night,Friday,Sunny,Low,No,20.0,15,14,349,6,15,High
3144,Theft,West,Morning,Friday,Cloudy,High,No,22.0,26,19,197,9,1,High
3145,Medical,North,Morning,Monday,Rainy,Low,Yes,14.0,16,16,46,1,1,Low
3146,Medical,South,Afternoon,Saturday,Sunny,High,No,12.0,6,6,83,1,12,Medium
3147,Fire,Central,Night,Friday,Sunny,High,Yes,4.0,10,4,256,4,18,High
3148,Accident,West,Morning,Sunday,Rainy,Medium,No,9.0,21,23,273,9,19,High
3149,Medical,South,Evening,Friday,Cloudy,Low,Yes,7.0,28,4,128,7,8,High
3150,Accident,South,Night,Wednesday,Rainy,Low,No,16.0,14,34,96,5,12,High
3151,Assault,Central,Night,Thursday,Sunny,Medium,No,9.0,29,14,332,8,17,High
3152,Accident,Central,Afternoon,Wednesday,Rainy,High,No,18.0,19,23,48,9,17,High
3153,Medical,Central,Evening,Tuesday,Sunny,Medium,No,15.0,24,17,157,2,8,Medium
3154,Medical,East,Morning,Tuesday,Cloudy,Medium,Yes,23.0,9,16,207,7,9,High
3155,Assault,West,Morning,Monday,Cloudy,High,Yes,15.0,13,28,481,9,18,High
3156,Accident,West,Night,Tuesday,Sunny,Low,Yes,10.0,26,12,296,3,4,Medium
3157,Theft,West,Morning,Tuesday,Cloudy,Medium,No,18.0,27,21,107,8,7,High
3158,Theft,East,Evening,Wednesday,Cloudy,Medium,No,13.0,20,19,362,5,16,High
3159,Assault,Central,Night,Friday,Cloudy,Low,Yes,23.0,26,27,340,8,12,High
3160,Assault,East,Evening,Friday,Rainy,Low,No,7.0,17,34,173,6,2,Medium
3161,Theft,East,Night,Wednesday,Sunny,Medium,No,4.0,16,30,85,4,14,High
3162,Medical,West,Night,Wednesday,Rainy,High,Yes,12.0,9,9,22,3,1,Low
3163,Medical,North,Evening,Saturday,Cloudy,Low,No,10.0,15,9,71,6,1,Medium
3164,Accident,Central,Evening,Monday,Cloudy,Low,No,6.0,12,18,192,7,20,High
3165,Assault,West,Afternoon,Tuesday,Rainy,High,Yes,8.0,27,34,468,4,5,High
3166,Theft,West,Morning,Saturday,Cloudy,High,Yes,9.0,22,10,66,5,6,Medium
3167,Medical,North,Evening,Wednesday,Rainy,High,No,14.0,9,12,23,8,1,Medium
3168,Accident,South,Night,Monday,Cloudy,Low,No,14.0,24,5,426,10,13,High
3169,Fire,East,Afternoon,Monday,Rainy,Low,No,6.0,8,22,318,10,13,High
3170,Assault,North,Morning,Friday,Sunny,Low,Yes,6.0,12,6,375,8,11,High
3171,Fire,West,Morning,Wednesday,Rainy,Low,Yes,17.0,14,25,282,7,18,High
3172,Assault,East,Afternoon,Sunday,Sunny,Low,No,5.0,24,12,146,1,7,Medium
3173,Fire,South,Night,Monday,Rainy,Medium,No,15.0,6,15,211,7,11,High
3174,Accident,East,Evening,Tuesday,Rainy,Medium,Yes,7.0,13,33,12,9,13,High
3175,Theft,South,Night,Saturday,Rainy,Low,Yes,15.0,25,34,346,1,7,Medium
3176,Theft,West,Morning,Wednesday,Rainy,Low,Yes,24.0,18,35,456,1,11,Medium
3177,Medical,South,Afternoon,Tuesday,Rainy,Low,Yes,5.0,17,33,43,3,16,High
3178,Medical,East,Morning,Sunday,Rainy,Medium,No,14.0,13,22,9,4,20,High
3179,Fire,North,Afternoon,Monday,Sunny,Medium,Yes,21.0,14,16,459,1,14,High
3180,Accident,North,Morning,Tuesday,Cloudy,Low,No,16.0,28,25,350,7,8,High
3181,Medical,Central,Morning,Sunday,Rainy,Low,Yes,5.0,15,23,439,2,20,High
3182,Fire,South,Night,Tuesday,Sunny,Low,No,12.0,17,27,114,10,6,High
3183,Assault,North,Morning,Friday,Cloudy,Medium,Yes,25.0,14,16,363,8,11,High
3184,Theft,South,Morning,Sunday,Rainy,Low,No,10.0,19,32,395,7,8,High
3185,Medical,South,Afternoon,Saturday,Cloudy,High,No,8.0,15,14,32,8,3,High
3186,Medical,North,Night,Thursday,Cloudy,Medium,No,20.0,16,28,230,2,20,High
3187,Medical,South,Morning,Sunday,Cloudy,Low,Yes,6.0,20,19,182,1,19,High
3188,Medical,Central,Afternoon,Tuesday,Cloudy,High,Yes,21.0,7,28,370,6,11,High
3189,Theft,Central,Evening,Saturday,Rainy,Low,No,15.0,14,35,302,8,6,High
3190,Accident,Central,Afternoon,Sunday,Rainy,Medium,Yes,12.0,16,13,361,6,20,High
3191,Assault,South,Morning,Thursday,Cloudy,High,No,14.0,5,20,437,8,12,High
3192,Medical,South,Night,Monday,Sunny,High,No,8.0,19,11,76,7,20,High
3193,Theft,North,Afternoon,Thursday,Sunny,High,Yes,16.0,21,5,63,2,17,High
3194,Assault,North,Morning,Sunday,Sunny,Low,No,3.0,22,8,143,10,18,High
3195,Medical,West,Night,Sunday,Rainy,Medium,Yes,19.0,5,26,342,7,5,High
3196,Medical,South,Morning,Monday,Cloudy,Medium,No,17.0,9,28,143,2,18,High
3197,Assault,West,Afternoon,Saturday,Rainy,High,No,12.0,18,5,466,10,12,High
3198,Fire,North,Evening,Sunday,Sunny,Low,No,24.0,8,14,357,7,18,High
3199,Medical,Central,Afternoon,Wednesday,Sunny,Low,No,24.0,19,22,123,7,18,High
3200,Medical,West,Night,Tuesday,Rainy,High,Yes,17.0,28,21,55,6,13,High
3201,Accident,Central,Night,Wednesday,Rainy,Medium,Yes,18.0,28,35,67,9,3,High
3202,Medical,East,Afternoon,Friday,Sunny,Medium,No,22.0,26,25,443,6,19,High
3203,Fire,East,Afternoon,Sunday,Sunny,Low,Yes,18.0,29,11,297,10,18,High
3204,Fire,West,Night,Monday,Cloudy,Low,No,11.0,18,11,357,1,12,High
3205,Theft,South,Morning,Tuesday,Cloudy,Medium,Yes,9.0,16,19,295,10,6,High
3206,Medical,West,Evening,Tuesday,Sunny,Medium,No,15.0,21,12,165,1,20,High
3207,Medical,West,Evening,Thursday,Cloudy,Low,Yes,4.0,9,21,217,3,5,Medium
3208,Accident,East,Morning,Thursday,,,Yes,,23,16,286,3,5,Medium
3209,Assault,Central,Night,Wednesday,Sunny,Low,No,10.0,7,32,71,3,18,High
3210,Accident,West,Night,Saturday,Rainy,High,Yes,23.0,6,24,192,8,20,High
3211,Fire,East,Evening,Tuesday,Rainy,Low,Yes,5.0,9,23,154,8,6,High
3212,Medical,South,Night,Tuesday,Sunny,High,No,18.0,16,6,354,2,10,Medium
3213,Assault,East,Night,Tuesday,Cloudy,Medium,Yes,15.0,23,27,18,9,6,High
3214,Assault,North,Evening,Wednesday,Sunny,Medium,No,16.0,22,28,296,4,3,Medium
3215,Theft,North,Morning,Monday,Rainy,Low,No,23.0,13,21,397,4,18,High
3216,Accident,Central,Afternoon,Monday,Sunny,Low,Yes,22.0,11,26,243,10,8,High
3217,Fire,South,Afternoon,Wednesday,Rainy,Medium,Yes,22.0,18,11,280,9,20,High
3218,Theft,East,Night,Monday,Sunny,Medium,No,23.0,7,10,158,9,16,High
3219,Accident,South,Night,Tuesday,Rainy,Medium,No,23.0,7,30,203,6,1,Medium
3220,Fire,East,Evening,Sunday,Rainy,High,Yes,3.0,10,11,214,5,5,High
3221,Assault,North,Night,Tuesday,Cloudy,Medium,Yes,21.0,14,4,340,3,7,Medium
3222,Accident,West,Morning,Saturday,Cloudy,Low,No,4.0,30,25,198,5,12,High
3223,Theft,West,Evening,Monday,Rainy,Low,No,21.0,21,8,408,1,7,Medium
3224,Fire,North,Afternoon,Tuesday,Rainy,High,Yes,23.0,29,9,39,3,8,Medium
3225,Medical,East,Night,Wednesday,Cloudy,Low,No,5.0,17,6,174,8,12,High
3226,Assault,West,Evening,Saturday,Sunny,Low,No,9.0,26,16,63,5,6,Medium
3227,Medical,North,Night,Saturday,Cloudy,Low,No,13.0,18,24,410,10,2,High
3228,Fire,East,Afternoon,Tuesday,Sunny,High,Yes,21.0,6,25,281,8,5,High
3229,Medical,North,Evening,Monday,Rainy,Low,Yes,8.0,23,21,334,2,9,Medium
3230,Medical,Central,Afternoon,Friday,Sunny,Medium,Yes,14.0,27,29,418,4,16,High
3231,Theft,North,Night,Wednesday,Sunny,Low,Yes,3.0,8,14,165,7,4,High
3232,Assault,Central,Night,Thursday,Rainy,High,No,23.0,14,23,462,10,16,High
3233,Medical,North,Afternoon,Saturday,Rainy,Medium,No,7.0,19,15,38,9,17,High
3234,Medical,North,Evening,Tuesday,Sunny,High,Yes,16.0,14,21,488,10,3,High
3235,Theft,Central,Evening,Tuesday,Sunny,Low,No,6.0,8,16,336,9,0,High
3236,Fire,Central,Evening,Saturday,Sunny,High,Yes,8.0,12,22,425,7,17,High
3237,Assault,North,Afternoon,Sunday,Sunny,Low,Yes,15.0,10,29,452,3,8,High
3238,Assault,North,Night,Thursday,Rainy,Low,No,8.0,12,31,127,6,8,High
3239,Assault,West,Night,Wednesday,Sunny,High,No,23.0,25,35,317,3,6,Medium
3240,Accident,South,Evening,Sunday,Cloudy,Low,Yes,5.0,6,32,442,8,4,High
3241,Theft,North,Night,Tuesday,Rainy,Medium,Yes,25.0,6,27,427,4,6,Medium
3242,Theft,West,Afternoon,Friday,Sunny,Medium,No,16.0,16,22,142,6,5,High
3243,Fire,Central,Morning,Sunday,Cloudy,Low,Yes,13.0,27,15,298,4,17,High
3244,Assault,Central,Night,Friday,Sunny,Medium,Yes,24.0,25,14,332,7,6,High
3245,Fire,North,Evening,Friday,Sunny,Low,Yes,10.0,16,33,93,5,20,High
3246,Fire,East,Afternoon,Wednesday,Cloudy,Medium,Yes,21.0,10,9,350,7,18,High
3247,Assault,East,Morning,Saturday,Cloudy,High,No,23.0,5,35,4,6,15,High
3248,Fire,East,Night,Thursday,Cloudy,Medium,No,22.0,24,29,145,10,18,High
3249,Accident,Central,Evening,Monday,Cloudy,Medium,No,10.0,22,4,394,3,2,Medium
3250,Accident,North,Afternoon,Sunday,Sunny,High,Yes,8.0,16,25,143,6,5,High
3251,Medical,West,Afternoon,Saturday,Cloudy,Medium,Yes,14.0,14,10,314,6,2,Medium
3252,Accident,North,Afternoon,Sunday,Rainy,Low,No,16.0,20,23,14,2,19,High
3253,Accident,North,Night,Tuesday,Rainy,Low,Yes,3.0,15,5,376,6,19,High
3254,Medical,West,Morning,Saturday,Sunny,High,Yes,16.0,27,35,134,4,4,Medium
3255,Assault,North,Afternoon,Wednesday,Rainy,High,No,6.0,9,9,325,4,17,High
3256,Assault,East,Night,Tuesday,Rainy,Low,Yes,6.0,7,14,450,6,4,High
3257,Theft,Central,Night,Tuesday,Sunny,Low,No,9.0,12,10,157,2,19,High
3258,Theft,South,Morning,Friday,Sunny,Low,No,11.0,26,5,401,6,18,High
3259,Theft,South,Morning,Friday,Sunny,Medium,Yes,25.0,7,6,281,5,11,High
3260,Fire,Central,Evening,Thursday,Sunny,Medium,No,5.0,19,6,13,5,17,High
3261,Theft,East,Night,Sunday,Sunny,Low,Yes,23.0,11,15,229,9,20,High
3262,Accident,South,Afternoon,Wednesday,Rainy,Low,Yes,23.0,14,35,144,1,6,Low
3263,Accident,West,Morning,Monday,Sunny,High,No,5.0,6,5,211,1,11,Medium
3264,Accident,West,Evening,Tuesday,Sunny,High,No,10.0,15,27,103,2,3,Low
3265,Assault,West,Afternoon,Saturday,Sunny,Medium,No,24.0,12,26,351,3,4,Medium
3266,Medical,West,Night,Thursday,,,No,,29,35,364,2,16,High
3267,Assault,North,Afternoon,Sunday,Sunny,High,Yes,9.0,21,34,443,6,2,High
3268,Fire,North,Evening,Friday,Rainy,Low,Yes,10.0,24,33,498,9,18,High
3269,Accident,Central,Night,Friday,Sunny,High,No,21.0,13,24,185,5,3,Medium
3270,Assault,Central,Night,Sunday,Rainy,High,Yes,20.0,22,5,144,4,3,Medium
3271,Accident,Central,Evening,Friday,Sunny,High,Yes,6.0,16,35,321,4,20,High
3272,Fire,North,Evening,Wednesday,Rainy,High,Yes,10.0,26,29,327,9,10,High
3273,Accident,North,Night,Tuesday,Cloudy,Medium,No,17.0,7,24,299,4,5,Medium
3274,Theft,East,Afternoon,Thursday,Cloudy,High,No,4.0,28,33,5,8,4,High
3275,Accident,South,Evening,Wednesday,Rainy,Low,No,14.0,26,26,29,3,11,Medium
3276,Assault,Central,Afternoon,Saturday,Cloudy,High,Yes,24.0,18,33,363,9,18,High
3277,Theft,East,Morning,Sunday,Cloudy,Medium,No,4.0,19,12,391,2,1,Medium
3278,Assault,East,Night,Friday,Cloudy,Low,No,12.0,17,10,64,2,5,Medium
3279,Assault,West,Morning,Friday,Rainy,Medium,No,25.0,14,31,483,2,0,Low
3280,Accident,West,Morning,Saturday,Rainy,High,No,7.0,29,22,492,3,13,High
3281,Assault,North,Afternoon,Tuesday,Sunny,Medium,No,3.0,8,33,43,8,3,High
3282,Theft,West,Afternoon,Tuesday,Rainy,Medium,No,24.0,14,18,355,1,9,Medium
3283,Medical,North,Afternoon,Saturday,Sunny,Medium,Yes,18.0,26,20,290,9,19,High
3284,Accident,West,Afternoon,Wednesday,Rainy,Low,No,17.0,24,13,52,9,14,High
3285,Theft,Central,Night,Sunday,Rainy,Low,Yes,24.0,11,7,63,9,3,High
3286,Accident,North,Morning,Tuesday,Rainy,Medium,Yes,14.0,27,28,43,4,8,Medium
3287,Assault,East,Afternoon,Saturday,Sunny,Medium,No,10.0,13,19,30,8,0,Medium
3288,Assault,South,Evening,Monday,Cloudy,High,Yes,25.0,15,17,152,8,0,Medium
3289,Theft,North,Morning,Saturday,Sunny,Low,No,13.0,13,10,64,4,2,Medium
3290,Medical,South,Morning,Sunday,Sunny,Medium,Yes,10.0,28,29,251,1,3,Low
3291,Assault,South,Evening,Sunday,Sunny,High,No,11.0,10,31,39,3,9,Medium
3292,Theft,East,Evening,Wednesday,Cloudy,Low,No,6.0,8,30,162,3,13,High
3293,Assault,East,Afternoon,Thursday,Cloudy,Low,No,13.0,15,17,274,2,8,Medium
3294,Theft,South,Afternoon,Tuesday,Sunny,Medium,No,11.0,24,23,274,1,3,Low
3295,Accident,South,Morning,Wednesday,Sunny,Medium,No,19.0,6,17,118,10,11,High
3296,Medical,West,Afternoon,Wednesday,Rainy,Medium,Yes,25.0,26,9,447,1,15,High
3297,Assault,West,Night,Wednesday,Rainy,Medium,No,25.0,27,34,93,6,8,High
3298,Assault,East,Morning,Monday,Rainy,Low,No,10.0,6,23,407,5,18,High
3299,Medical,West,Afternoon,Saturday,Cloudy,Medium,No,7.0,17,23,273,10,16,High
3300,Medical,East,Evening,Saturday,Rainy,Low,Yes,18.0,19,18,411,6,6,High
3301,Fire,East,Evening,Sunday,Rainy,High,Yes,11.0,5,33,63,3,0,Low
3302,Theft,Central,Afternoon,Tuesday,Cloudy,High,No,5.0,29,31,223,10,1,High
3303,Fire,East,Morning,Saturday,Rainy,Medium,Yes,21.0,9,29,16,8,14,High
3304,Accident,North,Afternoon,Saturday,Cloudy,High,No,4.0,11,12,352,2,12,High
3305,Accident,South,Night,Friday,,,Yes,,21,20,346,4,20,High
3306,Medical,West,Evening,Wednesday,Rainy,High,No,18.0,23,20,219,4,2,Medium
3307,Assault,South,Morning,Thursday,Cloudy,Medium,Yes,19.0,8,15,182,10,14,High
3308,Fire,East,Morning,Tuesday,Sunny,High,Yes,19.0,12,12,374,8,3,High
3309,Assault,West,Evening,Saturday,Sunny,High,No,18.0,17,10,442,7,4,High
3310,Theft,North,Afternoon,Friday,Rainy,Low,Yes,13.0,26,27,143,1,12,Medium
3311,Fire,Central,Afternoon,Monday,Rainy,High,No,14.0,5,12,494,2,0,Low
3312,Assault,West,Night,Thursday,Rainy,Low,Yes,8.0,30,12,301,6,11,High
3313,Fire,West,Afternoon,Saturday,Sunny,High,No,25.0,13,17,108,10,10,High
3314,Theft,East,Morning,Monday,Sunny,Low,No,22.0,18,15,494,9,6,High
3315,Fire,East,Night,Friday,Cloudy,Medium,No,8.0,7,20,251,1,14,High
3316,Assault,South,Morning,Monday,Rainy,Low,Yes,5.0,16,26,448,4,15,High
3317,Fire,North,Evening,Monday,Rainy,High,Yes,9.0,7,33,291,9,17,High
3318,Medical,West,Afternoon,Wednesday,Sunny,High,No,10.0,8,12,240,4,14,High
3319,Accident,Central,Morning,Friday,Sunny,Medium,Yes,8.0,26,33,175,9,1,High
3320,Theft,Central,Night,Monday,Sunny,Low,No,18.0,9,15,312,1,1,Low
3321,Medical,West,Morning,Tuesday,Sunny,Low,Yes,22.0,25,24,93,6,7,High
3322,Accident,North,Night,Wednesday,Rainy,High,Yes,22.0,21,33,416,6,19,High
3323,Assault,North,Evening,Monday,Rainy,Medium,Yes,3.0,22,7,86,4,6,Medium
3324,Theft,West,Night,Thursday,Cloudy,Medium,No,6.0,12,5,489,3,8,High
3325,Medical,North,Evening,Wednesday,Sunny,Medium,No,13.0,5,25,175,6,17,High
3326,Assault,South,Night,Tuesday,Cloudy,Medium,No,15.0,18,22,462,3,7,High
3327,Theft,East,Afternoon,Saturday,Cloudy,Medium,No,12.0,29,12,277,2,3,Medium
3328,Assault,West,Evening,Saturday,Sunny,Medium,Yes,15.0,9,10,350,1,8,Medium
3329,Assault,East,Morning,Thursday,Cloudy,High,No,6.0,18,28,463,10,9,High
3330,Accident,Central,Morning,Sunday,Sunny,Low,No,20.0,15,32,262,10,11,High
3331,Theft,Central,Night,Friday,Sunny,High,No,7.0,18,22,235,7,20,High
3332,Theft,North,Afternoon,Wednesday,Cloudy,Low,Yes,9.0,19,34,313,9,10,High
3333,Accident,South,Night,Friday,Sunny,Medium,No,14.0,26,13,380,7,8,High
3334,Assault,East,Morning,Sunday,Cloudy,Medium,No,18.0,25,16,150,1,1,Low
3335,Theft,South,Afternoon,Thursday,Sunny,Medium,No,8.0,18,12,403,7,18,High
3336,Theft,South,Afternoon,Monday,Sunny,High,No,15.0,20,15,73,2,11,Medium
3337,Accident,South,Afternoon,Saturday,Rainy,Low,No,21.0,16,11,338,8,16,High
3338,Accident,West,Afternoon,Thursday,Cloudy,High,Yes,3.0,23,4,195,7,0,Medium
3339,Assault,East,Afternoon,Tuesday,Cloudy,High,No,11.0,7,19,16,4,6,Medium
3340,Assault,North,Night,Sunday,Sunny,Medium,Yes,11.0,24,32,375,7,17,High
3341,Fire,South,Night,Monday,Sunny,Medium,Yes,15.0,8,21,256,1,8,Medium
3342,Theft,West,Afternoon,Friday,Cloudy,Medium,No,9.0,17,32,159,8,9,High
3343,Accident,North,Evening,Wednesday,Rainy,High,No,14.0,20,35,448,3,2,Medium
3344,Accident,North,Evening,Tuesday,Rainy,High,No,7.0,14,35,63,7,16,High
3345,Fire,West,Afternoon,Saturday,Rainy,High,Yes,11.0,8,34,322,4,2,Medium
3346,Medical,Central,Afternoon,Monday,Rainy,High,Yes,7.0,11,18,325,2,5,Medium
3347,Accident,East,Evening,Sunday,Rainy,Medium,No,9.0,9,4,237,1,3,Low
3348,Assault,West,Night,Monday,Rainy,Medium,No,24.0,13,11,37,8,11,High
3349,Assault,East,Evening,Thursday,Cloudy,Medium,No,21.0,7,10,302,9,7,High
3350,Assault,West,Evening,Thursday,Rainy,Low,No,14.0,20,31,385,8,12,High
3351,Fire,Central,Night,Wednesday,Rainy,Medium,Yes,24.0,28,25,5,3,16,High
3352,Medical,South,Night,Tuesday,Rainy,Medium,No,4.0,14,35,252,2,11,High
3353,Medical,East,Morning,Thursday,Cloudy,Low,No,3.0,18,8,73,5,5,Medium
3354,Theft,North,Night,Sunday,Rainy,Low,No,16.0,30,21,331,4,16,High
3355,Fire,South,Morning,Wednesday,Sunny,Low,Yes,9.0,23,6,441,7,13,High
3356,Theft,North,Morning,Monday,Cloudy,Medium,Yes,21.0,12,19,279,2,6,Medium
3357,Accident,Central,Night,Wednesday,Rainy,Low,No,19.0,22,24,182,7,8,High
3358,Theft,East,Afternoon,Thursday,Cloudy,Medium,No,15.0,8,25,79,6,18,High
3359,Assault,Central,Afternoon,Saturday,Cloudy,Medium,Yes,9.0,15,8,233,6,16,High
3360,Fire,South,Evening,Saturday,Cloudy,High,No,15.0,18,31,169,4,11,High
3361,Accident,West,Morning,Saturday,Sunny,High,Yes,23.0,22,13,35,5,14,High
3362,Assault,West,Afternoon,Friday,Sunny,Medium,No,16.0,24,23,67,7,8,High
3363,Medical,West,Afternoon,Thursday,Rainy,High,Yes,14.0,8,35,221,3,16,High
3364,Theft,Central,Morning,Saturday,Cloudy,Medium,Yes,7.0,25,35,417,2,0,Low
3365,Theft,South,Morning,Sunday,Rainy,High,Yes,24.0,19,14,97,1,17,High
3366,Fire,East,Evening,Thursday,Cloudy,Low,Yes,11.0,16,28,22,10,20,High
3367,Fire,South,Afternoon,Saturday,Rainy,Low,Yes,13.0,18,30,49,1,12,Medium
3368,Fire,Central,Morning,Wednesday,Sunny,Low,Yes,15.0,9,24,97,5,4,Medium
3369,Theft,East,Afternoon,Monday,Sunny,Medium,No,22.0,29,22,161,8,10,High
3370,Accident,North,Afternoon,Saturday,Sunny,Low,Yes,4.0,20,21,386,4,11,High
3371,Theft,South,Evening,Wednesday,Sunny,Medium,Yes,22.0,30,33,328,10,18,High
3372,Theft,Central,Afternoon,Tuesday,Cloudy,Medium,Yes,3.0,19,34,13,2,19,High
3373,Assault,West,Evening,Wednesday,Rainy,Medium,No,18.0,25,18,388,3,15,High
3374,Fire,East,Evening,Wednesday,Cloudy,Low,No,17.0,16,34,225,2,4,Medium
3375,Assault,North,Evening,Saturday,Sunny,High,Yes,8.0,17,30,481,8,3,High
3376,Assault,North,Afternoon,Monday,Rainy,Low,Yes,22.0,13,15,382,10,4,High
3377,Medical,North,Night,Tuesday,Rainy,High,No,10.0,25,19,453,4,8,High
3378,Fire,Central,Morning,Sunday,Sunny,High,Yes,17.0,20,16,93,9,9,High
3379,Fire,West,Evening,Friday,Sunny,High,No,25.0,24,11,231,4,3,Medium
3380,Theft,North,Night,Saturday,Sunny,Low,Yes,12.0,30,15,237,6,2,Medium
3381,Theft,North,Evening,Sunday,Rainy,Low,No,24.0,15,9,439,7,20,High
3382,Accident,South,Afternoon,Saturday,Cloudy,Medium,Yes,15.0,13,22,449,5,6,High
3383,Theft,West,Afternoon,Tuesday,Rainy,Medium,Yes,25.0,29,4,76,5,5,Medium
3384,Medical,East,Night,Monday,Sunny,High,Yes,19.0,6,32,81,6,14,High
3385,Theft,Central,Morning,Monday,Cloudy,Medium,Yes,9.0,6,4,277,4,11,High
3386,Assault,East,Evening,Thursday,Rainy,High,No,16.0,25,34,176,3,16,High
3387,Assault,North,Afternoon,Wednesday,Rainy,Medium,Yes,20.0,26,23,246,2,5,Medium
3388,Medical,East,Morning,Wednesday,Rainy,High,No,15.0,16,30,95,4,9,High
3389,Fire,East,Morning,Sunday,Cloudy,Medium,Yes,17.0,15,35,171,4,3,Medium
3390,Medical,East,Night,Wednesday,Rainy,Low,Yes,24.0,17,26,203,8,18,High
3391,Fire,South,Night,Saturday,Rainy,High,No,17.0,28,24,362,4,7,High
3392,Fire,East,Morning,Saturday,Rainy,Medium,No,21.0,10,15,46,3,0,Low
3393,Assault,South,Afternoon,Thursday,Rainy,Medium,Yes,23.0,16,16,470,8,18,High
3394,Fire,North,Afternoon,Friday,Rainy,Low,Yes,7.0,18,23,36,5,9,High
3395,Theft,North,Afternoon,Wednesday,Cloudy,Low,No,7.0,10,13,405,4,15,High
3396,Theft,North,Evening,Friday,Rainy,Low,No,8.0,24,27,311,4,4,Medium
3397,Fire,Central,Morning,Friday,Rainy,High,Yes,24.0,25,25,236,1,13,Medium
3398,Theft,West,Afternoon,Wednesday,Rainy,Medium,No,15.0,19,5,385,5,15,High
3399,Assault,North,Evening,Tuesday,Cloudy,Medium,Yes,12.0,27,18,194,7,19,High
3400,Medical,South,Evening,Sunday,Cloudy,Medium,Yes,19.0,15,25,464,6,0,Medium
3401,Fire,South,Evening,Thursday,Cloudy,Low,No,15.0,17,13,245,10,5,High
3402,Assault,North,Evening,Thursday,Sunny,Low,Yes,25.0,18,14,324,4,9,High
3403,Theft,North,Evening,Monday,Rainy,High,No,16.0,18,29,327,5,8,High
3404,Fire,Central,Night,Sunday,Cloudy,High,No,15.0,21,29,280,2,1,Low
3405,Theft,South,Evening,Monday,Cloudy,Medium,No,11.0,13,20,496,10,5,High
3406,Accident,North,Afternoon,Saturday,Cloudy,Low,Yes,10.0,26,23,410,7,2,High
3407,Medical,South,Evening,Thursday,Rainy,High,Yes,3.0,8,29,127,9,17,High
3408,Medical,Central,Morning,Monday,Cloudy,Low,Yes,18.0,20,19,331,3,6,Medium
3409,Fire,North,Morning,Saturday,Sunny,Low,Yes,9.0,8,27,40,1,12,Medium
3410,Assault,South,Morning,Wednesday,Sunny,High,Yes,5.0,11,19,78,6,6,High
3411,Theft,Central,Night,Thursday,Sunny,Low,Yes,4.0,10,19,86,2,15,High
3412,Theft,West,Night,Saturday,Rainy,Medium,Yes,22.0,5,19,319,3,11,High
3413,Assault,West,Evening,Sunday,Sunny,Low,No,25.0,8,9,358,1,0,Low
3414,Theft,East,Morning,Wednesday,Rainy,High,No,11.0,11,34,272,5,7,High
3415,Theft,Central,Night,Monday,Sunny,Medium,Yes,6.0,8,33,223,5,19,High
3416,Theft,Central,Afternoon,Saturday,Cloudy,High,Yes,4.0,13,7,496,9,5,High
3417,Fire,South,Afternoon,Monday,Rainy,High,Yes,12.0,25,11,478,9,6,High
3418,Accident,North,Afternoon,Tuesday,Cloudy,High,No,25.0,11,15,192,1,19,High
3419,Fire,North,Afternoon,Monday,Sunny,Low,Yes,15.0,10,27,365,3,14,High
3420,Fire,Central,Afternoon,Tuesday,Rainy,Medium,Yes,14.0,28,22,240,7,18,High
3421,Theft,West,Night,Sunday,Cloudy,High,No,15.0,19,11,384,2,2,Medium
3422,Theft,East,Afternoon,Friday,Rainy,Medium,Yes,3.0,10,24,488,3,19,High
3423,Theft,Central,Evening,Monday,Rainy,High,No,3.0,10,14,227,7,7,High
3424,Accident,South,Morning,Friday,Cloudy,Medium,Yes,12.0,26,4,329,4,0,Medium
3425,Accident,North,Evening,Friday,Rainy,Low,No,3.0,19,24,341,1,10,Medium
3426,Assault,Central,Evening,Thursday,Rainy,High,No,17.0,6,18,476,7,15,High
3427,Theft,West,Night,Wednesday,Cloudy,Medium,Yes,20.0,25,18,376,1,0,Low
3428,Theft,North,Night,Tuesday,Rainy,Low,No,10.0,15,24,479,6,16,High
3429,Medical,North,Morning,Sunday,Cloudy,High,Yes,7.0,22,15,227,10,7,High
3430,Theft,South,Evening,Monday,Rainy,Low,No,6.0,7,14,6,3,11,High
3431,Accident,North,Afternoon,Wednesday,Sunny,Medium,No,22.0,24,6,16,9,2,High
3432,Assault,North,Morning,Thursday,Sunny,High,No,23.0,27,21,34,2,15,High
3433,Medical,Central,Night,Tuesday,,,Yes,,23,31,277,5,11,High
3434,Accident,East,Morning,Tuesday,Cloudy,High,Yes,4.0,19,5,458,3,8,High
3435,Accident,West,Night,Sunday,Cloudy,Medium,No,6.0,29,21,32,10,3,High
3436,Accident,Central,Night,Saturday,Sunny,Low,No,21.0,15,12,214,8,2,High
3437,Accident,East,Morning,Thursday,Rainy,Low,Yes,6.0,19,31,291,1,4,Medium
3438,Accident,South,Evening,Thursday,Cloudy,Low,No,20.0,5,20,341,3,6,Medium
3439,Theft,Central,Evening,Saturday,Cloudy,High,Yes,13.0,11,13,337,8,4,High
3440,Fire,East,Night,Tuesday,Rainy,Low,Yes,21.0,22,34,138,9,16,High
3441,Fire,East,Morning,Sunday,Cloudy,Low,No,25.0,20,5,322,4,10,High
3442,Accident,Central,Evening,Wednesday,Sunny,High,No,19.0,14,28,101,7,19,High
3443,Accident,South,Afternoon,Friday,Sunny,High,No,10.0,15,29,300,4,17,High
3444,Accident,South,Afternoon,Sunday,Rainy,Low,No,7.0,20,19,208,8,5,High
3445,Fire,East,Morning,Monday,Rainy,High,Yes,16.0,18,16,29,3,3,Low
3446,Accident,South,Night,Tuesday,Rainy,Low,No,25.0,11,20,192,2,12,Medium
3447,Theft,East,Evening,Wednesday,Rainy,Medium,Yes,9.0,16,33,455,3,6,Medium
3448,Theft,North,Night,Wednesday,Rainy,High,No,12.0,9,9,105,5,8,High
3449,Fire,North,Evening,Tuesday,Cloudy,Medium,No,18.0,25,22,291,5,10,High
3450,Medical,North,Morning,Thursday,Rainy,Medium,Yes,14.0,7,14,259,4,3,Medium
3451,Fire,East,Night,Saturday,Sunny,Medium,Yes,12.0,10,32,339,5,12,High
3452,Accident,South,Morning,Monday,Rainy,Medium,Yes,18.0,16,11,317,10,16,High
3453,Accident,West,Afternoon,Saturday,Sunny,Low,No,5.0,30,18,189,5,20,High
3454,Fire,North,Morning,Saturday,Cloudy,Low,Yes,8.0,13,24,417,8,17,High
3455,Medical,West,Afternoon,Wednesday,Sunny,High,Yes,10.0,28,34,208,5,9,High
3456,Assault,West,Night,Monday,Cloudy,Low,No,23.0,18,4,472,2,8,Medium
3457,Accident,Central,Morning,Sunday,Sunny,Low,No,10.0,28,32,321,10,13,High
3458,Theft,West,Morning,Sunday,Rainy,Medium,Yes,4.0,17,25,490,10,20,High
3459,Accident,North,Afternoon,Saturday,Sunny,Low,No,6.0,8,14,298,6,0,Medium
3460,Fire,Central,Night,Sunday,Cloudy,Low,Yes,4.0,10,34,1,1,8,Medium
3461,Theft,East,Evening,Tuesday,Rainy,Low,No,4.0,22,29,474,2,5,Medium
3462,Medical,East,Afternoon,Monday,Sunny,High,Yes,22.0,24,32,203,10,12,High
3463,Assault,North,Night,Tuesday,Rainy,Low,Yes,11.0,9,20,44,5,8,High
3464,Medical,East,Afternoon,Friday,Cloudy,Medium,No,5.0,27,26,470,9,13,High
3465,Fire,West,Afternoon,Friday,Sunny,Low,No,24.0,20,31,500,8,10,High
3466,Assault,West,Night,Monday,Rainy,Medium,Yes,21.0,20,17,256,6,15,High
3467,Medical,North,Evening,Monday,Rainy,Low,Yes,9.0,24,21,189,1,18,High
3468,Medical,West,Night,Thursday,Cloudy,Low,No,3.0,9,26,175,4,13,High
3469,Theft,West,Evening,Sunday,Sunny,Low,Yes,24.0,19,29,183,4,9,High
3470,Fire,South,Night,Wednesday,Cloudy,Medium,Yes,12.0,9,28,46,1,16,High
3471,Theft,Central,Evening,Sunday,Cloudy,High,Yes,11.0,16,22,12,9,4,High
3472,Accident,South,Night,Sunday,Rainy,High,No,10.0,15,14,208,6,11,High
3473,Accident,West,Afternoon,Thursday,Rainy,High,No,16.0,26,27,422,1,14,High
3474,Medical,East,Night,Thursday,Cloudy,High,Yes,8.0,10,25,170,3,2,Medium
3475,Fire,West,Afternoon,Friday,Rainy,High,No,13.0,29,14,338,2,15,High
3476,Assault,East,Morning,Tuesday,Sunny,Low,No,9.0,30,29,450,6,5,High
3477,Theft,East,Morning,Tuesday,Rainy,Low,No,3.0,6,20,20,5,14,High
3478,Medical,East,Morning,Saturday,Sunny,High,No,18.0,15,18,379,10,10,High
3479,Assault,North,Evening,Tuesday,Cloudy,Medium,Yes,13.0,10,22,362,7,7,High
3480,Theft,West,Afternoon,Tuesday,Rainy,Medium,Yes,19.0,16,13,139,1,1,Low
3481,Fire,West,Afternoon,Friday,Sunny,High,No,18.0,21,35,270,2,19,High
3482,Accident,North,Morning,Thursday,Sunny,Medium,Yes,24.0,11,6,309,6,6,High
3483,Accident,East,Morning,Friday,Cloudy,Medium,Yes,4.0,21,27,104,4,7,Medium
3484,Theft,Central,Afternoon,Monday,Sunny,Medium,Yes,4.0,26,15,335,7,13,High
3485,Assault,West,Night,Thursday,Rainy,Medium,No,4.0,23,19,351,3,2,Medium
3486,Assault,East,Evening,Wednesday,Rainy,Medium,Yes,13.0,29,33,437,4,13,High
3487,Accident,South,Evening,Sunday,Cloudy,High,Yes,6.0,24,25,129,4,16,High
3488,Medical,East,Evening,Tuesday,Sunny,Low,Yes,7.0,17,17,462,2,1,Medium
3489,Fire,East,Morning,Wednesday,Cloudy,High,No,9.0,25,9,354,4,7,High
3490,Assault,East,Morning,Thursday,Sunny,Medium,Yes,17.0,5,13,383,6,0,Medium
3491,Theft,East,Evening,Sunday,Cloudy,Medium,No,25.0,8,24,226,7,9,High
3492,Accident,South,Night,Saturday,Cloudy,Medium,Yes,12.0,22,19,55,3,13,High
3493,Medical,East,Night,Tuesday,Rainy,Low,Yes,12.0,6,31,90,1,18,High
3494,Assault,West,Morning,Tuesday,Rainy,High,Yes,19.0,24,17,118,3,11,High
3495,Medical,Central,Evening,Sunday,Cloudy,Medium,Yes,20.0,24,9,136,9,16,High
3496,Medical,East,Evening,Sunday,Rainy,High,No,22.0,23,8,348,7,10,High
3497,Medical,North,Morning,Wednesday,Sunny,Medium,Yes,13.0,9,19,222,5,8,High
3498,Medical,East,Evening,Wednesday,Rainy,Low,Yes,19.0,17,35,447,5,4,High
3499,Theft,North,Evening,Thursday,Rainy,Low,Yes,18.0,24,26,302,9,15,High
3500,Fire,Central,Morning,Monday,Cloudy,Medium,Yes,23.0,15,6,251,7,4,High
3501,Accident,West,Morning,Saturday,Sunny,Low,No,23.0,20,19,248,8,1,High
3502,Medical,Central,Afternoon,Sunday,Cloudy,High,Yes,3.0,28,35,114,2,9,Medium
3503,Fire,West,Evening,Wednesday,Cloudy,Low,Yes,14.0,20,24,454,7,8,High
3504,Theft,East,Morning,Thursday,Rainy,High,Yes,15.0,20,25,390,3,17,High
3505,Accident,West,Night,Monday,Rainy,Medium,No,6.0,27,24,184,6,14,High
3506,Assault,East,Night,Saturday,Sunny,Medium,No,16.0,28,19,290,1,7,Medium
3507,Fire,Central,Evening,Thursday,Sunny,Low,Yes,6.0,7,18,62,6,13,High
3508,Accident,West,Night,Monday,Cloudy,Low,Yes,5.0,21,13,465,5,11,High
3509,Medical,West,Night,Friday,Rainy,High,No,21.0,19,23,329,3,13,High
3510,Fire,North,Night,Tuesday,Sunny,Medium,Yes,23.0,24,30,386,10,16,High
3511,Assault,Central,Afternoon,Tuesday,Rainy,High,Yes,11.0,27,17,322,8,1,High
3512,Fire,West,Evening,Thursday,Cloudy,High,Yes,10.0,5,11,129,7,4,High
3513,Medical,Central,Night,Tuesday,Rainy,High,Yes,9.0,8,9,250,2,12,High
3514,Theft,West,Afternoon,Tuesday,Sunny,Low,No,10.0,30,28,186,9,11,High
3515,Assault,West,Evening,Thursday,Cloudy,High,No,18.0,11,26,179,4,13,High
3516,Theft,East,Morning,Sunday,Cloudy,Low,Yes,19.0,14,8,393,3,19,High
3517,Accident,Central,Afternoon,Saturday,Rainy,Medium,No,3.0,11,12,241,3,6,Medium
3518,Accident,West,Morning,Monday,Cloudy,High,Yes,7.0,26,18,384,4,10,High
3519,Medical,East,Night,Tuesday,Cloudy,Low,No,20.0,5,31,495,1,7,Medium
3520,Theft,South,Morning,Thursday,Rainy,High,Yes,24.0,7,10,471,4,20,High
3521,Fire,West,Evening,Thursday,Sunny,High,Yes,16.0,17,29,327,4,12,High
3522,Accident,North,Afternoon,Tuesday,Cloudy,Medium,Yes,13.0,23,21,82,4,13,High
3523,Assault,East,Afternoon,Wednesday,Cloudy,High,Yes,11.0,5,18,342,3,19,High
3524,Accident,South,Night,Saturday,Rainy,Medium,No,7.0,27,20,338,2,6,Medium
3525,Theft,East,Night,Friday,Rainy,High,Yes,13.0,6,19,299,2,20,High
3526,Accident,South,Evening,Sunday,Cloudy,Medium,Yes,7.0,27,29,405,8,2,High
3527,Medical,Central,Afternoon,Monday,Cloudy,Low,No,22.0,21,19,183,9,5,High
3528,Assault,East,Morning,Tuesday,Rainy,High,Yes,17.0,19,35,142,2,18,High
3529,Fire,Central,Afternoon,Tuesday,Cloudy,Medium,Yes,17.0,18,26,439,7,11,High
3530,Fire,Central,Evening,Friday,Rainy,High,No,24.0,13,5,336,10,10,High
3531,Assault,West,Morning,Saturday,Sunny,High,No,13.0,19,34,344,4,8,High
3532,Medical,North,Evening,Friday,Rainy,High,No,3.0,29,6,321,6,10,High
3533,Medical,South,Night,Sunday,Sunny,Low,No,7.0,11,27,264,8,6,High
3534,Assault,North,Evening,Saturday,Sunny,Medium,Yes,17.0,5,30,79,2,20,High
3535,Theft,South,Morning,Sunday,Sunny,High,Yes,4.0,19,12,253,9,17,High
3536,Theft,Central,Night,Thursday,Rainy,Medium,Yes,6.0,7,14,482,9,17,High
3537,Fire,East,Evening,Friday,Sunny,Medium,No,9.0,25,32,84,8,0,Medium
3538,Medical,North,Evening,Thursday,Cloudy,Medium,No,17.0,25,10,248,7,0,Medium
3539,Assault,North,Evening,Wednesday,Rainy,Medium,Yes,21.0,18,35,430,5,6,High
3540,Medical,East,Evening,Thursday,Cloudy,High,No,15.0,13,4,125,10,2,High
3541,Medical,North,Morning,Sunday,Sunny,Medium,Yes,14.0,21,31,368,4,1,Medium
3542,Fire,East,Evening,Thursday,Cloudy,Low,Yes,8.0,18,30,70,2,18,High
3543,Theft,East,Night,Monday,Rainy,High,No,4.0,14,4,168,10,16,High
3544,Theft,West,Afternoon,Friday,Cloudy,Medium,No,5.0,23,7,21,1,0,Low
3545,Accident,South,Night,Sunday,Cloudy,Low,Yes,23.0,14,35,226,7,7,High
3546,Medical,Central,Evening,Friday,Rainy,Medium,Yes,6.0,11,10,310,9,8,High
3547,Accident,East,Afternoon,Saturday,Cloudy,High,No,6.0,11,4,113,9,4,High
3548,Medical,North,Afternoon,Sunday,Rainy,High,No,5.0,8,9,184,3,20,High
3549,Theft,South,Evening,Friday,Rainy,High,Yes,8.0,26,22,296,1,9,Medium
3550,Assault,West,Night,Sunday,Rainy,Low,No,10.0,22,32,390,4,4,Medium
3551,Fire,East,Morning,Saturday,Sunny,High,No,21.0,15,8,431,3,16,High
3552,Fire,North,Morning,Friday,Sunny,Medium,Yes,17.0,14,22,112,9,17,High
3553,Theft,South,Night,Sunday,Rainy,Low,Yes,24.0,11,32,354,3,18,High
3554,Medical,East,Morning,Tuesday,Sunny,Low,Yes,14.0,14,9,242,1,3,Low
3555,Assault,West,Night,Thursday,,,Yes,,15,32,261,8,13,High
3556,Fire,North,Afternoon,Friday,Rainy,Medium,No,7.0,29,6,283,9,19,High
3557,Fire,North,Afternoon,Thursday,Sunny,Medium,No,19.0,24,15,18,5,11,High
3558,Accident,Central,Night,Saturday,Sunny,Medium,No,6.0,24,14,272,8,15,High
3559,Accident,Central,Night,Thursday,Rainy,High,No,5.0,11,29,385,6,14,High
3560,Accident,South,Evening,Thursday,Cloudy,Medium,No,13.0,12,32,356,2,9,Medium
3561,Medical,Central,Morning,Saturday,Sunny,High,No,13.0,9,30,273,9,4,High
3562,Assault,South,Afternoon,Friday,Rainy,Low,No,6.0,15,31,391,2,3,Medium
3563,Accident,North,Night,Sunday,Cloudy,Low,Yes,16.0,20,6,220,8,9,High
3564,Accident,West,Evening,Saturday,Sunny,Low,No,5.0,23,18,377,9,6,High
3565,Accident,West,Afternoon,Saturday,Sunny,Low,Yes,4.0,12,23,261,6,13,High
3566,Accident,West,Morning,Wednesday,Sunny,Medium,No,14.0,9,21,154,4,19,High
3567,Fire,Central,Morning,Sunday,Cloudy,Low,Yes,23.0,9,29,437,8,16,High
3568,Theft,Central,Night,Sunday,Sunny,High,No,17.0,7,28,347,5,4,Medium
3569,Fire,South,Night,Monday,Sunny,High,No,11.0,20,30,479,10,14,High
3570,Assault,Central,Morning,Friday,Sunny,Low,Yes,17.0,29,15,241,5,17,High
3571,Fire,South,Morning,Sunday,Rainy,Low,No,11.0,7,15,371,3,18,High
3572,Medical,East,Evening,Wednesday,Rainy,Medium,Yes,11.0,28,10,351,4,18,High
3573,Theft,East,Morning,Monday,Sunny,Medium,No,13.0,22,19,314,9,5,High
3574,Assault,West,Afternoon,Wednesday,Cloudy,Medium,Yes,8.0,21,13,15,4,6,Medium
3575,Assault,North,Night,Sunday,Cloudy,High,No,20.0,17,27,229,5,18,High
3576,Theft,Central,Night,Tuesday,Cloudy,Medium,No,7.0,29,27,48,3,6,Medium
3577,Assault,North,Afternoon,Tuesday,Sunny,High,Yes,9.0,14,32,150,7,20,High
3578,Assault,West,Afternoon,Thursday,Sunny,Low,No,8.0,21,22,279,6,14,High
3579,Theft,North,Night,Tuesday,Cloudy,Medium,Yes,20.0,14,28,125,4,0,Low
3580,Accident,Central,Morning,Friday,Rainy,High,No,10.0,11,29,394,9,0,High
3581,Fire,East,Afternoon,Sunday,Cloudy,Low,Yes,23.0,7,31,293,5,2,Medium
3582,Assault,West,Afternoon,Sunday,Sunny,High,No,15.0,18,19,32,2,3,Low
3583,Theft,Central,Evening,Thursday,Cloudy,Medium,Yes,12.0,7,22,429,6,10,High
3584,Theft,Central,Evening,Friday,Rainy,Low,Yes,14.0,7,10,459,3,18,High
3585,Fire,West,Morning,Wednesday,Rainy,High,Yes,4.0,28,7,375,7,13,High
3586,Fire,Central,Morning,Sunday,Cloudy,Medium,Yes,22.0,26,25,227,2,8,Medium
3587,Assault,Central,Evening,Wednesday,Rainy,Low,Yes,3.0,18,28,143,5,2,Medium
3588,Fire,South,Afternoon,Wednesday,Rainy,High,No,4.0,10,21,221,2,11,High
3589,Assault,South,Evening,Monday,,,Yes,,25,4,236,1,2,Low
3590,Theft,East,Evening,Tuesday,Sunny,High,Yes,16.0,18,32,328,6,0,Medium
3591,Accident,East,Morning,Tuesday,Cloudy,High,Yes,11.0,19,24,256,2,2,Low
3592,Fire,Central,Morning,Wednesday,Cloudy,Low,Yes,8.0,10,4,386,5,18,High
3593,Assault,Central,Morning,Monday,Sunny,Medium,No,7.0,8,32,301,9,11,High
3594,Assault,South,Afternoon,Wednesday,Cloudy,High,Yes,13.0,29,7,172,3,1,Low
3595,Fire,South,Evening,Monday,Cloudy,Low,No,12.0,12,7,455,4,19,High
3596,Medical,South,Evening,Wednesday,Sunny,High,Yes,7.0,30,19,308,5,12,High
3597,Medical,Central,Evening,Tuesday,Cloudy,High,No,14.0,13,17,329,8,12,High
3598,Accident,North,Evening,Friday,Rainy,High,Yes,10.0,5,30,10,9,6,High
3599,Theft,East,Morning,Sunday,Rainy,High,No,4.0,21,24,303,3,20,High
3600,Medical,South,Afternoon,Thursday,Rainy,Low,Yes,3.0,15,11,172,2,18,High
3601,Accident,West,Afternoon,Friday,Sunny,High,Yes,18.0,13,22,315,1,1,Low
3602,Theft,South,Evening,Wednesday,Rainy,High,No,11.0,27,4,64,8,15,High
3603,Assault,East,Evening,Friday,Rainy,Medium,No,24.0,20,17,203,9,10,High
3604,Theft,East,Night,Wednesday,Sunny,Low,Yes,10.0,17,28,227,1,4,Low
3605,Medical,Central,Afternoon,Friday,Cloudy,Low,No,3.0,11,31,55,9,17,High
3606,Theft,East,Afternoon,Friday,Sunny,Medium,Yes,24.0,23,22,405,3,17,High
3607,Assault,West,Evening,Tuesday,Cloudy,Medium,No,15.0,24,25,10,7,4,High
3608,Assault,South,Night,Thursday,Cloudy,Low,No,4.0,11,10,149,9,17,High
3609,Fire,East,Afternoon,Thursday,Rainy,Medium,Yes,23.0,22,8,77,6,8,High
3610,Theft,South,Evening,Tuesday,Cloudy,Medium,Yes,10.0,29,18,425,10,16,High
3611,Fire,South,Night,Tuesday,Rainy,High,Yes,23.0,22,26,22,7,16,High
3612,Accident,West,Evening,Wednesday,Cloudy,Medium,Yes,22.0,30,35,44,2,8,Medium
3613,Medical,West,Night,Friday,,,No,,13,6,439,8,14,High
3614,Assault,South,Night,Monday,Sunny,High,Yes,13.0,23,34,422,6,12,High
3615,Medical,Central,Morning,Monday,Cloudy,High,Yes,18.0,11,29,11,5,10,High
3616,Accident,West,Evening,Tuesday,Sunny,Medium,Yes,25.0,26,35,415,5,3,Medium
3617,Assault,North,Night,Friday,Cloudy,Low,No,24.0,30,33,460,2,16,High
3618,Fire,East,Morning,Monday,Sunny,Medium,No,8.0,12,30,260,6,14,High
3619,Assault,East,Night,Saturday,Sunny,High,Yes,17.0,8,13,285,8,13,High
3620,Assault,Central,Evening,Saturday,Sunny,Medium,Yes,21.0,8,14,497,9,4,High
3621,Theft,East,Evening,Wednesday,Sunny,Medium,Yes,3.0,25,22,451,10,12,High
3622,Fire,North,Evening,Wednesday,Cloudy,Medium,No,9.0,19,30,362,1,8,Medium
3623,Accident,Central,Morning,Wednesday,Cloudy,Medium,Yes,16.0,29,20,253,1,3,Low
3624,Accident,West,Morning,Tuesday,Sunny,Low,Yes,4.0,30,32,31,1,8,Medium
3625,Fire,Central,Night,Friday,Cloudy,Low,Yes,17.0,29,35,160,7,1,Medium
3626,Fire,East,Evening,Friday,Cloudy,Medium,Yes,12.0,9,33,258,9,10,High
3627,Assault,West,Evening,Wednesday,Rainy,High,No,22.0,20,16,59,6,20,High
3628,Assault,North,Morning,Sunday,Cloudy,Medium,Yes,20.0,27,19,462,9,14,High
3629,Assault,West,Night,Monday,Cloudy,Medium,Yes,14.0,25,7,382,10,4,High
3630,Fire,North,Evening,Monday,Sunny,Medium,No,6.0,20,22,2,7,20,High
3631,Assault,West,Night,Thursday,Rainy,Low,No,6.0,11,10,24,1,9,Medium
3632,Theft,West,Night,Tuesday,Cloudy,Medium,Yes,7.0,19,33,225,1,3,Low
3633,Fire,Central,Morning,Saturday,Rainy,Low,Yes,8.0,27,33,448,7,9,High
3634,Fire,West,Morning,Tuesday,Cloudy,Medium,No,17.0,17,12,466,8,13,High
3635,Medical,North,Evening,Friday,Rainy,Medium,No,15.0,25,18,487,4,2,Medium
3636,Assault,West,Afternoon,Saturday,Sunny,High,Yes,16.0,6,22,65,8,10,High
3637,Accident,East,Morning,Saturday,Sunny,Medium,Yes,15.0,27,10,318,7,0,Medium
3638,Fire,North,Afternoon,Tuesday,Cloudy,Low,No,25.0,24,34,132,4,0,Low
3639,Theft,East,Afternoon,Saturday,Cloudy,Low,No,15.0,15,22,225,7,13,High
3640,Medical,East,Afternoon,Wednesday,Sunny,High,Yes,6.0,27,30,322,3,20,High
3641,Accident,Central,Morning,Tuesday,Cloudy,Low,No,5.0,19,4,382,9,13,High
3642,Assault,Central,Night,Wednesday,Rainy,Medium,No,6.0,12,28,115,8,5,High
3643,Assault,North,Evening,Saturday,Rainy,Medium,Yes,13.0,8,5,210,3,3,Medium
3644,Medical,West,Night,Sunday,Rainy,Medium,Yes,22.0,16,6,494,6,5,High
3645,Fire,East,Night,Friday,Sunny,Medium,Yes,13.0,26,31,396,3,6,Medium
3646,Accident,East,Morning,Wednesday,Sunny,Medium,No,4.0,17,15,221,6,0,Medium
3647,Medical,East,Afternoon,Monday,Sunny,Medium,Yes,9.0,20,20,39,6,18,High
3648,Theft,Central,Night,Thursday,Cloudy,Low,Yes,13.0,21,5,392,5,8,High
3649,Assault,East,Night,Monday,Rainy,Low,No,16.0,29,9,481,4,8,High
3650,Assault,North,Morning,Monday,Sunny,Medium,Yes,7.0,9,20,128,6,4,High
3651,Theft,Central,Evening,Tuesday,Rainy,Medium,Yes,5.0,24,21,299,3,14,High
3652,Medical,South,Morning,Saturday,Sunny,High,Yes,19.0,8,35,458,3,12,High
3653,Accident,Central,Morning,Friday,Sunny,Medium,Yes,21.0,24,4,264,6,17,High
3654,Theft,Central,Morning,Saturday,Cloudy,Low,No,25.0,5,25,111,4,9,Medium
3655,Medical,Central,Morning,Saturday,Sunny,Low,Yes,13.0,25,31,486,7,7,High
3656,Assault,North,Afternoon,Saturday,Sunny,Low,No,25.0,18,23,50,2,13,Medium
3657,Fire,Central,Morning,Tuesday,Cloudy,High,No,16.0,29,20,493,7,14,High
3658,Theft,West,Evening,Friday,Cloudy,High,No,15.0,29,14,269,10,6,High
3659,Assault,North,Afternoon,Monday,Sunny,Low,Yes,22.0,7,15,462,10,10,High
3660,Assault,North,Night,Thursday,Rainy,Medium,Yes,14.0,18,26,382,5,13,High
3661,Theft,East,Afternoon,Friday,Cloudy,High,No,21.0,24,26,12,4,9,Medium
3662,Theft,Central,Night,Tuesday,Cloudy,High,No,15.0,13,26,333,5,3,Medium
3663,Assault,South,Evening,Saturday,Cloudy,Medium,No,7.0,12,5,407,4,4,Medium
3664,Medical,East,Evening,Thursday,Rainy,Medium,No,16.0,8,17,49,5,5,Medium
3665,Medical,South,Evening,Monday,Cloudy,Low,No,25.0,15,16,259,2,0,Low
3666,Medical,Central,Evening,Friday,Cloudy,High,Yes,7.0,26,34,325,5,8,High
3667,Accident,West,Afternoon,Tuesday,Rainy,High,No,16.0,24,28,89,10,0,High
3668,Fire,South,Night,Friday,Sunny,Low,Yes,16.0,27,14,488,3,14,High
3669,Medical,Central,Evening,Wednesday,Cloudy,Medium,Yes,11.0,8,17,175,8,7,High
3670,Assault,West,Morning,Saturday,Sunny,Medium,Yes,19.0,5,9,464,3,4,Medium
3671,Medical,East,Evening,Thursday,Sunny,Medium,Yes,3.0,9,28,152,10,11,High
3672,Medical,North,Morning,Saturday,Sunny,Low,Yes,12.0,27,19,49,5,20,High
3673,Assault,Central,Morning,Thursday,Rainy,High,No,16.0,26,31,424,2,16,High
3674,Theft,North,Morning,Saturday,Sunny,Medium,Yes,23.0,25,12,241,5,15,High
3675,Medical,South,Night,Monday,Sunny,High,No,11.0,12,33,118,9,16,High
3676,Fire,South,Evening,Tuesday,Sunny,Medium,Yes,22.0,29,26,365,8,15,High
3677,Fire,East,Night,Thursday,Rainy,Low,No,7.0,9,20,116,10,19,High
3678,Theft,South,Morning,Saturday,Cloudy,High,No,17.0,26,25,130,8,11,High
3679,Assault,North,Afternoon,Saturday,Rainy,Low,Yes,12.0,21,23,48,3,3,Medium
3680,Medical,Central,Evening,Tuesday,Sunny,High,No,25.0,29,35,424,10,12,High
3681,Accident,Central,Evening,Thursday,Rainy,Low,No,25.0,23,19,170,8,20,High
3682,Medical,East,Afternoon,Tuesday,Cloudy,High,Yes,24.0,23,15,360,10,7,High
3683,Assault,West,Evening,Thursday,Cloudy,Medium,No,12.0,18,9,499,3,10,High
3684,Fire,West,Morning,Sunday,Sunny,High,No,19.0,29,31,341,9,2,High
3685,Theft,North,Evening,Saturday,Rainy,Low,Yes,23.0,15,12,368,10,9,High
3686,Assault,South,Night,Thursday,Cloudy,Medium,Yes,4.0,7,21,493,6,20,High
3687,Accident,East,Night,Saturday,Rainy,High,Yes,19.0,30,28,346,7,6,High
3688,Theft,North,Morning,Monday,Sunny,Low,No,23.0,9,12,284,8,20,High
3689,Assault,South,Evening,Monday,Rainy,Medium,No,24.0,18,7,259,3,13,High
3690,Medical,West,Night,Monday,Cloudy,High,Yes,11.0,23,6,175,10,3,High
3691,Medical,West,Afternoon,Wednesday,Sunny,High,Yes,25.0,13,26,5,9,0,Medium
3692,Assault,East,Afternoon,Friday,Rainy,High,Yes,12.0,28,29,440,8,20,High
3693,Medical,West,Afternoon,Saturday,Rainy,Low,Yes,6.0,19,11,487,1,11,High
3694,Accident,South,Night,Thursday,Rainy,High,No,9.0,29,19,443,4,8,High
3695,Assault,East,Night,Wednesday,Sunny,Low,Yes,9.0,13,12,255,8,14,High
3696,Accident,North,Night,Thursday,Sunny,High,Yes,21.0,19,9,154,1,20,High
3697,Assault,East,Night,Thursday,Cloudy,Medium,No,5.0,26,6,16,9,13,High
3698,Fire,East,Afternoon,Wednesday,Rainy,Medium,Yes,5.0,19,11,243,5,4,Medium
3699,Assault,Central,Evening,Saturday,Sunny,Medium,No,14.0,29,16,112,1,4,Low
3700,Theft,West,Morning,Saturday,Sunny,High,No,18.0,11,24,229,9,12,High
3701,Assault,West,Evening,Saturday,Rainy,High,Yes,23.0,24,23,268,3,7,Medium
3702,Assault,South,Morning,Sunday,Cloudy,Medium,Yes,5.0,13,17,349,3,12,High
3703,Fire,Central,Morning,Friday,Rainy,Low,No,25.0,14,20,171,8,12,High
3704,Assault,South,Night,Tuesday,Cloudy,Low,Yes,9.0,5,7,456,7,12,High
3705,Assault,Central,Night,Sunday,Cloudy,High,Yes,15.0,13,7,348,6,2,Medium
3706,Accident,South,Night,Saturday,Cloudy,High,Yes,6.0,7,17,430,5,16,High
3707,Medical,East,Night,Thursday,Rainy,Medium,Yes,8.0,20,14,213,10,11,High
3708,Assault,North,Afternoon,Saturday,Cloudy,High,No,19.0,23,6,185,6,9,High
3709,Medical,South,Night,Monday,Sunny,High,Yes,6.0,15,22,392,10,19,High
3710,Fire,West,Afternoon,Thursday,Rainy,Medium,Yes,25.0,8,17,127,10,6,High
3711,Theft,East,Night,Thursday,Sunny,High,Yes,16.0,29,22,33,3,7,Medium
3712,Theft,Central,Evening,Sunday,Rainy,Low,No,11.0,10,27,35,10,16,High
3713,Fire,South,Evening,Wednesday,Sunny,High,No,13.0,22,14,342,7,11,High
3714,Fire,South,Afternoon,Friday,Sunny,Low,No,16.0,11,4,252,9,0,High
3715,Theft,East,Afternoon,Wednesday,Cloudy,High,No,19.0,24,35,279,3,14,High
3716,Assault,East,Night,Wednesday,Cloudy,Medium,No,16.0,21,23,249,5,5,Medium
3717,Theft,North,Evening,Saturday,Cloudy,Low,Yes,19.0,12,10,233,1,4,Low
3718,Accident,North,Evening,Friday,Sunny,High,Yes,15.0,28,23,246,9,10,High
3719,Assault,Central,Night,Sunday,Rainy,Medium,No,6.0,5,30,272,6,0,Medium
3720,Assault,South,Night,Sunday,Cloudy,Medium,No,9.0,19,31,41,7,18,High
3721,Assault,East,Night,Tuesday,Sunny,Medium,Yes,10.0,14,32,125,6,7,High
3722,Medical,North,Evening,Monday,Sunny,Low,No,8.0,21,11,407,3,13,High
3723,Accident,East,Morning,Wednesday,Sunny,Low,No,23.0,20,19,106,5,17,High
3724,Fire,West,Morning,Friday,Rainy,High,No,3.0,13,34,164,1,20,High
3725,Assault,South,Night,Thursday,Sunny,High,No,11.0,16,35,305,3,2,Medium
3726,Accident,West,Afternoon,Thursday,Rainy,Medium,Yes,20.0,7,32,59,10,19,High
3727,Medical,West,Evening,Friday,Cloudy,High,No,19.0,21,26,226,10,20,High
3728,Accident,East,Night,Monday,,,No,,8,20,232,6,3,High
3729,Assault,East,Afternoon,Thursday,Cloudy,Low,Yes,11.0,20,34,174,3,15,High
3730,Assault,East,Night,Sunday,Sunny,High,Yes,11.0,21,33,114,3,16,High
3731,Accident,West,Afternoon,Tuesday,Cloudy,Low,Yes,19.0,20,25,388,9,18,High
3732,Accident,East,Evening,Saturday,Sunny,Medium,Yes,13.0,23,4,471,1,1,Low
3733,Accident,Central,Morning,Friday,Sunny,Medium,No,14.0,14,6,165,7,17,High
3734,Theft,South,Afternoon,Friday,Sunny,Low,Yes,7.0,26,34,149,3,13,High
3735,Accident,Central,Night,Wednesday,Cloudy,High,Yes,9.0,16,16,173,7,7,High
3736,Medical,West,Morning,Friday,Rainy,High,No,19.0,10,11,203,10,5,High
3737,Assault,South,Night,Sunday,Rainy,Low,Yes,19.0,25,13,325,6,15,High
3738,Assault,West,Night,Monday,Cloudy,Medium,No,17.0,12,19,478,10,15,High
3739,Accident,East,Evening,Saturday,Sunny,Medium,Yes,13.0,5,7,415,9,10,High
3740,Theft,North,Night,Friday,Sunny,High,Yes,22.0,28,5,205,10,5,High
3741,Accident,East,Night,Tuesday,Sunny,Medium,No,7.0,19,14,208,3,11,High
3742,Theft,West,Night,Wednesday,Sunny,High,No,16.0,20,11,378,2,11,High
3743,Medical,Central,Night,Saturday,Sunny,High,No,13.0,22,9,143,3,20,High
3744,Medical,North,Evening,Tuesday,Cloudy,Medium,No,25.0,15,16,254,1,10,Medium
3745,Medical,East,Morning,Sunday,Rainy,High,Yes,7.0,18,17,321,10,15,High
3746,Assault,South,Morning,Sunday,Sunny,High,Yes,4.0,18,30,43,6,6,High
3747,Theft,South,Night,Sunday,Cloudy,Medium,Yes,10.0,22,32,199,6,17,High
3748,Medical,South,Evening,Monday,Sunny,Medium,Yes,7.0,8,22,292,8,17,High
3749,Medical,North,Evening,Friday,Sunny,Low,No,16.0,27,16,124,8,0,Medium
3750,Assault,West,Afternoon,Tuesday,Cloudy,Medium,No,9.0,18,11,134,9,16,High
3751,Assault,East,Evening,Friday,Rainy,Medium,Yes,4.0,17,34,342,6,13,High
3752,Assault,South,Evening,Monday,Rainy,Low,Yes,3.0,15,32,149,6,3,High
3753,Theft,Central,Evening,Sunday,Rainy,High,No,23.0,24,8,353,6,17,High
3754,Accident,West,Afternoon,Monday,Cloudy,Low,Yes,18.0,21,22,109,3,10,Medium
3755,Theft,East,Morning,Sunday,Rainy,High,No,3.0,30,22,482,5,3,High
3756,Medical,North,Night,Sunday,Cloudy,Low,Yes,15.0,17,4,126,10,3,High
3757,Theft,South,Evening,Monday,Cloudy,Medium,No,23.0,17,31,326,6,11,High
3758,Medical,East,Morning,Saturday,Cloudy,High,Yes,4.0,14,25,24,6,1,Medium
3759,Assault,East,Evening,Friday,Sunny,Medium,No,3.0,17,6,321,3,15,High
3760,Assault,South,Afternoon,Thursday,Rainy,Medium,Yes,19.0,6,18,379,6,20,High
3761,Assault,North,Afternoon,Tuesday,Rainy,Low,No,13.0,29,10,156,3,11,High
3762,Assault,South,Morning,Sunday,Sunny,High,Yes,23.0,25,30,134,3,8,Medium
3763,Accident,Central,Night,Thursday,Cloudy,Low,No,21.0,27,5,183,5,6,Medium
3764,Theft,West,Morning,Friday,Cloudy,High,No,24.0,23,28,155,2,0,Low
3765,Assault,West,Morning,Tuesday,Sunny,Low,No,3.0,23,11,38,4,15,High
3766,Accident,North,Morning,Thursday,Rainy,Medium,No,24.0,10,10,309,7,3,High
3767,Theft,South,Evening,Tuesday,Rainy,Low,Yes,14.0,19,18,198,7,4,High
3768,Fire,South,Evening,Thursday,Cloudy,High,No,19.0,19,29,207,8,18,High
3769,Medical,Central,Night,Monday,Rainy,Low,Yes,4.0,22,7,144,8,11,High
3770,Theft,East,Afternoon,Thursday,Sunny,Medium,No,18.0,8,31,389,2,10,High
3771,Accident,North,Evening,Tuesday,Rainy,Medium,No,13.0,6,20,45,8,13,High
3772,Medical,East,Evening,Wednesday,Sunny,High,Yes,23.0,9,30,350,6,16,High
3773,Medical,Central,Night,Sunday,Rainy,Low,Yes,20.0,6,20,478,4,14,High
3774,Medical,West,Evening,Saturday,Sunny,Medium,Yes,9.0,19,19,97,10,17,High
3775,Accident,North,Evening,Thursday,Rainy,Medium,Yes,3.0,27,35,344,8,13,High
3776,Accident,South,Evening,Wednesday,Rainy,Medium,Yes,9.0,16,16,223,3,3,Medium
3777,Theft,South,Evening,Monday,Cloudy,Medium,No,16.0,28,13,102,9,4,High
3778,Accident,South,Evening,Sunday,Sunny,Medium,No,21.0,26,26,432,2,0,Low
3779,Medical,East,Afternoon,Saturday,Sunny,Medium,Yes,20.0,21,7,189,1,12,Medium
3780,Accident,North,Afternoon,Saturday,Cloudy,Low,No,15.0,11,17,37,8,4,High
3781,Assault,South,Night,Tuesday,Sunny,Low,No,10.0,9,30,480,9,3,High
3782,Assault,Central,Evening,Friday,Cloudy,Low,No,16.0,19,22,230,3,14,High
3783,Accident,Central,Afternoon,Friday,Rainy,Medium,Yes,23.0,27,33,276,7,14,High
3784,Fire,West,Night,Friday,Rainy,High,Yes,18.0,16,35,104,2,13,High
3785,Medical,South,Afternoon,Monday,Sunny,Low,No,23.0,18,32,118,6,12,High
3786,Medical,North,Evening,Tuesday,Rainy,Low,Yes,6.0,20,32,462,2,6,Medium
3787,Theft,East,Morning,Friday,Sunny,Low,No,10.0,11,16,349,9,17,High
3788,Assault,South,Morning,Sunday,Sunny,High,Yes,3.0,10,19,144,7,17,High
3789,Theft,North,Evening,Wednesday,Cloudy,Low,No,23.0,16,16,271,9,19,High
3790,Accident,North,Evening,Friday,Sunny,Low,No,14.0,20,19,466,9,3,High
3791,Assault,East,Morning,Wednesday,Rainy,Low,Yes,16.0,10,19,7,7,16,High
3792,Accident,West,Afternoon,Tuesday,Rainy,Low,Yes,8.0,30,13,468,7,20,High
3793,Accident,North,Night,Tuesday,Sunny,Low,No,6.0,30,19,493,7,20,High
3794,Theft,West,Afternoon,Saturday,Cloudy,High,Yes,18.0,24,35,40,1,10,Medium
3795,Fire,West,Night,Thursday,Rainy,Low,Yes,18.0,25,26,289,1,19,High
3796,Theft,East,Morning,Thursday,Sunny,Medium,Yes,15.0,22,14,283,7,2,High
3797,Medical,North,Afternoon,Friday,Sunny,High,Yes,5.0,13,16,270,1,14,High
3798,Fire,West,Morning,Thursday,Sunny,High,Yes,13.0,30,29,468,1,1,Low
3799,Medical,Central,Afternoon,Monday,Sunny,Low,No,19.0,15,32,253,5,9,High
3800,Medical,South,Afternoon,Tuesday,Cloudy,Medium,Yes,13.0,10,13,273,4,3,Medium
3801,Medical,East,Night,Sunday,Rainy,Medium,Yes,6.0,14,19,132,6,1,Medium
3802,Accident,Central,Evening,Thursday,Cloudy,Low,Yes,15.0,30,23,260,2,17,High
3803,Assault,South,Night,Thursday,Cloudy,High,Yes,21.0,10,21,417,8,20,High
3804,Theft,East,Evening,Friday,Sunny,High,No,14.0,25,27,432,8,11,High
3805,Theft,Central,Morning,Saturday,Sunny,Low,No,18.0,28,33,20,6,0,Medium
3806,Accident,Central,Morning,Wednesday,Sunny,Low,Yes,5.0,30,18,49,3,20,High
3807,Accident,North,Morning,Monday,Sunny,Medium,No,24.0,18,30,413,2,11,High
3808,Accident,South,Morning,Sunday,Rainy,Low,Yes,24.0,11,17,47,1,19,High
3809,Accident,South,Night,Thursday,Sunny,Low,Yes,9.0,7,28,28,7,18,High
3810,Fire,North,Morning,Monday,Rainy,Low,No,4.0,22,13,49,7,9,High
3811,Accident,North,Evening,Sunday,Sunny,High,No,12.0,15,33,309,2,18,High
3812,Theft,East,Night,Sunday,Rainy,Low,No,22.0,27,4,284,1,2,Low
3813,Theft,West,Night,Tuesday,Rainy,Low,No,10.0,16,27,411,3,13,High
3814,Medical,West,Night,Monday,Sunny,Medium,No,3.0,9,15,123,2,20,High
3815,Medical,South,Afternoon,Wednesday,Rainy,Medium,No,3.0,10,22,381,6,13,High
3816,Assault,North,Night,Wednesday,Sunny,Low,Yes,21.0,6,27,42,5,9,High
3817,Fire,West,Morning,Wednesday,Cloudy,Medium,Yes,22.0,20,26,443,8,19,High
3818,Theft,East,Morning,Monday,Sunny,Medium,Yes,10.0,8,34,418,7,17,High
3819,Accident,East,Night,Thursday,Sunny,Low,Yes,12.0,27,23,60,5,5,Medium
3820,Medical,North,Night,Thursday,Cloudy,Medium,No,25.0,13,9,39,8,15,High
3821,Theft,South,Evening,Monday,Sunny,High,Yes,20.0,16,34,336,6,1,Medium
3822,Theft,South,Morning,Monday,Sunny,High,Yes,17.0,5,28,207,8,2,High
3823,Assault,South,Morning,Tuesday,Rainy,Medium,No,10.0,7,9,110,8,17,High
3824,Theft,Central,Morning,Saturday,Cloudy,High,No,11.0,5,5,489,6,13,High
3825,Assault,Central,Afternoon,Sunday,Rainy,Low,Yes,15.0,28,7,439,5,4,High
3826,Accident,North,Morning,Wednesday,Rainy,Medium,No,9.0,13,15,446,7,8,High
3827,Fire,South,Morning,Saturday,Rainy,Medium,Yes,7.0,13,13,483,7,13,High
3828,Assault,North,Afternoon,Friday,Cloudy,Medium,Yes,16.0,21,20,408,2,2,Medium
3829,Assault,East,Afternoon,Monday,Rainy,Medium,No,10.0,13,31,315,6,4,High
3830,Accident,Central,Evening,Monday,Rainy,Low,No,10.0,8,31,167,5,6,High
3831,Theft,South,Evening,Saturday,Rainy,High,Yes,25.0,11,34,53,5,3,Medium
3832,Assault,Central,Night,Friday,Cloudy,High,No,18.0,22,6,388,2,0,Low
3833,Theft,East,Morning,Saturday,,,No,,8,18,383,8,12,High
3834,Accident,South,Evening,Saturday,Cloudy,High,No,18.0,12,19,251,5,9,High
3835,Assault,Central,Evening,Tuesday,Rainy,Low,Yes,18.0,6,10,222,4,19,High
3836,Medical,South,Night,Monday,Sunny,High,Yes,4.0,13,4,409,8,10,High
3837,Accident,North,Evening,Tuesday,Cloudy,Low,No,15.0,22,32,168,9,19,High
3838,Medical,North,Evening,Thursday,Cloudy,Low,No,14.0,20,13,17,6,19,High
3839,Accident,North,Night,Saturday,Sunny,Low,No,15.0,11,15,259,7,1,High
3840,Medical,Central,Morning,Friday,Cloudy,High,Yes,15.0,10,35,19,5,20,High
3841,Fire,North,Night,Friday,Rainy,High,Yes,5.0,29,11,258,7,6,High
3842,Fire,East,Night,Thursday,,,No,,12,9,77,9,5,High
3843,Theft,West,Afternoon,Saturday,Rainy,High,Yes,19.0,16,31,423,1,6,Medium
3844,Assault,West,Afternoon,Tuesday,Sunny,Medium,No,11.0,30,15,48,5,6,Medium
3845,Accident,South,Morning,Friday,Rainy,Low,Yes,11.0,10,10,359,4,15,High
3846,Accident,Central,Night,Monday,Cloudy,High,No,18.0,13,11,305,8,7,High
3847,Accident,South,Morning,Sunday,Cloudy,Medium,No,24.0,15,12,176,3,1,Low
3848,Assault,East,Afternoon,Thursday,Sunny,Medium,No,22.0,30,18,252,9,15,High
3849,Assault,North,Afternoon,Friday,Sunny,Low,Yes,19.0,28,10,77,8,7,High
3850,Fire,South,Morning,Monday,Sunny,Medium,No,24.0,25,8,54,6,3,Medium
3851,Medical,East,Evening,Saturday,,,Yes,,13,29,191,4,1,Medium
3852,Theft,Central,Night,Sunday,Sunny,High,No,8.0,12,14,72,4,4,Medium
3853,Fire,West,Morning,Friday,Rainy,High,No,12.0,11,10,31,8,18,High
3854,Fire,North,Night,Sunday,Cloudy,High,Yes,22.0,10,11,106,9,15,High
3855,Medical,Central,Afternoon,Thursday,Sunny,Medium,Yes,4.0,21,4,193,3,20,High
3856,Accident,Central,Afternoon,Friday,Sunny,Low,No,17.0,22,23,119,10,2,High
3857,Theft,South,Afternoon,Thursday,Sunny,High,No,10.0,22,11,333,5,14,High
3858,Accident,East,Morning,Thursday,Rainy,Low,Yes,8.0,14,27,137,10,12,High
3859,Fire,East,Morning,Saturday,Sunny,High,Yes,14.0,15,12,468,6,7,High
3860,Medical,East,Morning,Sunday,Sunny,High,No,21.0,25,18,416,9,5,High
3861,Accident,Central,Night,Saturday,Rainy,Low,No,20.0,29,14,247,8,18,High
3862,Fire,South,Morning,Thursday,Sunny,Medium,No,12.0,8,24,191,2,13,High
3863,Fire,South,Morning,Monday,Cloudy,Low,No,4.0,25,29,349,7,15,High
3864,Theft,Central,Afternoon,Thursday,Sunny,High,Yes,13.0,15,18,54,2,18,High
3865,Medical,North,Night,Monday,Sunny,Medium,Yes,10.0,20,35,131,4,1,Medium
3866,Theft,North,Evening,Wednesday,Cloudy,Low,Yes,20.0,23,12,213,1,3,Low
3867,Assault,East,Afternoon,Wednesday,Rainy,High,No,15.0,10,21,74,8,3,High
3868,Theft,West,Evening,Sunday,Sunny,High,Yes,14.0,30,24,125,8,4,High
3869,Medical,North,Afternoon,Monday,Rainy,Low,Yes,15.0,30,32,367,6,7,High
3870,Fire,East,Evening,Monday,Cloudy,Low,No,20.0,26,5,177,10,15,High
3871,Accident,West,Morning,Sunday,Cloudy,Medium,No,11.0,15,31,441,9,8,High
3872,Accident,North,Evening,Saturday,Cloudy,Medium,No,13.0,13,7,95,5,1,Medium
3873,Theft,North,Night,Saturday,Rainy,Medium,Yes,3.0,23,15,409,8,8,High
3874,Theft,East,Morning,Wednesday,Cloudy,High,Yes,5.0,12,20,474,1,0,Low
3875,Accident,East,Night,Wednesday,Rainy,High,No,3.0,23,8,323,7,15,High
3876,Theft,North,Evening,Saturday,Rainy,Medium,No,3.0,6,22,500,1,1,Low
3877,Accident,Central,Night,Wednesday,Sunny,Medium,No,15.0,21,17,320,5,14,High
3878,Accident,West,Night,Tuesday,Rainy,Medium,No,21.0,24,13,145,1,17,High
3879,Medical,East,Morning,Monday,Cloudy,Low,Yes,19.0,6,34,43,1,6,Low
3880,Theft,Central,Morning,Wednesday,Cloudy,Medium,Yes,14.0,10,27,406,2,12,High
3881,Theft,West,Evening,Monday,Cloudy,Medium,No,13.0,5,32,124,5,3,Medium
3882,Theft,North,Afternoon,Sunday,Sunny,High,Yes,24.0,17,16,487,8,15,High
3883,Fire,East,Evening,Thursday,Sunny,Medium,No,15.0,20,7,299,2,14,High
3884,Accident,Central,Afternoon,Wednesday,Cloudy,Medium,Yes,21.0,18,22,143,5,12,High
3885,Theft,South,Night,Saturday,Sunny,Medium,No,19.0,29,8,117,9,5,High
3886,Accident,Central,Morning,Saturday,Rainy,Medium,No,25.0,10,33,478,8,19,High
3887,Assault,East,Evening,Thursday,,,Yes,,26,23,456,1,0,Low
3888,Assault,South,Night,Thursday,Cloudy,High,No,18.0,22,5,287,5,16,High
3889,Assault,Central,Morning,Wednesday,Sunny,Medium,Yes,21.0,20,17,412,7,8,High
3890,Theft,West,Afternoon,Sunday,Cloudy,High,No,6.0,22,33,58,6,18,High
3891,Assault,North,Morning,Friday,Sunny,High,Yes,17.0,18,31,227,5,13,High
3892,Medical,Central,Afternoon,Monday,Rainy,Medium,No,11.0,9,25,84,6,12,High
3893,Accident,Central,Morning,Monday,Cloudy,Medium,No,16.0,29,32,272,1,11,Medium
3894,Assault,North,Evening,Sunday,Rainy,Medium,No,23.0,26,30,408,4,18,High
3895,Assault,West,Morning,Tuesday,Rainy,High,Yes,11.0,6,26,470,8,3,High
3896,Theft,Central,Evening,Thursday,Rainy,Low,No,12.0,13,22,185,2,11,Medium
3897,Medical,East,Evening,Wednesday,Cloudy,Medium,No,18.0,13,21,323,7,6,High
3898,Accident,South,Morning,Saturday,Rainy,Low,No,9.0,12,25,483,7,13,High
3899,Assault,West,Afternoon,Friday,Cloudy,High,Yes,24.0,19,14,400,4,0,Medium
3900,Theft,Central,Evening,Sunday,Sunny,High,No,13.0,26,35,200,8,18,High
3901,Fire,West,Night,Saturday,Rainy,Medium,Yes,16.0,18,5,12,7,7,High
3902,Theft,North,Night,Friday,Rainy,Low,No,9.0,27,27,493,10,9,High
3903,Medical,East,Afternoon,Wednesday,Rainy,Low,No,18.0,29,33,115,6,15,High
3904,Fire,West,Evening,Monday,Cloudy,Medium,Yes,21.0,8,28,289,5,2,Medium
3905,Assault,Central,Morning,Wednesday,Rainy,High,No,14.0,6,10,311,6,5,High
3906,Fire,North,Night,Saturday,Sunny,Low,Yes,22.0,21,13,32,9,15,High
3907,Fire,West,Evening,Tuesday,Sunny,Medium,Yes,21.0,5,13,111,4,9,High
3908,Theft,West,Evening,Friday,Cloudy,Low,Yes,6.0,22,4,320,5,9,High
3909,Fire,North,Morning,Friday,Sunny,High,No,16.0,13,6,294,3,9,High
3910,Medical,East,Morning,Monday,Cloudy,Low,Yes,11.0,18,26,464,10,3,High
3911,Accident,Central,Night,Thursday,Cloudy,Medium,No,21.0,28,7,424,4,7,High
3912,Assault,East,Evening,Tuesday,Cloudy,High,No,12.0,11,17,112,3,18,High
3913,Medical,East,Morning,Saturday,Sunny,Low,Yes,18.0,12,23,125,7,15,High
3914,Assault,Central,Afternoon,Sunday,Sunny,Medium,Yes,24.0,30,9,244,8,4,High
3915,Assault,West,Afternoon,Wednesday,Cloudy,High,No,14.0,11,14,24,6,10,High
3916,Assault,Central,Afternoon,Saturday,Cloudy,High,No,7.0,17,33,126,9,14,High
3917,Fire,Central,Night,Thursday,Rainy,Medium,No,19.0,18,32,41,10,5,High
3918,Assault,South,Night,Sunday,Cloudy,Medium,No,12.0,5,32,43,10,1,High
3919,Assault,South,Morning,Saturday,Cloudy,Low,Yes,6.0,28,24,428,3,9,High
3920,Assault,North,Morning,Tuesday,Cloudy,Medium,Yes,11.0,7,4,147,1,0,Low
3921,Assault,Central,Morning,Wednesday,Cloudy,Medium,Yes,8.0,18,27,234,4,1,Medium
3922,Accident,South,Morning,Saturday,Sunny,Low,Yes,5.0,23,17,163,6,0,Medium
3923,Fire,North,Afternoon,Thursday,Sunny,High,Yes,14.0,17,32,262,6,9,High
3924,Theft,West,Evening,Thursday,Sunny,Medium,Yes,11.0,23,16,341,2,14,High
3925,Fire,West,Afternoon,Tuesday,Cloudy,Medium,Yes,25.0,27,32,95,1,3,Low
3926,Medical,South,Night,Tuesday,Sunny,High,Yes,6.0,26,22,431,2,0,Low
3927,Theft,South,Night,Wednesday,Rainy,High,No,3.0,5,30,487,3,8,High
3928,Accident,South,Evening,Friday,Cloudy,Low,No,23.0,15,9,28,7,5,High
3929,Theft,East,Evening,Monday,Sunny,Medium,Yes,20.0,27,5,43,8,2,High
3930,Theft,South,Night,Thursday,Cloudy,Low,No,21.0,15,30,363,2,3,Medium
3931,Accident,East,Evening,Thursday,Sunny,Medium,No,16.0,18,7,249,8,19,High
3932,Assault,East,Morning,Thursday,Cloudy,Medium,No,8.0,10,23,5,6,8,High
3933,Medical,South,Night,Sunday,Rainy,Low,Yes,13.0,13,10,400,2,15,High
3934,Accident,Central,Morning,Monday,Cloudy,Medium,No,6.0,17,7,288,5,17,High
3935,Assault,West,Night,Sunday,Rainy,Low,No,4.0,22,14,467,6,15,High
3936,Fire,Central,Evening,Sunday,Sunny,High,No,5.0,14,21,376,5,9,High
3937,Accident,North,Morning,Wednesday,Sunny,Low,No,3.0,21,7,405,8,20,High
3938,Medical,West,Morning,Wednesday,Sunny,Medium,Yes,8.0,18,20,337,9,13,High
3939,Accident,South,Morning,Thursday,Rainy,High,Yes,24.0,21,11,372,7,18,High
3940,Accident,South,Night,Wednesday,Cloudy,Medium,Yes,4.0,18,8,335,8,0,High
3941,Theft,North,Evening,Wednesday,Sunny,Medium,Yes,17.0,17,30,306,4,20,High
3942,Theft,West,Evening,Sunday,Sunny,High,Yes,18.0,18,4,20,6,0,Medium
3943,Fire,Central,Evening,Wednesday,Rainy,Medium,No,18.0,22,20,461,1,14,High
3944,Theft,West,Night,Thursday,Sunny,High,Yes,16.0,20,34,272,2,20,High
3945,Accident,Central,Morning,Wednesday,Sunny,Low,Yes,8.0,22,18,372,10,5,High
3946,Medical,West,Afternoon,Tuesday,Rainy,Medium,No,17.0,10,27,186,2,5,Medium
3947,Fire,North,Evening,Friday,Cloudy,Medium,No,24.0,23,10,459,1,16,High
3948,Theft,South,Afternoon,Wednesday,Rainy,Low,Yes,21.0,28,5,322,8,12,High
3949,Medical,Central,Morning,Tuesday,Rainy,Medium,Yes,6.0,28,4,111,9,13,High
3950,Assault,South,Night,Monday,Sunny,Medium,No,23.0,10,7,436,2,12,High
3951,Assault,West,Night,Sunday,Sunny,Medium,No,6.0,15,11,181,10,19,High
3952,Fire,West,Morning,Tuesday,Rainy,Low,No,14.0,22,29,294,3,12,High
3953,Medical,South,Afternoon,Wednesday,Rainy,Medium,Yes,7.0,30,7,250,9,6,High
3954,Theft,Central,Night,Friday,,,No,,24,21,484,9,0,High
3955,Theft,North,Morning,Saturday,Sunny,Medium,No,9.0,25,22,419,2,17,High
3956,Medical,South,Morning,Sunday,Sunny,Medium,No,19.0,14,19,277,6,9,High
3957,Theft,Central,Night,Monday,Rainy,Medium,Yes,23.0,27,30,116,1,10,Medium
3958,Assault,Central,Morning,Saturday,Rainy,High,Yes,3.0,14,22,191,8,19,High
3959,Medical,Central,Morning,Tuesday,Rainy,Medium,No,3.0,9,35,135,1,15,High
3960,Accident,North,Morning,Friday,Cloudy,Medium,No,3.0,26,7,59,6,6,High
3961,Medical,East,Afternoon,Thursday,Rainy,Low,No,9.0,22,4,153,6,15,High
3962,Assault,South,Evening,Wednesday,Sunny,Low,Yes,19.0,15,4,262,3,5,Medium
3963,Accident,East,Morning,Monday,Sunny,Medium,Yes,20.0,16,8,356,6,4,High
3964,Medical,Central,Night,Saturday,Rainy,Low,No,5.0,30,32,240,5,2,Medium
3965,Theft,Central,Morning,Wednesday,Cloudy,Low,No,25.0,8,21,107,2,19,High
3966,Accident,North,Evening,Saturday,Rainy,Low,No,25.0,5,35,66,2,0,Low
3967,Assault,West,Afternoon,Sunday,Rainy,High,No,9.0,11,13,298,7,19,High
3968,Theft,Central,Afternoon,Saturday,Rainy,Low,Yes,17.0,24,16,116,8,16,High
3969,Fire,West,Morning,Thursday,Sunny,Low,No,4.0,16,30,25,10,12,High
3970,Medical,North,Afternoon,Saturday,Rainy,High,Yes,9.0,24,23,105,2,15,High
3971,Fire,West,Evening,Tuesday,Rainy,Medium,Yes,15.0,23,22,114,10,13,High
3972,Accident,West,Morning,Wednesday,Sunny,High,No,13.0,27,21,337,2,9,Medium
3973,Theft,Central,Night,Friday,Cloudy,High,No,15.0,27,18,470,2,9,High
3974,Fire,South,Morning,Wednesday,Sunny,Low,Yes,10.0,26,6,400,7,7,High
3975,Theft,Central,Night,Monday,Sunny,Medium,Yes,19.0,25,19,355,4,16,High
3976,Theft,North,Evening,Tuesday,Cloudy,Medium,No,18.0,5,20,372,10,4,High
3977,Fire,West,Morning,Saturday,Sunny,Medium,No,17.0,6,35,264,7,9,High
3978,Fire,West,Morning,Wednesday,Sunny,Medium,Yes,22.0,18,31,376,8,16,High
3979,Fire,North,Night,Monday,Sunny,High,Yes,19.0,9,16,30,9,17,High
3980,Accident,North,Night,Tuesday,Sunny,Low,No,4.0,25,33,238,5,15,High
3981,Medical,North,Night,Friday,Cloudy,Medium,Yes,19.0,26,15,207,4,14,High
3982,Fire,West,Morning,Wednesday,Cloudy,Low,No,19.0,26,8,194,1,12,Medium
3983,Assault,Central,Morning,Saturday,Rainy,High,Yes,15.0,15,5,279,3,8,Medium
3984,Medical,West,Morning,Tuesday,Sunny,Low,Yes,6.0,26,33,324,3,9,High
3985,Medical,Central,Evening,Saturday,Rainy,Medium,No,20.0,28,4,109,9,8,High
3986,Fire,East,Night,Sunday,Rainy,High,No,11.0,22,19,294,9,1,High
3987,Fire,North,Afternoon,Monday,Cloudy,High,Yes,7.0,17,7,469,8,20,High
3988,Accident,Central,Night,Saturday,Cloudy,Medium,Yes,16.0,14,7,361,7,13,High
3989,Assault,Central,Afternoon,Saturday,Rainy,High,Yes,20.0,5,17,272,1,15,High
3990,Theft,East,Morning,Wednesday,Rainy,Medium,Yes,16.0,28,35,55,8,4,High
3991,Accident,South,Morning,Sunday,Rainy,High,No,9.0,27,8,324,4,14,High
3992,Accident,South,Afternoon,Sunday,Sunny,Medium,Yes,18.0,24,21,71,7,8,High
3993,Assault,West,Afternoon,Monday,Cloudy,Medium,Yes,14.0,25,34,116,8,1,High
3994,Theft,North,Evening,Thursday,Rainy,Medium,No,25.0,17,20,267,8,8,High
3995,Medical,East,Night,Wednesday,Cloudy,Low,No,22.0,24,35,72,7,3,Medium
3996,Medical,West,Night,Thursday,Sunny,High,Yes,7.0,13,25,340,6,9,High
3997,Assault,West,Evening,Monday,Rainy,High,Yes,17.0,10,12,311,10,1,High
3998,Assault,South,Night,Saturday,Cloudy,High,Yes,6.0,12,14,161,2,8,Medium
3999,Fire,South,Evening,Saturday,Rainy,Medium,No,9.0,22,28,316,4,4,Medium
4000,Fire,East,Night,Wednesday,Rainy,Medium,Yes,16.0,7,7,289,3,13,High
4001,Accident,Central,Afternoon,Thursday,Sunny,Medium,Yes,9.0,20,9,468,9,9,High
4002,Theft,South,Night,Thursday,Rainy,Medium,Yes,15.0,6,7,3,6,20,High
4003,Medical,North,Morning,Monday,Cloudy,Low,No,5.0,14,6,410,10,13,High
4004,Accident,South,Morning,Monday,Sunny,Medium,No,13.0,14,25,183,7,18,High
4005,Fire,North,Evening,Tuesday,Cloudy,Low,No,18.0,28,23,67,7,20,High
4006,Theft,West,Afternoon,Tuesday,Sunny,Medium,No,17.0,26,16,293,9,16,High
4007,Assault,North,Night,Sunday,Sunny,Low,No,21.0,8,6,421,6,12,High
4008,Accident,North,Morning,Thursday,Rainy,Low,Yes,3.0,25,13,110,2,8,Medium
4009,Assault,East,Afternoon,Thursday,Cloudy,High,No,10.0,14,23,216,8,8,High
4010,Assault,East,Morning,Monday,Rainy,Low,Yes,9.0,14,35,434,1,10,Medium
4011,Accident,East,Night,Wednesday,Cloudy,High,Yes,14.0,11,35,192,9,18,High
4012,Fire,Central,Afternoon,Sunday,Sunny,Low,Yes,24.0,16,24,134,1,2,Low
4013,Fire,Central,Night,Thursday,Cloudy,Medium,No,10.0,5,19,473,7,8,High
4014,Accident,West,Night,Thursday,Cloudy,High,No,25.0,9,23,117,5,7,Medium
4015,Assault,East,Night,Tuesday,Cloudy,High,Yes,17.0,9,20,152,1,15,High
4016,Theft,North,Morning,Friday,Cloudy,Medium,No,3.0,18,32,53,5,18,High
4017,Theft,West,Evening,Tuesday,Sunny,Low,Yes,19.0,10,19,89,5,19,High
4018,Theft,South,Evening,Friday,Cloudy,Low,Yes,14.0,24,34,183,7,16,High
4019,Accident,Central,Evening,Tuesday,Rainy,High,No,18.0,23,9,330,6,11,High
4020,Accident,South,Evening,Wednesday,Sunny,High,No,23.0,9,18,180,7,3,High
4021,Theft,South,Evening,Friday,Cloudy,Medium,Yes,16.0,25,17,264,1,0,Low
4022,Accident,Central,Morning,Saturday,Rainy,Low,Yes,20.0,28,21,478,6,14,High
4023,Theft,South,Night,Wednesday,Cloudy,Low,Yes,5.0,25,10,268,3,5,Medium
4024,Medical,Central,Afternoon,Sunday,Rainy,High,No,11.0,13,35,41,9,10,High
4025,Theft,Central,Evening,Saturday,Cloudy,Low,No,14.0,5,32,250,1,1,Low
4026,Fire,East,Afternoon,Tuesday,Rainy,Medium,No,8.0,19,29,198,3,6,Medium
4027,Accident,West,Morning,Thursday,Cloudy,High,Yes,22.0,21,7,2,3,15,High
4028,Fire,South,Night,Sunday,Sunny,Medium,Yes,18.0,20,25,310,8,16,High
4029,Medical,Central,Afternoon,Friday,Rainy,Medium,Yes,11.0,13,10,154,9,11,High
4030,Theft,West,Evening,Monday,Rainy,High,No,7.0,28,5,85,9,12,High
4031,Theft,East,Evening,Saturday,Sunny,Low,Yes,17.0,30,35,247,3,9,Medium
4032,Theft,South,Evening,Sunday,Rainy,Medium,No,17.0,23,18,500,2,20,High
4033,Accident,North,Afternoon,Monday,Sunny,Low,Yes,6.0,19,28,316,2,13,High
4034,Medical,West,Morning,Sunday,Sunny,Medium,Yes,16.0,14,26,256,3,16,High
4035,Assault,South,Morning,Friday,Cloudy,Low,No,10.0,21,7,483,3,10,High
4036,Fire,Central,Night,Saturday,Cloudy,High,Yes,15.0,24,17,455,4,15,High
4037,Medical,Central,Night,Wednesday,Sunny,Low,Yes,8.0,10,29,147,8,12,High
4038,Fire,North,Night,Wednesday,Rainy,High,Yes,9.0,22,35,84,6,8,High
4039,Theft,Central,Night,Saturday,Rainy,Medium,No,12.0,13,21,159,2,20,High
4040,Theft,Central,Afternoon,Sunday,Rainy,Medium,Yes,24.0,11,21,325,3,8,Medium
4041,Medical,East,Morning,Saturday,Rainy,Low,No,24.0,25,30,231,6,7,High
4042,Theft,North,Afternoon,Monday,Cloudy,High,No,7.0,16,9,459,2,17,High
4043,Accident,East,Evening,Thursday,Rainy,Low,No,18.0,16,10,67,8,0,Medium
4044,Theft,East,Morning,Saturday,Rainy,Low,No,24.0,17,4,373,7,14,High
4045,Accident,East,Night,Thursday,Cloudy,Medium,No,3.0,10,29,394,1,2,Low
4046,Fire,South,Night,Thursday,Rainy,Low,Yes,15.0,16,33,215,6,20,High
4047,Fire,South,Afternoon,Monday,Cloudy,Medium,No,19.0,15,5,2,6,13,High
4048,Assault,North,Night,Sunday,Rainy,Low,No,25.0,20,5,61,3,9,Medium
4049,Fire,Central,Morning,Thursday,Cloudy,High,Yes,13.0,11,22,429,4,0,Medium
4050,Theft,East,Morning,Thursday,,,No,,6,28,77,7,18,High
4051,Assault,West,Morning,Wednesday,Cloudy,Low,No,22.0,6,18,63,7,12,High
4052,Assault,Central,Night,Saturday,Sunny,Low,No,24.0,23,34,62,2,14,High
4053,Theft,Central,Night,Wednesday,Cloudy,Medium,Yes,21.0,24,28,227,7,1,Medium
4054,Medical,West,Evening,Saturday,Rainy,Medium,Yes,19.0,12,5,77,3,19,High
4055,Medical,West,Night,Tuesday,Rainy,Medium,Yes,17.0,16,29,399,5,6,High
4056,Theft,East,Evening,Thursday,Rainy,High,No,21.0,27,32,7,4,1,Low
4057,Fire,North,Morning,Sunday,Rainy,Medium,No,9.0,17,32,60,1,6,Low
4058,Medical,South,Evening,Sunday,Rainy,Medium,Yes,11.0,5,14,496,9,2,High
4059,Theft,Central,Evening,Saturday,Cloudy,Low,Yes,16.0,30,24,231,4,2,Medium
4060,Assault,Central,Morning,Sunday,Sunny,Low,Yes,16.0,25,19,192,2,18,High
4061,Assault,Central,Morning,Monday,Rainy,Medium,Yes,5.0,27,19,55,6,16,High
4062,Theft,East,Morning,Wednesday,,,Yes,,24,20,222,5,9,High
4063,Theft,Central,Afternoon,Thursday,Cloudy,High,Yes,18.0,22,9,131,10,4,High
4064,Assault,Central,Morning,Sunday,Rainy,Medium,Yes,16.0,26,7,320,1,16,High
4065,Theft,North,Night,Sunday,Rainy,High,Yes,16.0,28,28,459,7,20,High
4066,Theft,Central,Morning,Wednesday,Cloudy,High,No,3.0,18,34,143,10,5,High
4067,Medical,West,Night,Saturday,Cloudy,High,No,24.0,5,20,79,9,8,High
4068,Theft,South,Morning,Wednesday,Sunny,High,No,3.0,6,18,91,8,9,High
4069,Fire,South,Evening,Friday,Rainy,High,No,21.0,22,31,230,2,11,Medium
4070,Medical,East,Afternoon,Tuesday,Rainy,Low,Yes,6.0,24,21,136,7,20,High
4071,Accident,Central,Afternoon,Tuesday,Rainy,Medium,No,15.0,12,17,6,2,4,Low
4072,Assault,Central,Afternoon,Tuesday,Cloudy,High,No,21.0,14,14,273,1,10,Medium
4073,Medical,South,Morning,Tuesday,Cloudy,High,Yes,25.0,13,20,136,6,6,High
4074,Assault,Central,Evening,Sunday,Sunny,High,No,23.0,15,34,62,2,10,Medium
4075,Accident,South,Afternoon,Tuesday,Rainy,Medium,Yes,20.0,29,27,108,2,19,High
4076,Theft,West,Evening,Tuesday,Rainy,Low,Yes,22.0,20,19,389,9,6,High
4077,Theft,South,Evening,Sunday,Cloudy,Medium,No,11.0,27,13,143,3,7,Medium
4078,Assault,South,Afternoon,Wednesday,Sunny,Low,No,8.0,22,4,483,6,13,High
4079,Accident,Central,Afternoon,Friday,Rainy,Low,No,13.0,28,6,439,5,10,High
4080,Accident,Central,Night,Saturday,Sunny,High,Yes,15.0,10,27,82,9,16,High
4081,Medical,West,Afternoon,Thursday,Sunny,High,Yes,8.0,25,27,12,8,13,High
4082,Assault,South,Afternoon,Saturday,Cloudy,Low,No,7.0,26,12,181,6,17,High
4083,Fire,South,Night,Saturday,Sunny,Low,No,5.0,7,27,192,8,0,High
4084,Assault,Central,Night,Tuesday,Cloudy,Medium,Yes,17.0,20,25,425,2,9,Medium
4085,Theft,Central,Morning,Sunday,Cloudy,Medium,Yes,21.0,22,34,226,4,18,High
4086,Fire,South,Afternoon,Saturday,Cloudy,Medium,No,21.0,22,8,95,9,17,High
4087,Assault,East,Evening,Wednesday,Sunny,Low,No,9.0,29,35,353,8,11,High
4088,Accident,West,Evening,Saturday,Rainy,Low,No,7.0,5,17,80,7,5,High
4089,Medical,West,Morning,Saturday,Rainy,High,Yes,4.0,19,8,108,2,16,High
4090,Assault,Central,Afternoon,Friday,Cloudy,Low,Yes,13.0,7,6,307,10,8,High
4091,Theft,East,Afternoon,Thursday,Cloudy,Medium,No,21.0,21,28,196,2,4,Low
4092,Theft,East,Night,Friday,Rainy,High,No,10.0,18,16,385,2,1,Low
4093,Medical,East,Morning,Tuesday,Sunny,Medium,Yes,4.0,26,28,162,3,20,High
4094,Medical,Central,Night,Sunday,Sunny,High,Yes,22.0,23,4,271,9,17,High
4095,Medical,South,Afternoon,Saturday,Rainy,Low,Yes,17.0,8,22,453,2,0,Low
4096,Medical,Central,Evening,Wednesday,Rainy,Low,No,19.0,25,25,262,7,0,Medium
4097,Assault,West,Night,Tuesday,Cloudy,Low,Yes,9.0,10,31,400,3,3,Medium
4098,Fire,Central,Evening,Saturday,Sunny,Low,No,4.0,30,23,39,10,16,High
4099,Medical,East,Afternoon,Monday,Cloudy,Low,Yes,13.0,29,28,496,10,15,High
4100,Fire,Central,Morning,Saturday,Cloudy,Low,Yes,18.0,13,33,416,2,16,High
4101,Accident,West,Morning,Tuesday,Sunny,Low,Yes,14.0,24,32,82,2,12,Medium
4102,Assault,North,Evening,Tuesday,Cloudy,Low,Yes,18.0,21,11,69,2,2,Low
4103,Theft,Central,Evening,Friday,Sunny,Low,No,19.0,22,9,439,8,10,High
4104,Fire,West,Afternoon,Thursday,Sunny,High,Yes,6.0,17,26,13,4,8,Medium
4105,Theft,North,Night,Friday,Cloudy,Low,No,10.0,8,6,295,1,11,Medium
4106,Fire,Central,Morning,Monday,Sunny,High,No,23.0,10,13,116,2,12,Medium
4107,Medical,East,Morning,Monday,,,No,,25,9,91,1,0,Low
4108,Assault,South,Night,Tuesday,Sunny,High,No,15.0,6,33,444,2,7,Medium
4109,Fire,East,Afternoon,Tuesday,Sunny,Medium,Yes,20.0,5,31,25,6,18,High
4110,Fire,East,Morning,Monday,Rainy,High,No,25.0,10,30,489,2,12,High
4111,Accident,North,Evening,Monday,Sunny,Low,Yes,18.0,12,6,481,7,3,High
4112,Medical,South,Evening,Monday,Rainy,Medium,Yes,17.0,11,7,303,1,12,Medium
4113,Assault,East,Afternoon,Tuesday,Cloudy,Low,Yes,23.0,26,30,174,4,18,High
4114,Fire,South,Morning,Friday,Rainy,High,Yes,14.0,20,21,116,7,16,High
4115,Fire,West,Night,Wednesday,Sunny,Low,No,12.0,8,29,15,1,17,High
4116,Assault,East,Morning,Sunday,Sunny,Low,No,23.0,8,21,266,7,7,High
4117,Assault,East,Afternoon,Monday,Sunny,High,Yes,19.0,27,22,445,6,11,High
4118,Theft,West,Evening,Monday,Cloudy,High,Yes,9.0,10,4,11,10,4,High
4119,Accident,North,Night,Wednesday,Sunny,High,Yes,22.0,8,35,381,7,0,Medium
4120,Theft,East,Night,Monday,Rainy,High,Yes,18.0,25,26,418,7,14,High
4121,Fire,Central,Night,Wednesday,Rainy,High,No,19.0,25,22,345,3,20,High
4122,Theft,North,Afternoon,Thursday,Cloudy,Medium,Yes,3.0,13,35,6,3,4,Medium
4123,Accident,South,Night,Monday,Cloudy,High,No,12.0,7,20,250,5,12,High
4124,Medical,East,Evening,Monday,Cloudy,Low,Yes,5.0,14,27,173,5,6,High
4125,Accident,West,Afternoon,Wednesday,Rainy,Medium,Yes,3.0,18,26,322,3,19,High
4126,Assault,North,Morning,Sunday,Cloudy,Low,Yes,21.0,13,17,353,8,4,High
4127,Accident,West,Evening,Thursday,Sunny,Low,Yes,23.0,21,11,166,5,1,Medium
4128,Theft,West,Morning,Tuesday,Sunny,Medium,Yes,12.0,8,35,4,7,14,High
4129,Fire,East,Morning,Thursday,Rainy,Low,Yes,24.0,26,9,166,6,6,High
4130,Assault,East,Evening,Saturday,Sunny,Low,No,14.0,14,8,15,9,18,High
4131,Medical,South,Morning,Thursday,Sunny,High,Yes,4.0,16,21,230,4,19,High
4132,Theft,Central,Afternoon,Sunday,Cloudy,Medium,No,15.0,24,10,387,4,19,High
4133,Assault,East,Night,Wednesday,Cloudy,Medium,No,7.0,30,7,488,7,3,High
4134,Fire,East,Morning,Friday,Rainy,Medium,Yes,20.0,16,28,133,7,14,High
4135,Accident,West,Morning,Friday,Cloudy,Low,No,10.0,30,13,333,2,9,Medium
4136,Theft,East,Afternoon,Friday,Cloudy,Low,No,19.0,16,25,5,2,4,Low
4137,Accident,Central,Morning,Friday,Sunny,High,Yes,10.0,10,30,73,6,0,Medium
4138,Accident,South,Morning,Thursday,Rainy,Low,Yes,9.0,30,6,96,6,16,High
4139,Theft,North,Night,Saturday,Rainy,Medium,No,10.0,22,22,116,9,1,High
4140,Theft,East,Morning,Sunday,Rainy,Low,No,21.0,25,11,73,10,2,High
4141,Accident,East,Morning,Sunday,Rainy,High,Yes,18.0,14,23,309,1,11,Medium
4142,Assault,South,Evening,Tuesday,Sunny,High,No,17.0,30,31,127,5,16,High
4143,Medical,West,Afternoon,Friday,Rainy,Low,No,16.0,24,24,212,6,15,High
4144,Fire,West,Morning,Tuesday,Cloudy,High,Yes,9.0,10,20,85,4,15,High
4145,Accident,North,Evening,Monday,Cloudy,Low,No,13.0,18,29,342,10,1,High
4146,Fire,Central,Night,Thursday,Cloudy,High,Yes,15.0,21,18,11,4,14,High
4147,Assault,North,Afternoon,Saturday,,,Yes,,7,10,18,7,11,High
4148,Assault,South,Morning,Monday,Sunny,Low,No,17.0,13,17,384,7,7,High
4149,Theft,West,Afternoon,Thursday,Sunny,Low,Yes,9.0,16,34,148,4,2,Medium
4150,Fire,East,Night,Friday,Rainy,Low,No,8.0,5,32,237,5,12,High
4151,Accident,West,Afternoon,Monday,Cloudy,Low,No,13.0,16,30,62,5,8,High
4152,Assault,South,Night,Saturday,Cloudy,Low,Yes,21.0,10,29,274,9,10,High
4153,Fire,Central,Afternoon,Monday,Sunny,Medium,No,19.0,24,21,445,9,20,High
4154,Theft,Central,Morning,Saturday,Rainy,Low,Yes,15.0,16,31,260,8,3,High
4155,Medical,Central,Afternoon,Thursday,Sunny,Medium,Yes,15.0,30,15,145,3,9,Medium
4156,Fire,West,Afternoon,Monday,Rainy,High,Yes,4.0,30,33,355,5,12,High
4157,Fire,Central,Afternoon,Friday,Cloudy,Low,No,9.0,19,12,265,2,2,Low
4158,Accident,Central,Morning,Saturday,Sunny,Medium,No,10.0,5,18,4,6,20,High
4159,Fire,Central,Night,Friday,Sunny,Low,Yes,21.0,10,34,212,8,8,High
4160,Medical,North,Morning,Wednesday,Rainy,Low,Yes,25.0,10,35,333,8,4,High
4161,Fire,North,Afternoon,Thursday,Rainy,Low,No,20.0,12,6,353,6,16,High
4162,Theft,West,Night,Thursday,,,No,,21,23,334,1,7,Medium
4163,Accident,Central,Morning,Monday,Rainy,High,Yes,18.0,10,30,307,5,0,Medium
4164,Fire,Central,Afternoon,Thursday,Cloudy,High,Yes,16.0,20,8,301,4,2,Medium
4165,Theft,Central,Afternoon,Sunday,Sunny,Medium,Yes,13.0,25,18,332,10,17,High
4166,Fire,West,Afternoon,Tuesday,Sunny,Low,No,14.0,12,24,218,5,18,High
4167,Theft,East,Night,Sunday,,,Yes,,18,10,324,3,9,High
4168,Theft,Central,Evening,Thursday,Rainy,Low,Yes,18.0,22,5,419,1,12,High
4169,Accident,East,Night,Monday,Sunny,Low,Yes,7.0,22,4,361,5,2,Medium
4170,Medical,East,Night,Tuesday,Sunny,Medium,No,20.0,19,23,66,7,9,High
4171,Assault,West,Morning,Saturday,Rainy,Low,No,7.0,30,32,246,2,7,Medium
4172,Assault,East,Night,Wednesday,Sunny,High,No,16.0,22,7,362,2,7,Medium
4173,Assault,South,Afternoon,Thursday,Cloudy,Medium,No,23.0,12,30,281,10,8,High
4174,Accident,West,Night,Thursday,Cloudy,Medium,No,11.0,16,18,464,2,16,High
4175,Assault,North,Afternoon,Thursday,Rainy,Medium,Yes,11.0,15,18,71,10,19,High
4176,Fire,East,Evening,Wednesday,Sunny,Low,No,15.0,6,22,389,4,19,High
4177,Assault,Central,Afternoon,Friday,Rainy,High,Yes,4.0,9,11,255,7,20,High
4178,Assault,South,Afternoon,Friday,Rainy,Low,Yes,3.0,12,32,389,7,3,High
4179,Accident,North,Afternoon,Thursday,Cloudy,High,Yes,12.0,11,35,420,9,0,High
4180,Theft,Central,Night,Sunday,Sunny,High,No,13.0,15,11,375,9,12,High
4181,Theft,South,Afternoon,Friday,Rainy,Low,Yes,19.0,11,17,444,1,15,High
4182,Accident,North,Morning,Thursday,Rainy,Medium,No,21.0,14,15,407,8,11,High
4183,Fire,South,Morning,Monday,Cloudy,High,No,12.0,21,28,164,6,15,High
4184,Accident,West,Afternoon,Friday,Cloudy,High,No,15.0,6,25,402,1,10,Medium
4185,Assault,West,Morning,Thursday,Cloudy,Low,No,15.0,5,5,27,2,18,High
4186,Fire,East,Evening,Saturday,Rainy,Medium,No,15.0,17,5,41,4,14,High
4187,Fire,West,Night,Wednesday,Rainy,Medium,No,5.0,14,17,47,10,16,High
4188,Accident,South,Night,Monday,Rainy,Low,Yes,15.0,22,16,202,5,0,Medium
4189,Medical,West,Night,Saturday,Sunny,High,Yes,23.0,14,31,280,9,5,High
4190,Accident,North,Evening,Saturday,Sunny,Low,No,19.0,22,6,239,9,10,High
4191,Accident,North,Afternoon,Sunday,Cloudy,Medium,Yes,19.0,19,20,481,4,9,High
4192,Fire,South,Afternoon,Monday,Cloudy,High,No,17.0,24,7,451,10,7,High
4193,Fire,East,Evening,Wednesday,Rainy,High,Yes,24.0,10,9,111,5,2,Medium
4194,Medical,West,Afternoon,Tuesday,Sunny,Medium,Yes,13.0,17,28,244,1,5,Medium
4195,Theft,East,Morning,Sunday,Sunny,Medium,Yes,19.0,11,32,179,7,14,High
4196,Assault,Central,Evening,Sunday,Cloudy,High,Yes,17.0,20,28,205,4,15,High
4197,Assault,South,Night,Monday,Cloudy,Medium,No,11.0,24,28,369,3,4,Medium
4198,Theft,Central,Evening,Wednesday,Rainy,High,Yes,21.0,8,12,169,6,14,High
4199,Fire,Central,Afternoon,Thursday,Cloudy,Medium,No,25.0,13,23,276,3,19,High
4200,Assault,West,Evening,Sunday,Cloudy,High,No,10.0,26,28,143,10,3,High
4201,Medical,West,Night,Tuesday,Cloudy,Low,No,15.0,24,4,310,9,18,High
4202,Medical,East,Morning,Saturday,Rainy,Medium,No,13.0,23,6,277,2,7,Medium
4203,Fire,East,Evening,Wednesday,Rainy,High,Yes,17.0,6,32,143,8,5,High
4204,Accident,West,Afternoon,Friday,Rainy,Medium,Yes,5.0,6,25,288,8,13,High
4205,Accident,West,Morning,Tuesday,Rainy,High,Yes,22.0,12,11,163,8,2,High
4206,Medical,Central,Morning,Saturday,Sunny,High,No,10.0,15,30,482,9,0,High
4207,Accident,North,Morning,Tuesday,Cloudy,High,Yes,17.0,5,34,254,9,15,High
4208,Medical,West,Evening,Sunday,Cloudy,Medium,Yes,13.0,17,32,322,10,5,High
4209,Fire,West,Night,Saturday,Rainy,High,No,18.0,7,29,391,2,15,High
4210,Fire,Central,Morning,Tuesday,Sunny,Low,Yes,10.0,29,29,207,2,7,Medium
4211,Accident,North,Evening,Thursday,Rainy,Medium,No,24.0,24,30,67,7,9,High
4212,Fire,West,Evening,Wednesday,Sunny,Medium,No,3.0,29,24,250,10,14,High
4213,Assault,South,Morning,Friday,Cloudy,Low,Yes,6.0,25,33,53,5,4,Medium
4214,Medical,South,Morning,Monday,Cloudy,High,Yes,22.0,12,20,443,3,16,High
4215,Accident,East,Night,Friday,Rainy,High,No,15.0,15,5,182,1,7,Medium
4216,Fire,South,Morning,Sunday,Rainy,Low,No,5.0,24,14,21,10,1,High
4217,Accident,Central,Evening,Saturday,Sunny,Medium,No,6.0,15,33,487,1,8,Medium
4218,Assault,West,Afternoon,Sunday,Sunny,Low,Yes,23.0,30,15,214,9,2,High
4219,Theft,Central,Evening,Wednesday,Rainy,Medium,No,12.0,9,5,224,6,19,High
4220,Medical,East,Morning,Saturday,Rainy,Medium,Yes,25.0,26,15,43,7,13,High
4221,Assault,South,Afternoon,Saturday,Rainy,Medium,Yes,20.0,14,8,110,1,2,Low
4222,Accident,West,Morning,Tuesday,Cloudy,Low,Yes,16.0,16,27,131,4,20,High
4223,Assault,East,Evening,Saturday,Sunny,Low,Yes,17.0,26,15,144,9,13,High
4224,Accident,South,Evening,Sunday,Cloudy,Medium,Yes,6.0,14,17,460,9,19,High
4225,Theft,West,Morning,Sunday,Sunny,High,No,7.0,22,31,323,6,13,High
4226,Theft,West,Evening,Friday,Sunny,High,No,5.0,12,20,408,8,10,High
4227,Theft,East,Evening,Sunday,Rainy,Medium,No,7.0,26,20,192,1,17,High
4228,Assault,North,Morning,Friday,Cloudy,Medium,No,15.0,24,5,68,2,1,Low
4229,Theft,South,Morning,Wednesday,,,No,,15,19,328,4,14,High
4230,Medical,North,Evening,Wednesday,Cloudy,Low,Yes,11.0,13,12,117,5,19,High
4231,Theft,West,Night,Tuesday,Sunny,Medium,Yes,6.0,23,26,85,10,6,High
4232,Fire,South,Afternoon,Thursday,Sunny,Low,No,10.0,29,21,14,10,1,High
4233,Fire,Central,Evening,Friday,,,No,,16,28,394,6,11,High
4234,Fire,Central,Afternoon,Friday,Cloudy,Medium,Yes,20.0,27,18,376,6,14,High
4235,Medical,Central,Evening,Sunday,Rainy,High,No,24.0,16,9,16,2,18,High
4236,Assault,South,Afternoon,Friday,Rainy,High,Yes,19.0,5,25,472,9,5,High
4237,Accident,Central,Evening,Thursday,Cloudy,High,Yes,20.0,24,31,350,1,2,Low
4238,Accident,West,Night,Monday,Sunny,Low,No,13.0,18,14,386,8,9,High
4239,Accident,Central,Night,Sunday,Rainy,Low,Yes,23.0,21,32,481,2,17,High
4240,Theft,East,Night,Sunday,Cloudy,Low,No,13.0,26,12,18,3,15,High
4241,Accident,Central,Evening,Thursday,Rainy,Low,Yes,3.0,25,29,107,5,18,High
4242,Accident,North,Night,Tuesday,Cloudy,Low,No,23.0,30,20,77,1,9,Medium
4243,Theft,North,Afternoon,Monday,Sunny,Medium,No,23.0,24,4,466,2,17,High
4244,Medical,East,Afternoon,Thursday,Sunny,High,No,5.0,28,29,313,3,20,High
4245,Theft,West,Afternoon,Wednesday,Sunny,Medium,No,11.0,20,8,340,7,13,High
4246,Medical,South,Morning,Saturday,Sunny,Low,Yes,25.0,27,5,188,7,4,High
4247,Fire,North,Evening,Tuesday,Cloudy,Low,Yes,5.0,25,18,378,2,12,High
4248,Fire,North,Night,Monday,Rainy,Low,Yes,15.0,17,21,152,8,2,High
4249,Accident,West,Evening,Wednesday,Rainy,Low,Yes,7.0,11,12,204,2,15,High
4250,Fire,West,Night,Friday,Cloudy,High,Yes,4.0,18,33,25,7,12,High
4251,Theft,West,Afternoon,Sunday,Cloudy,Low,No,20.0,8,6,131,2,3,Low
4252,Theft,West,Morning,Saturday,Rainy,Medium,No,4.0,28,10,318,8,17,High
4253,Assault,East,Night,Friday,Sunny,Low,Yes,13.0,22,27,327,8,13,High
4254,Assault,Central,Morning,Sunday,Sunny,High,Yes,13.0,25,21,322,7,14,High
4255,Accident,South,Afternoon,Sunday,Sunny,High,Yes,20.0,27,29,271,8,9,High
4256,Theft,East,Afternoon,Monday,Rainy,Low,Yes,9.0,13,17,162,5,6,High
4257,Accident,West,Evening,Tuesday,Cloudy,High,No,17.0,16,25,79,1,12,Medium
4258,Accident,North,Morning,Thursday,Sunny,High,Yes,16.0,11,12,405,5,2,Medium
4259,Assault,South,Night,Tuesday,Cloudy,Low,Yes,19.0,10,9,99,1,11,Medium
4260,Medical,Central,Night,Saturday,Sunny,Low,Yes,11.0,22,4,393,9,1,High
4261,Theft,West,Evening,Saturday,Rainy,Medium,Yes,12.0,14,18,258,6,0,Medium
4262,Medical,North,Morning,Friday,Cloudy,Low,No,17.0,8,29,52,2,4,Low
4263,Theft,East,Afternoon,Thursday,Rainy,Low,No,10.0,16,12,461,7,13,High
4264,Assault,Central,Night,Friday,Cloudy,Medium,No,17.0,29,4,38,2,0,Low
4265,Fire,East,Evening,Thursday,Cloudy,High,No,6.0,14,34,378,7,9,High
4266,Fire,East,Night,Thursday,Rainy,High,No,12.0,10,25,326,4,14,High
4267,Theft,West,Night,Monday,Sunny,High,Yes,24.0,23,27,416,8,7,High
4268,Theft,Central,Evening,Saturday,Cloudy,Low,No,3.0,8,20,337,4,15,High
4269,Fire,South,Afternoon,Monday,,,No,,24,28,180,2,20,High
4270,Theft,North,Evening,Saturday,Cloudy,High,No,25.0,23,30,78,8,10,High
4271,Fire,Central,Morning,Thursday,Sunny,High,Yes,12.0,7,29,118,4,16,High
4272,Theft,Central,Morning,Wednesday,Sunny,High,Yes,15.0,6,16,369,6,13,High
4273,Assault,South,Evening,Thursday,Cloudy,Low,No,11.0,23,17,477,5,6,High
4274,Fire,East,Evening,Monday,Cloudy,Medium,No,10.0,14,35,316,8,20,High
4275,Fire,North,Night,Wednesday,Rainy,Medium,Yes,20.0,20,22,74,7,3,Medium
4276,Accident,Central,Night,Monday,Cloudy,High,Yes,7.0,17,19,328,10,6,High
4277,Medical,Central,Morning,Friday,Rainy,Medium,No,6.0,18,14,435,10,10,High
4278,Assault,South,Afternoon,Monday,Sunny,Medium,Yes,15.0,9,32,405,9,4,High
4279,Fire,East,Morning,Wednesday,Sunny,High,No,17.0,17,29,344,3,17,High
4280,Fire,East,Night,Sunday,Cloudy,Medium,No,16.0,15,15,134,5,14,High
4281,Accident,North,Night,Monday,Sunny,Medium,Yes,8.0,7,34,212,2,18,High
4282,Theft,East,Morning,Saturday,Sunny,Medium,No,11.0,25,33,153,9,10,High
4283,Assault,West,Night,Wednesday,Cloudy,Medium,No,25.0,21,6,350,5,10,High
4284,Fire,West,Night,Monday,Rainy,High,Yes,24.0,12,11,116,2,17,High
4285,Fire,East,Evening,Tuesday,Rainy,High,Yes,12.0,22,15,180,4,19,High
4286,Fire,East,Morning,Thursday,Rainy,High,No,24.0,11,27,447,7,0,High
4287,Medical,North,Morning,Saturday,Sunny,Medium,No,11.0,8,10,209,5,3,Medium
4288,Fire,Central,Afternoon,Sunday,Rainy,High,No,24.0,26,9,291,4,20,High
4289,Assault,West,Morning,Tuesday,Rainy,Medium,Yes,24.0,8,12,287,5,0,Medium
4290,Medical,North,Morning,Saturday,Rainy,Medium,No,19.0,15,16,198,6,20,High
4291,Fire,North,Afternoon,Tuesday,Cloudy,High,Yes,3.0,21,4,292,8,8,High
4292,Accident,Central,Evening,Monday,Sunny,High,Yes,22.0,24,28,134,7,3,High
4293,Accident,Central,Night,Tuesday,Cloudy,Low,Yes,13.0,9,30,216,8,8,High
4294,Assault,North,Morning,Friday,Sunny,Medium,Yes,13.0,18,15,282,4,12,High
4295,Theft,South,Morning,Monday,Rainy,Low,No,20.0,21,4,442,2,16,High
4296,Fire,South,Morning,Sunday,Sunny,Low,No,15.0,21,34,79,9,17,High
4297,Medical,South,Afternoon,Tuesday,Cloudy,High,No,5.0,29,31,32,2,17,High
4298,Accident,East,Morning,Wednesday,Cloudy,Low,Yes,15.0,10,11,484,7,20,High
4299,Medical,South,Evening,Sunday,Sunny,High,No,17.0,28,12,2,8,4,High
4300,Assault,South,Night,Saturday,Cloudy,Medium,No,10.0,14,14,171,4,17,High
4301,Fire,South,Evening,Wednesday,Cloudy,High,No,4.0,24,13,312,6,2,High
4302,Accident,West,Afternoon,Saturday,Cloudy,High,Yes,19.0,25,18,433,8,4,High
4303,Medical,West,Evening,Tuesday,Sunny,High,Yes,3.0,16,24,42,7,19,High
4304,Medical,East,Morning,Thursday,Rainy,High,No,11.0,28,7,210,10,2,High
4305,Accident,East,Evening,Friday,Sunny,Low,Yes,8.0,19,10,334,3,1,Medium
4306,Medical,East,Night,Wednesday,Cloudy,Medium,Yes,19.0,13,25,321,8,5,High
4307,Accident,Central,Morning,Thursday,Cloudy,Low,Yes,16.0,10,29,296,1,5,Medium
4308,Assault,North,Morning,Friday,Rainy,Medium,Yes,24.0,5,26,286,1,20,High
4309,Accident,East,Evening,Sunday,Cloudy,Medium,Yes,24.0,9,12,229,6,10,High
4310,Theft,North,Evening,Saturday,Cloudy,High,Yes,22.0,28,4,138,9,13,High
4311,Fire,East,Evening,Sunday,Rainy,High,Yes,15.0,9,21,400,3,6,Medium
4312,Assault,West,Afternoon,Wednesday,Cloudy,Medium,No,6.0,23,6,70,1,11,Medium
4313,Fire,East,Night,Thursday,Rainy,Medium,No,18.0,27,35,319,1,11,Medium
4314,Accident,West,Afternoon,Saturday,Cloudy,High,Yes,24.0,22,17,488,4,1,Medium
4315,Fire,East,Night,Wednesday,Cloudy,High,Yes,4.0,27,30,49,10,1,High
4316,Fire,South,Morning,Wednesday,Cloudy,Medium,No,7.0,6,13,8,9,8,High
4317,Medical,West,Night,Wednesday,Rainy,Medium,No,16.0,22,15,128,8,6,High
4318,Assault,Central,Evening,Monday,Cloudy,Medium,No,19.0,18,24,72,6,10,High
4319,Assault,East,Night,Monday,Sunny,Low,Yes,18.0,21,14,496,5,16,High
4320,Accident,East,Afternoon,Tuesday,Rainy,Medium,No,14.0,13,29,90,1,10,Medium
4321,Accident,West,Morning,Wednesday,Sunny,High,No,23.0,25,22,300,3,8,Medium
4322,Fire,South,Night,Monday,Rainy,High,No,24.0,28,28,19,6,10,High
4323,Theft,South,Night,Sunday,Rainy,High,No,19.0,8,29,437,2,2,Medium
4324,Fire,South,Afternoon,Wednesday,Sunny,High,No,8.0,10,10,289,6,8,High
4325,Theft,West,Night,Saturday,Rainy,Medium,Yes,5.0,21,4,369,8,2,High
4326,Medical,Central,Evening,Friday,Sunny,Medium,Yes,20.0,24,4,27,7,8,High
4327,Assault,East,Afternoon,Saturday,Rainy,Medium,No,21.0,29,21,115,5,13,High
4328,Theft,West,Morning,Saturday,Cloudy,High,No,9.0,27,30,274,9,18,High
4329,Medical,East,Afternoon,Monday,Cloudy,Medium,No,13.0,21,7,197,8,9,High
4330,Theft,East,Afternoon,Saturday,Sunny,Low,No,25.0,19,6,372,3,2,Medium
4331,Theft,South,Evening,Wednesday,Cloudy,Medium,No,25.0,20,23,190,1,10,Medium
4332,Fire,West,Morning,Tuesday,Sunny,Medium,Yes,14.0,23,10,294,7,10,High
4333,Accident,Central,Evening,Monday,Sunny,High,Yes,6.0,30,19,444,8,6,High
4334,Fire,East,Morning,Saturday,Sunny,Medium,No,25.0,10,16,168,5,18,High
4335,Fire,West,Evening,Sunday,Sunny,Medium,Yes,5.0,8,28,429,6,15,High
4336,Fire,West,Morning,Tuesday,Sunny,Low,No,19.0,18,16,306,5,4,Medium
4337,Theft,West,Morning,Sunday,Cloudy,Medium,No,7.0,21,8,325,5,1,Medium
4338,Accident,West,Morning,Tuesday,Cloudy,High,No,11.0,11,17,426,4,9,High
4339,Assault,South,Night,Monday,Sunny,Medium,Yes,15.0,13,8,126,4,11,High
4340,Accident,North,Night,Tuesday,Cloudy,Low,No,11.0,26,18,185,2,2,Low
4341,Medical,East,Afternoon,Thursday,Sunny,High,Yes,11.0,28,23,188,9,1,High
4342,Fire,East,Morning,Wednesday,Cloudy,Medium,Yes,23.0,20,13,171,4,9,High
4343,Medical,North,Morning,Wednesday,Rainy,High,Yes,5.0,8,18,392,1,12,High
4344,Theft,Central,Night,Monday,Rainy,Medium,Yes,8.0,11,21,187,8,20,High
4345,Medical,East,Morning,Friday,Sunny,High,No,14.0,17,19,172,4,11,High
4346,Medical,Central,Morning,Monday,Rainy,High,No,17.0,14,28,314,4,18,High
4347,Assault,Central,Afternoon,Thursday,Cloudy,Medium,Yes,9.0,21,4,365,8,6,High
4348,Assault,East,Morning,Monday,Rainy,Medium,Yes,3.0,14,20,345,10,9,High
4349,Medical,Central,Morning,Saturday,Rainy,Medium,No,14.0,30,24,212,6,12,High
4350,Accident,South,Morning,Wednesday,Sunny,Low,Yes,8.0,11,14,255,10,4,High
4351,Assault,Central,Night,Sunday,Sunny,High,Yes,21.0,8,6,123,7,2,Medium
4352,Theft,East,Afternoon,Sunday,Sunny,Low,No,13.0,23,9,389,7,7,High
4353,Theft,East,Morning,Saturday,Sunny,High,No,9.0,10,30,69,2,4,Low
4354,Fire,East,Afternoon,Monday,Sunny,Low,Yes,7.0,13,13,153,6,4,High
4355,Assault,Central,Afternoon,Friday,Cloudy,High,Yes,6.0,11,12,8,1,0,Low
4356,Medical,North,Afternoon,Wednesday,Sunny,Low,No,13.0,6,35,340,5,7,High
4357,Medical,East,Evening,Thursday,Cloudy,Medium,No,18.0,18,15,60,7,20,High
4358,Medical,East,Afternoon,Thursday,Sunny,Medium,Yes,22.0,19,33,29,5,17,High
4359,Medical,North,Night,Tuesday,Sunny,Medium,Yes,23.0,19,6,97,9,0,High
4360,Assault,West,Afternoon,Thursday,Sunny,Medium,Yes,6.0,28,25,249,3,6,Medium
4361,Medical,Central,Night,Saturday,,,Yes,,14,24,96,7,18,High
4362,Medical,South,Morning,Wednesday,Rainy,Low,Yes,25.0,14,16,372,9,5,High
4363,Medical,North,Afternoon,Friday,Rainy,Low,Yes,19.0,12,16,96,3,5,Medium
4364,Assault,North,Evening,Sunday,Sunny,High,Yes,3.0,17,13,173,4,19,High
4365,Fire,South,Afternoon,Wednesday,Rainy,Medium,No,8.0,14,25,154,5,2,Medium
4366,Accident,North,Evening,Thursday,Sunny,High,Yes,21.0,12,18,268,1,20,High
4367,Fire,East,Afternoon,Tuesday,Cloudy,High,No,11.0,8,26,330,4,14,High
4368,Medical,North,Evening,Tuesday,Sunny,High,No,14.0,30,9,330,9,18,High
4369,Theft,Central,Afternoon,Wednesday,Rainy,Low,Yes,14.0,23,26,288,6,15,High
4370,Theft,Central,Night,Sunday,Sunny,High,No,3.0,5,34,380,3,6,Medium
4371,Assault,East,Night,Saturday,Cloudy,Medium,Yes,19.0,14,29,417,10,9,High
4372,Assault,East,Morning,Friday,Cloudy,Medium,Yes,20.0,12,27,51,10,8,High
4373,Accident,East,Morning,Sunday,Sunny,High,Yes,8.0,15,12,235,3,0,Low
4374,Theft,South,Night,Saturday,Rainy,Medium,No,8.0,25,23,182,6,13,High
4375,Accident,Central,Night,Wednesday,Rainy,Low,Yes,21.0,13,7,14,9,20,High
4376,Fire,South,Morning,Thursday,Rainy,Medium,Yes,8.0,14,24,218,4,8,High
4377,Accident,North,Afternoon,Thursday,Sunny,Medium,Yes,5.0,14,18,209,3,20,High
4378,Accident,West,Afternoon,Saturday,Sunny,High,No,4.0,24,8,98,5,3,Medium
4379,Fire,West,Evening,Friday,Rainy,Medium,No,8.0,10,27,373,4,2,Medium
4380,Accident,East,Afternoon,Friday,Rainy,High,Yes,16.0,19,28,238,9,1,High
4381,Theft,North,Morning,Monday,Sunny,Medium,No,17.0,21,9,239,1,0,Low
4382,Fire,North,Morning,Saturday,Cloudy,Medium,No,14.0,17,23,395,9,0,High
4383,Medical,North,Morning,Saturday,Cloudy,Low,No,3.0,13,20,335,10,0,High
4384,Medical,South,Morning,Wednesday,Cloudy,High,Yes,25.0,7,22,358,3,6,Medium
4385,Theft,South,Morning,Monday,Rainy,Low,No,12.0,6,20,366,1,13,High
4386,Fire,North,Evening,Saturday,Cloudy,High,No,14.0,16,4,39,4,0,Low
4387,Assault,West,Evening,Saturday,Sunny,Medium,Yes,15.0,18,4,163,9,1,High
4388,Assault,North,Evening,Monday,Rainy,High,Yes,14.0,7,25,268,5,7,High
4389,Accident,South,Night,Monday,Sunny,Medium,Yes,24.0,9,8,243,8,1,High
4390,Theft,East,Afternoon,Sunday,Rainy,High,Yes,8.0,28,34,41,2,13,High
4391,Accident,North,Evening,Saturday,Rainy,Low,No,15.0,8,30,58,5,1,Medium
4392,Fire,West,Morning,Tuesday,Sunny,Low,No,25.0,6,35,111,6,3,Medium
4393,Accident,South,Evening,Monday,Cloudy,High,No,20.0,25,23,165,3,1,Low
4394,Accident,South,Afternoon,Thursday,Sunny,Low,Yes,16.0,26,12,379,1,19,High
4395,Theft,Central,Morning,Sunday,Cloudy,Medium,Yes,22.0,23,19,377,10,20,High
4396,Fire,Central,Night,Saturday,Sunny,High,Yes,22.0,26,11,416,1,19,High
4397,Accident,Central,Evening,Friday,Sunny,Medium,No,17.0,14,8,265,3,16,High
4398,Assault,East,Afternoon,Thursday,Sunny,High,No,4.0,9,29,153,4,10,High
4399,Theft,North,Evening,Monday,Sunny,High,Yes,16.0,13,8,438,10,12,High
4400,Assault,West,Night,Friday,Cloudy,Low,No,9.0,5,31,76,8,8,High
4401,Theft,Central,Afternoon,Wednesday,Sunny,High,Yes,5.0,5,35,235,8,16,High
4402,Accident,West,Afternoon,Monday,Cloudy,Low,Yes,9.0,28,10,43,6,7,High
4403,Theft,North,Night,Sunday,Sunny,High,No,25.0,17,14,198,7,2,Medium
4404,Theft,Central,Night,Friday,Rainy,Low,Yes,15.0,25,29,348,2,4,Medium
4405,Medical,North,Afternoon,Saturday,Cloudy,High,No,3.0,26,19,284,1,8,Medium
4406,Theft,Central,Night,Tuesday,Sunny,Low,No,9.0,29,30,460,7,15,High
4407,Assault,North,Evening,Wednesday,Sunny,High,Yes,25.0,17,35,201,1,12,Medium
4408,Medical,South,Morning,Thursday,Cloudy,High,Yes,24.0,24,7,174,1,1,Low
4409,Accident,West,Evening,Wednesday,Sunny,High,No,19.0,6,26,25,6,18,High
4410,Theft,West,Morning,Wednesday,Sunny,High,Yes,11.0,11,30,433,2,4,Medium
4411,Assault,North,Morning,Sunday,Cloudy,High,Yes,22.0,6,32,326,10,18,High
4412,Medical,East,Morning,Tuesday,Sunny,Low,No,9.0,18,35,313,5,17,High
4413,Assault,West,Night,Wednesday,Rainy,Low,Yes,25.0,7,11,143,8,18,High
4414,Theft,East,Night,Wednesday,Cloudy,High,Yes,13.0,25,16,97,5,15,High
4415,Medical,West,Morning,Tuesday,Cloudy,Low,Yes,4.0,27,19,318,3,10,High
4416,Accident,West,Night,Wednesday,Sunny,Medium,Yes,20.0,18,32,254,7,9,High
4417,Accident,South,Afternoon,Thursday,Sunny,High,Yes,24.0,27,35,128,6,8,High
4418,Fire,West,Morning,Sunday,Sunny,Low,Yes,20.0,6,5,30,3,14,High
4419,Fire,East,Morning,Sunday,Rainy,Low,Yes,3.0,21,13,325,4,4,Medium
4420,Theft,West,Night,Monday,Cloudy,Low,No,18.0,27,26,238,10,11,High
4421,Accident,South,Evening,Saturday,Cloudy,High,No,11.0,24,7,134,7,9,High
4422,Assault,West,Afternoon,Thursday,Sunny,Low,No,7.0,9,14,223,2,20,High
4423,Theft,South,Evening,Sunday,Rainy,Medium,No,4.0,10,28,400,5,20,High
4424,Assault,Central,Night,Wednesday,Cloudy,High,Yes,25.0,21,24,73,10,2,High
4425,Fire,Central,Morning,Friday,Sunny,Low,Yes,17.0,13,26,343,4,18,High
4426,Accident,East,Evening,Tuesday,Cloudy,High,Yes,17.0,18,9,151,9,17,High
4427,Medical,North,Evening,Thursday,Rainy,Low,No,15.0,29,6,463,8,7,High
4428,Theft,Central,Afternoon,Saturday,Rainy,Low,Yes,15.0,29,17,157,10,14,High
4429,Medical,East,Afternoon,Sunday,Sunny,Medium,No,21.0,10,35,82,1,9,Medium
4430,Assault,West,Morning,Sunday,Cloudy,High,No,8.0,8,31,163,2,2,Low
4431,Medical,Central,Night,Friday,Cloudy,Low,No,15.0,18,24,46,1,0,Low
4432,Medical,South,Evening,Wednesday,Cloudy,High,Yes,16.0,16,12,377,3,11,High
4433,Fire,Central,Night,Tuesday,Cloudy,Low,No,23.0,15,5,370,5,9,High
4434,Medical,North,Evening,Wednesday,Cloudy,High,No,22.0,29,5,486,7,12,High
4435,Fire,South,Afternoon,Sunday,Sunny,Medium,Yes,25.0,17,25,71,1,19,High
4436,Medical,North,Evening,Saturday,Cloudy,High,No,17.0,24,10,246,1,0,Low
4437,Medical,South,Afternoon,Wednesday,Rainy,Low,Yes,5.0,16,7,218,9,0,High
4438,Accident,East,Morning,Friday,,,No,,25,20,271,10,4,High
4439,Accident,South,Evening,Monday,Rainy,Medium,Yes,12.0,25,35,267,9,3,High
4440,Theft,North,Night,Friday,Rainy,Medium,No,4.0,11,26,433,9,4,High
4441,Fire,East,Night,Sunday,Cloudy,High,No,4.0,29,24,172,6,0,Medium
4442,Fire,West,Morning,Wednesday,Sunny,Medium,No,15.0,19,17,334,1,7,Medium
4443,Fire,Central,Evening,Thursday,Rainy,High,Yes,5.0,18,18,44,5,11,High
4444,Assault,East,Evening,Monday,Rainy,High,Yes,25.0,13,19,261,5,5,Medium
4445,Theft,West,Morning,Wednesday,Rainy,Low,Yes,18.0,20,16,349,8,11,High
4446,Accident,North,Morning,Monday,Cloudy,High,Yes,5.0,24,28,343,8,8,High
4447,Medical,West,Afternoon,Thursday,Cloudy,Low,No,9.0,26,25,212,6,16,High
4448,Fire,South,Evening,Thursday,Sunny,Medium,No,13.0,13,4,246,8,12,High
4449,Fire,Central,Afternoon,Thursday,Rainy,High,No,17.0,13,4,454,2,6,Medium
4450,Assault,East,Night,Tuesday,Rainy,Medium,No,10.0,26,28,93,6,18,High
4451,Medical,Central,Afternoon,Friday,Rainy,Medium,No,3.0,12,23,346,6,8,High
4452,Fire,North,Evening,Thursday,Sunny,Medium,No,24.0,14,14,122,6,12,High
4453,Medical,North,Morning,Friday,Cloudy,High,No,14.0,21,16,254,5,12,High
4454,Accident,South,Evening,Saturday,Sunny,High,No,8.0,19,7,396,7,19,High
4455,Accident,East,Afternoon,Monday,Sunny,High,No,25.0,21,18,436,2,11,High
4456,Accident,North,Afternoon,Friday,Rainy,High,Yes,12.0,13,15,282,4,10,High
4457,Medical,Central,Morning,Friday,Cloudy,Medium,No,19.0,21,28,358,5,13,High
4458,Fire,East,Night,Sunday,Rainy,Low,Yes,24.0,10,35,455,4,8,High
4459,Medical,North,Evening,Thursday,Sunny,Medium,Yes,17.0,11,34,229,6,17,High
4460,Theft,South,Night,Tuesday,Sunny,Medium,Yes,9.0,17,34,380,2,15,High
4461,Assault,West,Night,Sunday,Cloudy,Low,No,21.0,27,11,464,4,2,Medium
4462,Assault,West,Afternoon,Saturday,Sunny,High,Yes,22.0,28,31,160,3,12,High
4463,Fire,East,Night,Thursday,Cloudy,High,No,21.0,25,15,160,3,14,High
4464,Theft,East,Evening,Thursday,Cloudy,Low,No,6.0,17,32,22,8,14,High
4465,Accident,South,Morning,Monday,Cloudy,Low,No,25.0,10,16,275,8,11,High
4466,Accident,South,Evening,Thursday,Sunny,Low,No,10.0,13,25,115,2,14,High
4467,Medical,East,Morning,Thursday,Sunny,High,Yes,8.0,7,11,266,6,5,High
4468,Assault,Central,Afternoon,Sunday,Sunny,Low,Yes,16.0,19,34,422,8,0,High
4469,Fire,West,Evening,Tuesday,Rainy,Medium,Yes,13.0,12,16,462,7,9,High
4470,Theft,North,Morning,Tuesday,Rainy,Medium,No,10.0,12,15,493,4,11,High
4471,Medical,West,Night,Monday,Sunny,Low,No,5.0,14,26,168,8,19,High
4472,Accident,Central,Afternoon,Tuesday,Sunny,Low,No,20.0,26,12,185,1,13,Medium
4473,Assault,West,Afternoon,Thursday,Cloudy,Medium,Yes,14.0,17,16,169,4,9,High
4474,Medical,Central,Morning,Monday,Cloudy,Medium,Yes,24.0,14,23,324,7,9,High
4475,Medical,South,Morning,Thursday,Cloudy,Low,No,17.0,29,16,402,3,13,High
4476,Theft,North,Afternoon,Wednesday,Rainy,Medium,Yes,12.0,9,12,445,3,18,High
4477,Medical,South,Morning,Friday,Cloudy,High,Yes,22.0,26,34,26,6,13,High
4478,Theft,South,Afternoon,Saturday,Cloudy,High,Yes,6.0,8,12,246,9,4,High
4479,Theft,East,Evening,Wednesday,Rainy,Medium,Yes,4.0,8,27,388,10,19,High
4480,Fire,North,Evening,Saturday,Sunny,Low,No,23.0,17,6,287,7,1,Medium
4481,Fire,North,Evening,Tuesday,Sunny,Medium,Yes,19.0,5,9,446,5,13,High
4482,Theft,North,Evening,Wednesday,Cloudy,Medium,Yes,9.0,10,10,253,6,8,High
4483,Medical,West,Morning,Friday,Sunny,Low,No,22.0,28,10,42,10,15,High
4484,Medical,South,Morning,Sunday,Rainy,High,No,23.0,18,24,34,5,15,High
4485,Theft,West,Morning,Monday,Sunny,Medium,Yes,15.0,5,5,325,9,6,High
4486,Medical,East,Evening,Saturday,Sunny,High,No,15.0,14,17,10,7,19,High
4487,Medical,West,Morning,Monday,Rainy,Low,No,7.0,6,4,253,10,6,High
4488,Fire,East,Night,Saturday,,,Yes,,16,18,412,4,20,High
4489,Accident,Central,Evening,Wednesday,Rainy,Low,No,4.0,13,30,306,5,15,High
4490,Theft,East,Night,Sunday,Cloudy,Medium,Yes,8.0,27,22,375,10,6,High
4491,Fire,Central,Morning,Saturday,Sunny,Low,Yes,21.0,11,27,467,2,20,High
4492,Medical,East,Afternoon,Monday,Cloudy,Medium,No,18.0,19,5,417,7,12,High
4493,Medical,East,Afternoon,Friday,Sunny,Low,Yes,11.0,27,16,449,9,1,High
4494,Medical,South,Morning,Tuesday,Rainy,Low,Yes,23.0,15,34,397,6,17,High
4495,Accident,Central,Night,Friday,Cloudy,High,No,5.0,9,7,242,8,6,High
4496,Accident,Central,Night,Friday,Sunny,Low,No,25.0,6,33,182,9,6,High
4497,Accident,North,Evening,Monday,Cloudy,Low,Yes,14.0,27,11,371,1,18,High
4498,Theft,North,Evening,Friday,Rainy,Medium,Yes,5.0,20,6,364,4,12,High
4499,Theft,Central,Evening,Saturday,Rainy,Low,No,24.0,13,10,350,3,6,Medium
4500,Fire,East,Evening,Thursday,Sunny,Medium,No,25.0,23,28,453,6,7,High
4501,Theft,North,Morning,Friday,Sunny,High,Yes,24.0,27,32,480,2,4,Medium
4502,Assault,West,Morning,Monday,Sunny,Medium,Yes,21.0,13,10,171,2,4,Low
4503,Fire,West,Morning,Tuesday,Sunny,Medium,No,22.0,17,25,129,3,1,Low
4504,Theft,North,Morning,Tuesday,Cloudy,Low,Yes,5.0,27,7,153,10,16,High
4505,Accident,East,Night,Saturday,Rainy,Low,Yes,17.0,23,28,63,1,13,Medium
4506,Theft,East,Afternoon,Wednesday,Rainy,Medium,Yes,9.0,17,23,281,4,20,High
4507,Accident,Central,Morning,Wednesday,Sunny,High,Yes,3.0,28,35,411,3,16,High
4508,Fire,Central,Morning,Thursday,Cloudy,Low,No,14.0,5,21,374,6,19,High
4509,Theft,Central,Night,Tuesday,Rainy,Medium,Yes,18.0,10,9,170,3,14,High
4510,Assault,Central,Morning,Wednesday,Rainy,Medium,Yes,21.0,7,26,427,1,11,Medium
4511,Fire,Central,Night,Wednesday,Sunny,High,No,14.0,27,27,160,9,18,High
4512,Medical,East,Afternoon,Wednesday,Cloudy,Medium,Yes,18.0,11,12,71,3,3,Low
4513,Fire,Central,Morning,Saturday,Rainy,Low,No,24.0,10,5,274,10,1,High
4514,Accident,South,Morning,Wednesday,Cloudy,Medium,No,23.0,25,19,397,6,3,High
4515,Accident,West,Afternoon,Saturday,Rainy,Low,Yes,10.0,8,22,386,9,3,High
4516,Theft,North,Morning,Monday,Sunny,Low,No,11.0,7,18,31,4,4,Medium
4517,Fire,West,Night,Friday,Cloudy,High,Yes,8.0,7,22,155,7,9,High
4518,Assault,West,Morning,Saturday,Sunny,Medium,Yes,7.0,28,12,172,6,19,High
4519,Medical,Central,Night,Saturday,Sunny,Medium,No,15.0,24,34,289,5,14,High
4520,Fire,East,Morning,Sunday,Rainy,High,No,12.0,7,8,224,10,20,High
4521,Assault,West,Afternoon,Tuesday,Cloudy,Medium,Yes,15.0,19,14,317,5,19,High
4522,Assault,East,Morning,Saturday,Rainy,High,Yes,6.0,24,22,227,1,3,Low
4523,Theft,East,Afternoon,Tuesday,Cloudy,Medium,Yes,5.0,9,34,24,3,3,Medium
4524,Accident,South,Afternoon,Monday,Rainy,Low,No,9.0,29,9,333,4,4,Medium
4525,Accident,West,Night,Monday,Rainy,Low,Yes,24.0,20,23,379,7,19,High
4526,Theft,East,Night,Friday,Rainy,Low,Yes,13.0,7,11,270,10,18,High
4527,Accident,Central,Night,Monday,Sunny,Medium,No,18.0,8,24,31,10,6,High
4528,Accident,Central,Evening,Saturday,Rainy,High,Yes,8.0,28,23,108,3,12,High
4529,Accident,North,Morning,Wednesday,Cloudy,High,No,17.0,25,35,36,8,8,High
4530,Accident,North,Morning,Tuesday,Cloudy,Medium,No,19.0,13,23,35,2,15,High
4531,Fire,West,Afternoon,Thursday,Rainy,Medium,Yes,8.0,13,23,309,9,8,High
4532,Theft,North,Morning,Thursday,Sunny,High,Yes,15.0,30,33,159,5,17,High
4533,Assault,West,Evening,Friday,Rainy,Medium,No,23.0,12,22,368,8,14,High
4534,Theft,Central,Morning,Wednesday,Rainy,Medium,No,17.0,12,19,359,6,4,High
4535,Accident,West,Night,Saturday,Sunny,High,No,13.0,13,26,62,5,6,Medium
4536,Accident,East,Evening,Tuesday,Sunny,Low,Yes,18.0,19,7,402,10,1,High
4537,Assault,South,Evening,Friday,Sunny,Low,Yes,11.0,8,13,101,8,3,High
4538,Fire,East,Morning,Wednesday,Rainy,Medium,Yes,14.0,17,32,321,10,17,High
4539,Medical,East,Night,Wednesday,Sunny,High,No,18.0,20,22,436,6,3,High
4540,Accident,South,Afternoon,Sunday,Sunny,Low,Yes,11.0,11,32,468,5,4,High
4541,Accident,Central,Night,Monday,Rainy,Low,No,5.0,5,30,27,3,8,Medium
4542,Medical,West,Night,Monday,Cloudy,Medium,No,24.0,8,21,81,6,1,Medium
4543,Medical,South,Afternoon,Monday,Cloudy,High,No,14.0,6,7,225,4,5,Medium
4544,Theft,East,Morning,Thursday,,,Yes,,30,15,369,7,19,High
4545,Accident,Central,Evening,Wednesday,Cloudy,Medium,Yes,15.0,25,11,458,7,18,High
4546,Theft,North,Morning,Sunday,Cloudy,Low,Yes,21.0,13,8,204,4,8,Medium
4547,Accident,North,Night,Tuesday,Sunny,Low,Yes,18.0,17,6,292,9,12,High
4548,Assault,Central,Afternoon,Friday,Rainy,Low,No,13.0,8,28,62,6,14,High
4549,Fire,East,Afternoon,Tuesday,Sunny,Medium,Yes,10.0,7,21,221,9,11,High
4550,Assault,South,Afternoon,Tuesday,Cloudy,Medium,No,24.0,6,33,112,5,2,Medium
4551,Assault,West,Evening,Tuesday,Cloudy,High,No,13.0,21,16,477,10,19,High
4552,Medical,West,Afternoon,Friday,Cloudy,Low,Yes,15.0,27,34,43,1,15,Medium
4553,Fire,Central,Afternoon,Tuesday,Cloudy,Low,No,4.0,25,26,33,2,6,Medium
4554,Theft,East,Evening,Sunday,Cloudy,Low,No,17.0,20,25,76,3,6,Medium
4555,Medical,East,Night,Monday,Rainy,Low,Yes,11.0,13,29,323,4,5,Medium
4556,Fire,West,Afternoon,Tuesday,Cloudy,High,No,14.0,15,23,54,7,12,High
4557,Theft,West,Morning,Wednesday,Rainy,High,No,12.0,26,28,68,1,3,Low
4558,Accident,East,Morning,Friday,Cloudy,Low,No,22.0,18,27,26,2,4,Low
4559,Assault,North,Evening,Monday,Sunny,Medium,No,4.0,10,30,251,4,14,High
4560,Assault,East,Evening,Sunday,Rainy,Low,No,8.0,29,21,122,3,14,High
4561,Assault,East,Night,Saturday,Sunny,Low,Yes,5.0,7,6,390,9,11,High
4562,Theft,West,Evening,Monday,Sunny,Medium,Yes,5.0,29,11,249,7,19,High
4563,Fire,South,Afternoon,Sunday,Cloudy,Low,No,5.0,17,22,92,8,18,High
4564,Accident,West,Night,Monday,Rainy,Medium,No,5.0,22,32,280,4,8,High
4565,Medical,Central,Afternoon,Thursday,Rainy,Low,No,24.0,13,27,83,8,5,High
4566,Theft,Central,Afternoon,Saturday,Sunny,Medium,Yes,10.0,26,22,287,10,6,High
4567,Assault,West,Night,Thursday,Cloudy,High,Yes,6.0,16,15,436,7,20,High
4568,Assault,East,Afternoon,Monday,Sunny,Low,Yes,18.0,23,27,484,9,0,High
4569,Assault,North,Evening,Thursday,Sunny,High,Yes,3.0,24,16,249,3,11,High
4570,Accident,South,Morning,Tuesday,Rainy,Medium,No,10.0,19,9,19,9,7,High
4571,Fire,West,Evening,Sunday,Cloudy,Medium,No,10.0,23,15,256,3,18,High
4572,Fire,West,Afternoon,Tuesday,Rainy,Low,No,7.0,24,19,256,3,13,High
4573,Medical,Central,Morning,Saturday,Cloudy,Medium,Yes,5.0,30,26,409,3,16,High
4574,Medical,Central,Morning,Wednesday,Sunny,High,Yes,19.0,29,5,14,9,18,High
4575,Accident,East,Afternoon,Tuesday,Rainy,Medium,No,17.0,9,21,202,4,5,Medium
4576,Assault,South,Afternoon,Tuesday,Sunny,Medium,No,10.0,30,12,200,3,15,High
4577,Assault,Central,Afternoon,Sunday,Sunny,High,No,4.0,29,10,75,4,10,High
4578,Accident,North,Night,Monday,Cloudy,Medium,Yes,5.0,27,29,186,5,3,Medium
4579,Fire,Central,Night,Thursday,Cloudy,Low,No,13.0,8,18,427,5,18,High
4580,Assault,East,Night,Monday,Cloudy,Low,Yes,23.0,23,29,166,8,4,High
4581,Fire,South,Morning,Friday,Cloudy,Low,No,24.0,5,33,468,4,4,Medium
4582,Fire,West,Evening,Sunday,Sunny,Medium,No,4.0,29,30,169,7,11,High
4583,Medical,West,Night,Friday,Rainy,Medium,Yes,14.0,24,8,333,7,11,High
4584,Medical,Central,Evening,Saturday,Sunny,Medium,Yes,15.0,13,23,71,3,6,Medium
4585,Fire,East,Morning,Sunday,Rainy,Low,No,11.0,11,20,342,8,0,High
4586,Accident,South,Afternoon,Tuesday,Sunny,Low,No,17.0,20,21,62,4,15,High
4587,Fire,Central,Morning,Saturday,Cloudy,High,Yes,6.0,30,34,496,3,20,High
4588,Accident,North,Morning,Saturday,Sunny,High,No,9.0,8,33,132,4,14,High
4589,Fire,South,Night,Monday,Sunny,Medium,No,13.0,5,17,122,9,17,High
4590,Assault,South,Evening,Tuesday,Sunny,High,No,5.0,11,24,377,4,10,High
4591,Fire,East,Evening,Thursday,Cloudy,Low,No,5.0,17,18,310,2,20,High
4592,Accident,East,Morning,Thursday,Rainy,High,Yes,10.0,25,14,444,5,6,High
4593,Accident,Central,Morning,Tuesday,Cloudy,Medium,No,20.0,9,20,17,3,12,High
4594,Medical,Central,Morning,Thursday,Cloudy,Low,No,16.0,23,10,61,8,17,High
4595,Accident,South,Night,Wednesday,Sunny,Low,Yes,9.0,8,23,306,5,19,High
4596,Assault,West,Evening,Sunday,Rainy,Low,No,6.0,30,18,495,9,13,High
4597,Fire,West,Morning,Thursday,Cloudy,High,Yes,13.0,13,19,220,2,0,Low
4598,Assault,North,Night,Friday,Rainy,Low,Yes,7.0,20,20,241,7,2,High
4599,Theft,West,Night,Tuesday,Cloudy,Medium,No,19.0,29,23,56,3,14,High
4600,Fire,Central,Afternoon,Monday,Cloudy,Low,No,11.0,7,31,438,3,1,Medium
4601,Accident,West,Evening,Monday,Sunny,High,Yes,17.0,15,28,283,8,20,High
4602,Accident,North,Evening,Thursday,Sunny,Medium,Yes,6.0,19,25,177,6,7,High
4603,Theft,South,Night,Tuesday,Rainy,Medium,No,20.0,28,21,362,5,7,High
4604,Medical,East,Morning,Wednesday,Sunny,Medium,Yes,16.0,23,7,177,5,14,High
4605,Fire,Central,Evening,Saturday,Rainy,Low,Yes,9.0,18,7,181,10,12,High
4606,Assault,Central,Afternoon,Sunday,Rainy,Low,No,7.0,24,31,60,4,6,Medium
4607,Medical,West,Night,Thursday,Sunny,High,No,22.0,23,10,359,9,11,High
4608,Fire,East,Evening,Tuesday,Rainy,High,No,25.0,30,13,477,9,12,High
4609,Theft,North,Night,Sunday,Sunny,Medium,No,8.0,21,35,216,4,12,High
4610,Accident,South,Evening,Wednesday,Sunny,Medium,No,13.0,24,25,495,4,20,High
4611,Fire,North,Night,Saturday,Sunny,High,No,22.0,13,30,399,9,4,High
4612,Medical,South,Evening,Tuesday,Sunny,Medium,Yes,11.0,8,32,356,6,20,High
4613,Theft,Central,Night,Thursday,Rainy,Low,No,14.0,13,23,82,5,2,Medium
4614,Accident,North,Evening,Tuesday,Cloudy,High,No,18.0,13,6,282,3,11,High
4615,Assault,West,Night,Sunday,Sunny,Low,No,9.0,16,20,476,8,0,High
4616,Theft,Central,Morning,Thursday,Cloudy,High,No,18.0,15,8,293,8,19,High
4617,Fire,East,Night,Monday,Rainy,High,Yes,3.0,20,14,319,2,9,Medium
4618,Medical,South,Afternoon,Monday,Cloudy,Low,No,18.0,6,13,61,5,2,Medium
4619,Fire,Central,Evening,Monday,Sunny,High,Yes,22.0,5,4,388,2,6,Medium
4620,Medical,Central,Morning,Saturday,Rainy,Medium,No,24.0,19,15,226,5,8,High
4621,Accident,Central,Night,Wednesday,Rainy,High,No,19.0,11,5,124,3,15,High
4622,Assault,South,Afternoon,Tuesday,Sunny,High,No,12.0,14,12,193,6,17,High
4623,Accident,Central,Afternoon,Sunday,Sunny,High,Yes,21.0,6,17,176,7,2,Medium
4624,Theft,West,Evening,Saturday,Cloudy,Medium,Yes,4.0,8,31,46,5,6,High
4625,Theft,West,Night,Saturday,Cloudy,Low,Yes,21.0,12,22,188,4,20,High
4626,Assault,North,Afternoon,Sunday,Sunny,High,Yes,10.0,29,6,368,5,20,High
4627,Fire,Central,Afternoon,Tuesday,Sunny,High,No,24.0,5,31,411,2,12,High
4628,Theft,Central,Morning,Tuesday,Sunny,High,Yes,6.0,26,9,326,8,16,High
4629,Accident,West,Evening,Tuesday,Rainy,Medium,No,3.0,29,12,296,7,15,High
4630,Accident,East,Night,Saturday,Sunny,High,No,5.0,24,16,338,5,2,Medium
4631,Accident,North,Afternoon,Tuesday,Cloudy,High,No,25.0,17,14,304,4,18,High
4632,Accident,Central,Morning,Wednesday,Rainy,Low,Yes,10.0,7,34,74,10,1,High
4633,Assault,South,Night,Friday,Sunny,High,No,23.0,11,27,330,10,0,High
4634,Assault,South,Afternoon,Tuesday,Cloudy,Low,No,5.0,5,28,296,4,20,High
4635,Medical,North,Afternoon,Saturday,Rainy,High,No,9.0,29,22,497,7,10,High
4636,Fire,Central,Evening,Friday,Rainy,High,No,21.0,27,14,267,7,19,High
4637,Accident,East,Evening,Sunday,Rainy,High,No,3.0,26,11,14,3,2,Low
4638,Theft,East,Morning,Sunday,Cloudy,High,No,3.0,19,21,305,8,4,High
4639,Theft,West,Night,Wednesday,Cloudy,High,Yes,24.0,9,14,499,1,6,Medium
4640,Medical,North,Morning,Tuesday,Sunny,Low,No,23.0,24,19,177,3,8,Medium
4641,Fire,Central,Morning,Monday,Sunny,High,No,10.0,25,35,371,2,1,Low
4642,Theft,South,Night,Tuesday,Rainy,Low,Yes,17.0,15,26,305,3,10,High
4643,Fire,North,Afternoon,Tuesday,Rainy,Low,No,16.0,29,17,391,8,19,High
4644,Theft,South,Night,Wednesday,Rainy,Low,Yes,20.0,24,15,220,7,13,High
4645,Medical,South,Evening,Thursday,Rainy,Medium,Yes,14.0,23,26,110,4,9,High
4646,Medical,North,Evening,Sunday,Rainy,Low,No,22.0,28,24,297,2,5,Medium
4647,Assault,Central,Afternoon,Wednesday,Rainy,Medium,No,17.0,18,16,187,8,6,High
4648,Medical,East,Evening,Saturday,Rainy,Medium,Yes,18.0,18,30,220,9,9,High
4649,Assault,West,Night,Wednesday,Rainy,Low,Yes,16.0,16,7,61,6,17,High
4650,Accident,West,Night,Monday,Rainy,Low,No,3.0,15,12,300,6,20,High
4651,Theft,Central,Morning,Sunday,Rainy,High,No,18.0,24,26,194,5,19,High
4652,Fire,Central,Afternoon,Friday,Rainy,Low,No,25.0,25,28,430,7,0,Medium
4653,Fire,North,Afternoon,Tuesday,Rainy,Low,Yes,17.0,15,4,214,2,4,Medium
4654,Medical,East,Evening,Saturday,Rainy,Low,No,20.0,5,15,393,3,7,Medium
4655,Accident,Central,Night,Saturday,Sunny,Medium,Yes,6.0,14,33,125,7,10,High
4656,Medical,Central,Afternoon,Saturday,Cloudy,Medium,Yes,13.0,13,27,345,3,19,High
4657,Assault,Central,Evening,Tuesday,Rainy,High,No,24.0,14,8,170,4,16,High
4658,Theft,South,Morning,Friday,Cloudy,Low,Yes,25.0,20,24,69,3,17,High
4659,Fire,North,Morning,Monday,Rainy,High,No,24.0,14,33,46,9,15,High
4660,Theft,East,Morning,Wednesday,Cloudy,Medium,No,3.0,23,10,108,4,13,High
4661,Theft,North,Evening,Friday,Rainy,Medium,Yes,17.0,25,21,317,2,20,High
4662,Fire,North,Morning,Saturday,Rainy,Low,Yes,14.0,24,21,467,5,9,High
4663,Medical,West,Evening,Wednesday,Cloudy,Low,No,5.0,21,15,464,9,9,High
4664,Accident,East,Morning,Wednesday,Sunny,High,Yes,13.0,15,6,227,9,5,High
4665,Theft,West,Night,Saturday,Sunny,High,No,14.0,19,33,105,10,14,High
4666,Fire,East,Morning,Tuesday,Cloudy,Medium,Yes,21.0,13,11,465,2,13,High
4667,Medical,East,Afternoon,Thursday,Rainy,High,Yes,13.0,29,27,435,7,19,High
4668,Medical,North,Evening,Thursday,Cloudy,High,No,7.0,9,30,299,7,19,High
4669,Assault,West,Morning,Monday,Sunny,Low,Yes,3.0,21,15,15,10,13,High
4670,Medical,East,Evening,Friday,Cloudy,Medium,Yes,24.0,9,5,417,6,2,Medium
4671,Medical,East,Afternoon,Friday,Rainy,High,No,9.0,27,20,488,6,15,High
4672,Medical,North,Afternoon,Saturday,Cloudy,High,No,14.0,23,21,105,4,15,High
4673,Theft,North,Afternoon,Tuesday,Rainy,High,No,6.0,22,9,255,9,0,High
4674,Fire,East,Morning,Saturday,Rainy,Low,No,6.0,13,19,107,3,6,Medium
4675,Fire,South,Night,Sunday,Cloudy,High,Yes,19.0,20,30,75,2,15,High
4676,Fire,North,Afternoon,Tuesday,Sunny,Medium,No,9.0,26,15,372,9,2,High
4677,Medical,Central,Morning,Thursday,Rainy,High,No,13.0,8,35,151,9,7,High
4678,Medical,Central,Morning,Monday,Cloudy,High,Yes,12.0,9,25,58,8,1,High
4679,Assault,North,Morning,Friday,Cloudy,Low,Yes,7.0,13,10,151,9,5,High
4680,Accident,North,Afternoon,Monday,Rainy,High,No,24.0,13,17,254,4,15,High
4681,Assault,South,Afternoon,Tuesday,Rainy,High,Yes,25.0,30,9,88,10,10,High
4682,Theft,North,Evening,Sunday,Sunny,High,No,8.0,29,14,210,4,16,High
4683,Fire,North,Morning,Thursday,Rainy,Low,Yes,14.0,14,29,215,10,17,High
4684,Fire,East,Morning,Thursday,Cloudy,Medium,No,19.0,9,10,85,7,1,Medium
4685,Assault,South,Afternoon,Monday,Cloudy,Low,No,23.0,15,17,369,5,20,High
4686,Accident,Central,Night,Friday,Cloudy,High,No,6.0,12,21,325,1,3,Low
4687,Medical,Central,Evening,Wednesday,Rainy,High,No,21.0,7,22,303,1,4,Low
4688,Fire,North,Evening,Thursday,,,Yes,,14,33,225,10,4,High
4689,Medical,North,Evening,Sunday,Rainy,Medium,Yes,16.0,12,20,230,2,11,Medium
4690,Assault,East,Morning,Sunday,Rainy,High,No,12.0,18,27,155,5,8,High
4691,Accident,West,Evening,Sunday,Sunny,High,Yes,25.0,21,29,163,3,4,Medium
4692,Fire,North,Afternoon,Friday,Sunny,Low,No,5.0,20,22,129,1,7,Medium
4693,Medical,South,Night,Thursday,Rainy,Low,No,13.0,13,18,317,10,15,High
4694,Theft,South,Evening,Sunday,Sunny,High,Yes,7.0,10,20,186,2,8,Medium
4695,Fire,East,Night,Tuesday,Sunny,Low,No,11.0,29,10,347,9,6,High
4696,Accident,South,Night,Monday,Cloudy,Low,No,12.0,7,34,23,3,14,High
4697,Assault,South,Afternoon,Wednesday,Sunny,Low,Yes,22.0,24,35,83,4,7,Medium
4698,Accident,East,Afternoon,Thursday,Sunny,Low,Yes,9.0,25,33,175,9,16,High
4699,Medical,Central,Evening,Sunday,Cloudy,High,Yes,14.0,8,7,310,9,8,High
4700,Fire,Central,Morning,Thursday,,,Yes,,24,21,63,9,3,High
4701,Fire,South,Evening,Wednesday,Sunny,Medium,Yes,3.0,18,20,70,5,20,High
4702,Medical,West,Afternoon,Saturday,Sunny,Medium,Yes,24.0,19,10,146,4,18,High
4703,Accident,South,Morning,Sunday,Sunny,High,Yes,8.0,14,13,346,10,6,High
4704,Fire,East,Afternoon,Monday,Cloudy,High,No,15.0,11,18,116,8,3,High
4705,Medical,North,Night,Monday,Sunny,Low,Yes,18.0,21,19,157,3,8,Medium
4706,Medical,North,Morning,Tuesday,Rainy,Low,Yes,20.0,23,31,254,6,19,High
4707,Fire,North,Night,Thursday,Cloudy,High,Yes,11.0,14,27,392,8,5,High
4708,Medical,West,Night,Friday,Cloudy,Medium,Yes,9.0,7,9,74,6,17,High
4709,Theft,East,Evening,Wednesday,Sunny,Low,No,4.0,8,7,208,7,11,High
4710,Fire,North,Night,Tuesday,Rainy,Medium,No,6.0,26,12,200,8,1,High
4711,Assault,Central,Evening,Thursday,Rainy,Low,No,3.0,11,28,13,2,1,Low
4712,Medical,East,Evening,Friday,Sunny,Medium,Yes,17.0,25,9,281,4,8,High
4713,Medical,South,Afternoon,Thursday,Sunny,Medium,Yes,6.0,10,8,475,1,5,Medium
4714,Fire,North,Morning,Tuesday,Rainy,Low,Yes,5.0,9,6,423,6,3,High
4715,Accident,Central,Afternoon,Saturday,Rainy,Low,Yes,4.0,17,33,13,8,11,High
4716,Accident,East,Night,Thursday,Sunny,Low,No,12.0,30,29,82,10,10,High
4717,Fire,West,Evening,Tuesday,Rainy,High,No,14.0,16,7,48,10,9,High
4718,Assault,West,Night,Sunday,,,Yes,,10,20,427,3,6,Medium
4719,Accident,West,Morning,Wednesday,Rainy,Medium,Yes,15.0,7,35,210,3,15,High
4720,Medical,West,Evening,Tuesday,Rainy,Medium,No,25.0,6,27,151,3,5,Medium
4721,Theft,Central,Night,Monday,Cloudy,High,Yes,11.0,12,34,27,9,12,High
4722,Theft,North,Night,Monday,Sunny,Medium,No,22.0,20,18,436,5,16,High
4723,Theft,North,Evening,Wednesday,Sunny,Medium,Yes,22.0,16,15,121,6,18,High
4724,Fire,West,Morning,Saturday,Cloudy,Medium,Yes,24.0,28,20,178,2,0,Low
4725,Accident,Central,Afternoon,Thursday,Rainy,Medium,No,10.0,15,27,412,9,16,High
4726,Accident,South,Evening,Saturday,Rainy,Low,Yes,22.0,19,34,230,9,11,High
4727,Accident,West,Evening,Friday,Rainy,High,No,19.0,10,34,110,5,12,High
4728,Assault,South,Evening,Tuesday,Sunny,High,Yes,19.0,25,31,414,1,14,High
4729,Medical,Central,Evening,Wednesday,Sunny,Low,Yes,20.0,17,32,272,6,0,Medium
4730,Medical,Central,Afternoon,Thursday,Rainy,Low,Yes,16.0,20,8,412,3,9,High
4731,Medical,East,Night,Tuesday,Rainy,Low,No,3.0,5,13,461,8,3,High
4732,Theft,Central,Afternoon,Thursday,Sunny,Low,Yes,14.0,11,15,232,6,1,Medium
4733,Medical,West,Afternoon,Saturday,Cloudy,High,No,16.0,13,10,148,2,9,Medium
4734,Accident,Central,Morning,Thursday,Cloudy,High,Yes,9.0,18,35,337,2,1,Low
4735,Theft,North,Night,Monday,Sunny,Low,Yes,21.0,13,6,364,3,16,High
4736,Assault,West,Morning,Friday,Rainy,Medium,Yes,17.0,8,20,15,8,19,High
4737,Assault,East,Afternoon,Thursday,Rainy,Medium,Yes,6.0,18,13,111,8,20,High
4738,Assault,East,Morning,Monday,Cloudy,High,No,15.0,25,32,23,2,0,Low
4739,Assault,West,Morning,Friday,Sunny,Medium,Yes,9.0,9,27,33,1,16,High
4740,Theft,North,Night,Monday,Sunny,Low,Yes,10.0,30,33,270,1,10,Medium
4741,Fire,West,Afternoon,Sunday,Cloudy,Low,No,7.0,28,11,385,3,4,Medium
4742,Assault,Central,Afternoon,Sunday,,,Yes,,7,8,433,2,1,Medium
4743,Theft,North,Morning,Wednesday,Cloudy,Medium,Yes,17.0,18,34,401,1,12,High
4744,Fire,East,Morning,Friday,Rainy,Medium,Yes,10.0,10,13,406,2,13,High
4745,Theft,West,Night,Tuesday,Sunny,Low,No,19.0,25,28,480,10,10,High
4746,Medical,West,Evening,Wednesday,Sunny,Low,No,13.0,13,23,445,1,4,Medium
4747,Accident,East,Morning,Wednesday,Cloudy,Medium,No,19.0,26,13,462,3,2,Medium
4748,Fire,East,Afternoon,Thursday,Sunny,Low,No,3.0,10,22,429,10,10,High
4749,Accident,Central,Night,Thursday,Sunny,High,Yes,24.0,19,24,117,3,3,Low
4750,Fire,Central,Afternoon,Monday,Sunny,Low,No,3.0,17,9,2,3,4,Medium
4751,Fire,Central,Night,Friday,Sunny,Medium,Yes,11.0,14,14,218,8,14,High
4752,Fire,North,Night,Thursday,Rainy,Medium,No,12.0,24,31,32,10,1,High
4753,Medical,West,Evening,Sunday,Cloudy,High,Yes,4.0,25,14,291,3,12,High
4754,Medical,East,Evening,Sunday,Rainy,High,No,6.0,18,23,132,1,15,High
4755,Theft,South,Night,Monday,Rainy,Low,No,14.0,19,33,466,5,13,High
4756,Medical,West,Afternoon,Tuesday,Sunny,Medium,No,21.0,11,15,239,3,16,High
4757,Fire,West,Evening,Sunday,Cloudy,Medium,No,11.0,29,22,492,7,10,High
4758,Fire,North,Morning,Tuesday,Cloudy,Low,No,11.0,25,7,176,5,20,High
4759,Accident,South,Afternoon,Tuesday,Sunny,Low,No,13.0,29,22,197,4,13,High
4760,Assault,Central,Afternoon,Tuesday,Cloudy,High,No,9.0,16,28,371,6,7,High
4761,Medical,South,Morning,Sunday,Sunny,High,Yes,24.0,16,23,395,6,15,High
4762,Theft,Central,Morning,Wednesday,Cloudy,Medium,No,23.0,19,29,104,2,7,Medium
4763,Accident,Central,Morning,Saturday,Rainy,Low,Yes,5.0,8,9,51,1,9,Medium
4764,Medical,North,Morning,Wednesday,Cloudy,Medium,No,22.0,13,14,182,2,7,Medium
4765,Medical,West,Evening,Monday,Rainy,Medium,Yes,5.0,17,16,20,6,18,High
4766,Theft,North,Evening,Wednesday,Sunny,Low,Yes,5.0,6,9,447,2,11,High
4767,Assault,East,Night,Friday,Rainy,Low,No,10.0,9,4,236,3,15,High
4768,Assault,South,Afternoon,Sunday,Rainy,Medium,No,20.0,5,15,322,7,6,High
4769,Fire,North,Morning,Thursday,Rainy,Low,No,6.0,7,23,356,4,20,High
4770,Accident,South,Afternoon,Monday,Rainy,High,No,11.0,10,31,142,2,3,Low
4771,Medical,North,Night,Thursday,Rainy,High,Yes,12.0,11,16,455,7,3,High
4772,Accident,Central,Evening,Saturday,Rainy,Medium,Yes,13.0,14,7,372,9,19,High
4773,Fire,Central,Night,Sunday,Sunny,High,No,12.0,20,25,405,9,18,High
4774,Fire,East,Evening,Wednesday,Cloudy,Medium,Yes,17.0,23,15,419,6,19,High
4775,Accident,Central,Night,Monday,Sunny,Medium,No,3.0,5,11,78,5,3,Medium
4776,Accident,West,Night,Thursday,Sunny,High,No,14.0,11,6,165,9,8,High
4777,Fire,North,Morning,Saturday,Cloudy,High,Yes,10.0,23,25,91,10,6,High
4778,Fire,East,Night,Saturday,Sunny,Medium,No,9.0,24,25,378,6,11,High
4779,Accident,Central,Night,Sunday,Sunny,Low,Yes,14.0,10,23,55,4,5,Medium
4780,Theft,West,Afternoon,Saturday,Sunny,Medium,Yes,5.0,19,26,378,2,3,Medium
4781,Theft,East,Morning,Wednesday,Rainy,High,No,21.0,25,15,73,7,9,High
4782,Theft,West,Morning,Tuesday,Rainy,High,Yes,18.0,22,34,113,5,17,High
4783,Theft,East,Evening,Friday,Sunny,Medium,No,24.0,23,9,459,6,16,High
4784,Accident,South,Afternoon,Sunday,Sunny,Medium,Yes,9.0,24,31,370,3,15,High
4785,Medical,West,Night,Friday,Rainy,Low,No,22.0,24,13,1,3,20,High
4786,Assault,South,Morning,Saturday,Cloudy,Medium,No,13.0,12,29,170,8,3,High
4787,Fire,Central,Evening,Sunday,Cloudy,Medium,No,15.0,24,10,424,1,12,High
4788,Accident,Central,Afternoon,Tuesday,Sunny,Low,Yes,12.0,7,30,441,10,8,High
4789,Accident,North,Afternoon,Thursday,Cloudy,Low,Yes,25.0,22,24,196,6,20,High
4790,Fire,West,Afternoon,Tuesday,Sunny,High,No,25.0,27,4,22,9,12,High
4791,Assault,East,Night,Monday,Sunny,High,Yes,8.0,9,9,282,2,10,High
4792,Theft,East,Evening,Saturday,Rainy,Medium,No,22.0,21,32,377,8,7,High
4793,Accident,West,Night,Thursday,Rainy,Low,No,17.0,25,22,16,4,0,Low
4794,Theft,West,Afternoon,Tuesday,Sunny,Medium,Yes,6.0,21,17,421,7,11,High
4795,Assault,East,Night,Saturday,Cloudy,Medium,No,9.0,6,25,362,4,13,High
4796,Assault,West,Night,Thursday,Sunny,Medium,No,8.0,15,5,233,1,1,Low
4797,Theft,North,Night,Friday,Cloudy,Medium,No,25.0,9,31,264,1,11,Medium
4798,Assault,East,Morning,Saturday,Cloudy,Medium,Yes,7.0,17,20,441,6,6,High
4799,Fire,Central,Night,Friday,Rainy,High,Yes,3.0,26,20,345,3,8,High
4800,Theft,Central,Afternoon,Monday,Cloudy,Medium,Yes,4.0,5,4,299,6,12,High
4801,Medical,South,Afternoon,Thursday,Sunny,High,Yes,19.0,22,11,324,7,6,High
4802,Medical,Central,Night,Friday,Sunny,Low,No,10.0,22,10,304,9,18,High
4803,Accident,West,Night,Saturday,Sunny,Low,Yes,19.0,7,33,2,6,3,Medium
4804,Fire,West,Afternoon,Wednesday,Cloudy,Low,No,24.0,15,12,221,9,14,High
4805,Medical,North,Night,Sunday,Rainy,Medium,Yes,22.0,12,14,352,3,16,High
4806,Theft,Central,Night,Wednesday,Cloudy,Low,Yes,9.0,7,17,486,8,15,High
4807,Assault,South,Evening,Wednesday,Cloudy,Low,No,25.0,30,35,167,4,4,Medium
4808,Accident,West,Night,Saturday,Rainy,Low,No,5.0,7,12,338,7,11,High
4809,Theft,East,Evening,Friday,Cloudy,Low,No,17.0,10,34,306,4,3,Medium
4810,Fire,East,Morning,Tuesday,Sunny,Medium,No,9.0,14,11,274,3,2,Medium
4811,Medical,West,Evening,Thursday,Rainy,High,No,12.0,23,30,366,1,15,High
4812,Medical,South,Morning,Friday,Rainy,Low,Yes,12.0,27,20,359,7,10,High
4813,Assault,East,Morning,Sunday,Rainy,Low,Yes,13.0,15,35,389,2,4,Medium
4814,Accident,North,Night,Wednesday,Cloudy,Medium,No,9.0,14,28,175,2,2,Low
4815,Assault,North,Afternoon,Wednesday,Sunny,Low,No,11.0,14,34,280,4,15,High
4816,Accident,North,Morning,Thursday,Rainy,Medium,Yes,25.0,29,19,329,4,16,High
4817,Accident,West,Afternoon,Saturday,Sunny,Medium,No,17.0,18,28,374,10,19,High
4818,Assault,West,Night,Thursday,Rainy,Medium,Yes,22.0,12,17,444,1,7,Medium
4819,Theft,North,Afternoon,Saturday,Sunny,Low,Yes,11.0,11,34,442,1,17,High
4820,Assault,North,Night,Tuesday,Cloudy,High,Yes,10.0,15,15,19,5,19,High
4821,Assault,West,Evening,Thursday,Cloudy,Medium,Yes,24.0,5,31,109,1,2,Low
4822,Medical,West,Evening,Wednesday,Cloudy,High,No,18.0,21,35,478,9,8,High
4823,Theft,North,Evening,Sunday,Cloudy,Low,No,17.0,27,34,376,10,11,High
4824,Assault,Central,Afternoon,Sunday,Sunny,High,No,16.0,7,7,432,10,9,High
4825,Fire,West,Night,Thursday,Cloudy,Medium,No,23.0,28,17,11,2,17,High
4826,Accident,North,Afternoon,Monday,Rainy,Low,No,10.0,10,28,10,3,0,Low
4827,Assault,East,Morning,Sunday,Sunny,Low,No,8.0,6,32,50,2,8,Medium
4828,Assault,West,Morning,Tuesday,Cloudy,High,No,12.0,24,27,430,3,18,High
4829,Medical,West,Morning,Wednesday,Rainy,Low,No,11.0,30,14,16,2,17,High
4830,Assault,West,Night,Tuesday,Sunny,High,Yes,5.0,9,32,228,9,12,High
4831,Accident,South,Morning,Wednesday,Cloudy,Low,Yes,13.0,17,8,154,6,20,High
4832,Fire,North,Afternoon,Sunday,Sunny,Low,No,21.0,23,27,286,5,20,High
4833,Fire,East,Morning,Saturday,Rainy,Low,Yes,12.0,6,5,473,10,1,High
4834,Fire,South,Morning,Tuesday,Rainy,High,Yes,8.0,12,35,367,7,8,High
4835,Medical,Central,Night,Sunday,Rainy,Low,Yes,23.0,19,11,33,5,9,High
4836,Fire,Central,Afternoon,Monday,Sunny,Low,No,22.0,26,22,402,8,15,High
4837,Theft,East,Morning,Thursday,Rainy,Low,No,20.0,29,12,254,3,8,Medium
4838,Accident,North,Evening,Friday,Rainy,Low,No,5.0,12,13,216,10,7,High
4839,Assault,North,Evening,Wednesday,Rainy,Low,No,15.0,17,14,48,6,19,High
4840,Fire,South,Night,Friday,Rainy,High,No,25.0,18,31,475,6,17,High
4841,Medical,Central,Afternoon,Sunday,Cloudy,High,Yes,6.0,10,8,50,8,14,High
4842,Theft,North,Afternoon,Tuesday,Cloudy,Medium,No,3.0,26,35,195,8,15,High
4843,Assault,Central,Evening,Tuesday,Sunny,High,Yes,12.0,15,15,378,3,8,High
4844,Assault,East,Night,Wednesday,Cloudy,Medium,Yes,18.0,21,6,311,4,17,High
4845,Medical,Central,Night,Saturday,Rainy,High,Yes,23.0,28,23,213,9,17,High
4846,Assault,Central,Night,Friday,Rainy,Low,Yes,21.0,9,14,4,3,6,Medium
4847,Accident,East,Night,Saturday,Cloudy,Medium,No,18.0,22,27,188,8,11,High
4848,Accident,South,Morning,Friday,Sunny,Low,Yes,7.0,13,30,3,4,18,High
4849,Accident,North,Afternoon,Tuesday,Rainy,Medium,No,17.0,16,5,89,3,11,High
4850,Accident,East,Night,Tuesday,Sunny,Medium,Yes,3.0,23,21,355,4,11,High
4851,Assault,West,Night,Monday,Sunny,High,Yes,7.0,30,20,217,7,5,High
4852,Fire,East,Evening,Friday,Cloudy,High,No,5.0,6,7,31,9,15,High
4853,Medical,Central,Night,Friday,Rainy,High,Yes,17.0,25,19,58,5,20,High
4854,Fire,Central,Night,Sunday,Rainy,High,Yes,9.0,12,16,387,4,19,High
4855,Accident,Central,Morning,Thursday,Sunny,High,No,19.0,23,13,369,9,12,High
4856,Fire,East,Morning,Thursday,Cloudy,High,Yes,14.0,10,13,53,9,12,High
4857,Fire,North,Morning,Thursday,Cloudy,Medium,No,10.0,28,27,279,8,15,High
4858,Medical,Central,Evening,Monday,Cloudy,Medium,No,9.0,14,15,342,1,6,Medium
4859,Fire,Central,Morning,Monday,Rainy,Medium,No,16.0,26,31,369,3,4,Medium
4860,Fire,Central,Night,Monday,Cloudy,Low,Yes,20.0,18,32,380,8,14,High
4861,Medical,Central,Afternoon,Tuesday,Sunny,Medium,Yes,17.0,13,31,334,6,18,High
4862,Accident,South,Night,Monday,Sunny,High,Yes,24.0,18,14,144,8,1,High
4863,Assault,South,Night,Wednesday,Sunny,High,No,20.0,27,34,78,4,8,Medium
4864,Theft,South,Afternoon,Friday,Rainy,Low,No,20.0,18,29,57,10,19,High
4865,Assault,West,Afternoon,Friday,Cloudy,Medium,No,18.0,10,20,484,4,11,High
4866,Theft,North,Night,Tuesday,Cloudy,High,No,24.0,27,24,414,3,12,High
4867,Medical,North,Morning,Friday,Cloudy,High,No,25.0,27,26,261,4,20,High
4868,Accident,North,Evening,Monday,Rainy,High,Yes,8.0,30,21,461,7,18,High
4869,Accident,East,Afternoon,Sunday,Rainy,Medium,Yes,10.0,16,35,258,5,14,High
4870,Theft,North,Night,Thursday,Cloudy,High,No,22.0,23,29,431,7,9,High
4871,Accident,West,Morning,Sunday,Rainy,Low,Yes,8.0,9,31,73,8,4,High
4872,Assault,East,Morning,Sunday,Rainy,Medium,No,18.0,5,12,6,1,4,Low
4873,Accident,North,Evening,Wednesday,Sunny,High,No,10.0,22,6,356,7,18,High
4874,Fire,North,Night,Wednesday,Sunny,Low,Yes,6.0,18,8,347,10,0,High
4875,Accident,Central,Evening,Friday,Sunny,High,Yes,24.0,7,26,314,7,19,High
4876,Assault,East,Afternoon,Tuesday,Sunny,Low,Yes,11.0,15,26,444,3,8,High
4877,Theft,South,Evening,Saturday,Sunny,Medium,No,22.0,14,21,381,5,17,High
4878,Medical,North,Evening,Thursday,Cloudy,Medium,Yes,9.0,6,19,308,10,6,High
4879,Medical,East,Morning,Monday,Rainy,Low,No,24.0,26,31,7,8,11,High
4880,Accident,North,Morning,Monday,Rainy,Low,Yes,7.0,21,35,334,2,2,Medium
4881,Theft,East,Evening,Tuesday,Cloudy,Medium,No,10.0,21,13,296,7,19,High
4882,Medical,East,Morning,Wednesday,Sunny,Low,No,10.0,5,15,259,3,18,High
4883,Theft,Central,Morning,Tuesday,Cloudy,Medium,Yes,4.0,22,16,165,1,12,Medium
4884,Accident,East,Morning,Friday,Rainy,Medium,Yes,14.0,28,30,360,5,17,High
4885,Accident,West,Morning,Friday,Sunny,Medium,Yes,20.0,18,26,448,10,7,High
4886,Theft,East,Night,Thursday,Sunny,Low,Yes,17.0,14,34,130,6,16,High
4887,Accident,West,Morning,Wednesday,Sunny,Low,Yes,15.0,5,23,427,1,11,Medium
4888,Accident,West,Night,Sunday,Sunny,Medium,Yes,4.0,18,29,470,4,10,High
4889,Assault,West,Evening,Thursday,Cloudy,High,Yes,19.0,16,27,317,6,0,Medium
4890,Assault,East,Afternoon,Thursday,Sunny,High,Yes,21.0,8,23,294,8,7,High
4891,Theft,Central,Morning,Monday,Sunny,Medium,No,5.0,27,28,167,4,4,Medium
4892,Fire,South,Morning,Monday,Sunny,High,Yes,12.0,10,20,255,5,2,Medium
4893,Fire,West,Night,Tuesday,Cloudy,High,Yes,16.0,29,12,224,3,20,High
4894,Theft,East,Evening,Tuesday,Sunny,Medium,Yes,3.0,24,19,486,4,7,High
4895,Fire,Central,Night,Wednesday,Cloudy,Low,No,9.0,30,16,159,4,12,High
4896,Medical,North,Evening,Friday,Sunny,Low,Yes,20.0,17,30,164,7,12,High
4897,Fire,Central,Morning,Wednesday,Rainy,Medium,Yes,21.0,26,26,465,6,17,High
4898,Assault,Central,Morning,Friday,Cloudy,Low,No,11.0,12,25,437,2,10,High
4899,Accident,Central,Morning,Wednesday,Cloudy,High,Yes,22.0,28,10,318,8,8,High
4900,Accident,North,Night,Monday,Sunny,Low,No,16.0,7,25,139,5,13,High
4901,Medical,Central,Evening,Wednesday,Rainy,High,No,15.0,17,31,213,6,4,High
4902,Assault,West,Night,Thursday,Rainy,High,No,24.0,17,18,398,4,20,High
4903,Accident,East,Afternoon,Tuesday,Cloudy,Low,No,8.0,26,18,307,10,1,High
4904,Medical,North,Night,Monday,Rainy,Medium,Yes,16.0,13,23,95,3,12,High
4905,Medical,North,Evening,Sunday,Sunny,Low,Yes,15.0,11,25,265,9,7,High
4906,Accident,West,Morning,Sunday,Sunny,Medium,Yes,9.0,7,16,43,6,20,High
4907,Accident,East,Night,Sunday,Cloudy,Low,No,12.0,20,16,249,3,16,High
4908,Assault,West,Morning,Friday,Cloudy,Medium,Yes,10.0,29,11,384,3,5,Medium
4909,Fire,North,Afternoon,Saturday,Cloudy,Medium,No,20.0,15,21,178,3,16,High
4910,Accident,North,Night,Tuesday,Cloudy,Medium,Yes,17.0,14,32,8,5,16,High
4911,Accident,West,Evening,Thursday,Rainy,High,Yes,6.0,28,35,322,10,13,High
4912,Accident,South,Evening,Monday,Sunny,High,Yes,10.0,28,22,64,7,16,High
4913,Medical,South,Evening,Monday,Rainy,Low,No,13.0,15,8,162,10,8,High
4914,Assault,North,Night,Monday,Cloudy,High,No,11.0,5,8,160,4,17,High
4915,Fire,South,Night,Saturday,Rainy,Low,Yes,12.0,14,24,311,5,3,Medium
4916,Accident,West,Morning,Thursday,Cloudy,Medium,Yes,15.0,24,10,420,2,11,High
4917,Assault,Central,Evening,Monday,Cloudy,High,Yes,10.0,11,34,452,6,15,High
4918,Theft,Central,Morning,Thursday,Sunny,High,No,23.0,20,8,137,4,2,Medium
4919,Theft,East,Evening,Monday,Rainy,High,No,24.0,14,26,329,8,3,High
4920,Assault,Central,Morning,Sunday,Rainy,Low,No,20.0,20,17,273,6,6,High
4921,Fire,Central,Morning,Thursday,Cloudy,Medium,Yes,19.0,6,20,372,7,2,High
4922,Medical,Central,Morning,Thursday,Sunny,Medium,No,9.0,25,5,366,8,5,High
4923,Theft,West,Morning,Wednesday,Rainy,High,Yes,3.0,12,5,129,5,10,High
4924,Fire,South,Morning,Monday,Sunny,Medium,No,19.0,7,34,315,10,1,High
4925,Fire,West,Afternoon,Sunday,Rainy,High,No,17.0,10,14,366,4,4,Medium
4926,Theft,East,Morning,Wednesday,Rainy,Low,No,7.0,25,28,135,1,6,Medium
4927,Accident,Central,Afternoon,Monday,Rainy,Low,No,8.0,18,27,168,4,4,Medium
4928,Accident,Central,Night,Wednesday,Sunny,Medium,Yes,14.0,8,16,394,4,9,High
4929,Fire,West,Evening,Monday,Cloudy,Medium,Yes,25.0,5,33,422,7,1,High
4930,Theft,North,Morning,Saturday,Sunny,Medium,No,6.0,17,22,336,5,7,High
4931,Accident,East,Afternoon,Thursday,Sunny,Low,No,23.0,29,14,159,7,1,Medium
4932,Fire,South,Evening,Tuesday,Rainy,Medium,Yes,21.0,26,15,277,3,20,High
4933,Accident,Central,Afternoon,Tuesday,Rainy,Low,No,13.0,23,23,331,9,19,High
4934,Medical,West,Night,Wednesday,Rainy,Medium,No,13.0,10,21,445,5,15,High
4935,Assault,South,Afternoon,Thursday,Rainy,Medium,No,19.0,26,25,84,2,16,High
4936,Theft,North,Afternoon,Tuesday,Cloudy,Low,Yes,4.0,11,9,396,6,14,High
4937,Accident,South,Morning,Wednesday,Rainy,High,Yes,18.0,16,17,330,4,16,High
4938,Medical,West,Afternoon,Friday,Cloudy,Low,No,17.0,14,18,148,6,10,High
4939,Accident,South,Evening,Tuesday,Sunny,Medium,Yes,9.0,6,16,191,3,9,High
4940,Assault,Central,Afternoon,Saturday,Rainy,Medium,Yes,15.0,18,5,101,8,9,High
4941,Medical,North,Morning,Monday,Sunny,Low,Yes,16.0,8,5,244,6,10,High
4942,Medical,East,Evening,Monday,Sunny,Low,No,25.0,9,17,456,3,3,Medium
4943,Medical,East,Evening,Monday,,,Yes,,11,13,263,10,7,High
4944,Fire,North,Evening,Wednesday,Rainy,Low,No,23.0,9,30,420,7,7,High
4945,Theft,Central,Night,Thursday,Cloudy,Medium,No,4.0,13,24,173,2,20,High
4946,Accident,Central,Morning,Tuesday,Sunny,Medium,No,5.0,26,11,257,9,1,High
4947,Fire,East,Evening,Sunday,Rainy,Medium,Yes,25.0,26,29,101,3,5,Medium
4948,Theft,North,Evening,Thursday,Sunny,High,No,21.0,27,16,99,4,12,High
4949,Accident,East,Evening,Wednesday,Sunny,Medium,No,25.0,22,10,91,4,6,Medium
4950,Fire,South,Evening,Thursday,Rainy,Low,Yes,23.0,17,4,328,7,5,High
4951,Medical,Central,Morning,Friday,Cloudy,Medium,Yes,22.0,22,31,319,1,19,High
4952,Medical,Central,Afternoon,Saturday,Cloudy,Low,Yes,16.0,20,29,357,8,17,High
4953,Assault,North,Afternoon,Tuesday,Cloudy,Low,Yes,24.0,19,21,149,10,17,High
4954,Theft,West,Evening,Friday,Rainy,Low,No,5.0,16,25,73,1,9,Medium
4955,Theft,South,Night,Thursday,Rainy,High,No,9.0,10,34,171,4,6,Medium
4956,Theft,West,Afternoon,Monday,Sunny,High,No,11.0,11,8,189,9,17,High
4957,Assault,South,Night,Saturday,Rainy,High,No,12.0,27,20,442,6,2,High
4958,Assault,North,Morning,Tuesday,Cloudy,Low,Yes,13.0,16,32,41,4,0,Low
4959,Medical,West,Night,Friday,Sunny,Medium,No,16.0,6,25,170,8,18,High
4960,Medical,East,Evening,Tuesday,Cloudy,Low,Yes,9.0,8,20,131,4,5,Medium
4961,Fire,North,Morning,Friday,Sunny,High,No,16.0,6,31,363,6,17,High
4962,Accident,North,Evening,Saturday,Sunny,Medium,Yes,22.0,23,11,335,1,18,High
4963,Theft,South,Evening,Thursday,,,Yes,,16,4,404,6,1,Medium
4964,Accident,North,Afternoon,Tuesday,Rainy,Medium,No,10.0,30,30,353,10,12,High
4965,Accident,East,Afternoon,Friday,Cloudy,Medium,Yes,25.0,12,15,164,3,8,Medium
4966,Assault,East,Evening,Tuesday,Rainy,High,Yes,3.0,22,9,65,5,8,High
4967,Fire,West,Night,Friday,Sunny,Low,Yes,19.0,25,25,359,10,12,High
4968,Accident,West,Night,Monday,Rainy,Low,Yes,6.0,10,13,332,9,17,High
4969,Medical,West,Morning,Friday,Rainy,High,Yes,3.0,10,4,412,10,15,High
4970,Theft,West,Evening,Saturday,Sunny,Low,Yes,24.0,15,8,444,6,3,High
4971,Fire,West,Night,Monday,Cloudy,Medium,Yes,24.0,16,17,29,8,4,High
4972,Accident,Central,Night,Tuesday,Rainy,Low,No,10.0,19,34,460,5,20,High
4973,Accident,South,Afternoon,Tuesday,Sunny,Low,Yes,4.0,26,11,253,2,4,Medium
4974,Accident,West,Evening,Monday,Sunny,Low,Yes,21.0,30,30,173,3,12,High
4975,Medical,East,Evening,Tuesday,Sunny,Medium,No,22.0,18,18,183,2,2,Low
4976,Medical,Central,Morning,Tuesday,Cloudy,High,No,12.0,11,5,45,4,11,High
4977,Accident,South,Night,Thursday,Rainy,Low,Yes,5.0,16,28,61,10,7,High
4978,Theft,East,Evening,Tuesday,Sunny,High,Yes,25.0,11,25,157,7,13,High
4979,Medical,East,Afternoon,Sunday,Cloudy,High,No,24.0,11,23,72,4,10,High
4980,Accident,West,Night,Wednesday,Cloudy,Low,Yes,25.0,13,30,291,10,6,High
4981,Theft,West,Evening,Monday,Rainy,Medium,Yes,24.0,24,35,91,6,3,Medium
4982,Theft,South,Evening,Wednesday,Rainy,High,Yes,5.0,15,21,101,3,20,High
4983,Assault,South,Afternoon,Thursday,Cloudy,Low,Yes,13.0,5,10,453,1,14,High
4984,Accident,South,Night,Friday,Cloudy,Medium,Yes,11.0,8,5,293,5,3,Medium
4985,Theft,South,Night,Wednesday,Cloudy,Medium,No,8.0,19,13,479,7,9,High
4986,Medical,West,Night,Saturday,Rainy,Medium,No,16.0,21,34,199,4,15,High
4987,Theft,North,Afternoon,Tuesday,Sunny,Low,No,19.0,18,16,198,3,19,High
4988,Assault,North,Afternoon,Saturday,Rainy,High,No,20.0,9,10,397,10,17,High
4989,Medical,East,Morning,Sunday,Cloudy,Medium,Yes,15.0,7,22,309,2,18,High
4990,Assault,North,Afternoon,Friday,,,No,,18,11,377,5,14,High
4991,Fire,Central,Night,Friday,Rainy,High,No,16.0,21,15,204,3,0,Low
4992,Assault,North,Evening,Friday,Sunny,High,Yes,3.0,23,28,158,2,2,Low
4993,Medical,Central,Evening,Sunday,Sunny,Medium,Yes,17.0,21,6,375,3,10,High
4994,Theft,North,Afternoon,Monday,Sunny,Medium,Yes,12.0,28,34,29,4,7,Medium
4995,Medical,East,Morning,Saturday,Cloudy,Low,Yes,7.0,12,27,426,1,20,High
4996,Fire,South,Evening,Saturday,Cloudy,Low,Yes,7.0,11,6,238,1,4,Low
4997,Theft,North,Morning,Tuesday,Cloudy,High,No,22.0,26,26,296,4,17,High
4998,Medical,South,Night,Friday,Rainy,Medium,No,20.0,26,33,471,8,7,High
4999,Medical,East,Afternoon,Tuesday,Cloudy,Medium,No,10.0,17,4,421,9,5,High
5000,Medical,West,Evening,Thursday,Rainy,Low,Yes,11.0,26,20,54,6,9,High
5001,Accident,Central,Evening,Sunday,Cloudy,High,Yes,15.0,21,8,80,7,0,Medium
5002,Medical,Central,Morning,Monday,Sunny,Low,Yes,7.0,6,15,259,10,14,High
5003,Accident,North,Morning,Sunday,Sunny,High,No,23.0,11,11,140,9,7,High
5004,Theft,West,Evening,Friday,Rainy,Low,No,9.0,5,25,211,10,7,High
5005,Medical,Central,Morning,Tuesday,Cloudy,High,No,17.0,8,14,123,5,5,Medium
5006,Medical,South,Night,Sunday,Sunny,Medium,Yes,16.0,7,28,391,5,3,Medium
5007,Fire,South,Afternoon,Friday,Sunny,Low,No,13.0,8,31,380,9,16,High
5008,Theft,North,Afternoon,Thursday,Rainy,Low,Yes,18.0,27,22,461,1,10,Medium
5009,Accident,South,Evening,Sunday,Cloudy,Low,No,22.0,13,11,437,7,10,High
5010,Medical,North,Morning,Thursday,Rainy,Medium,No,10.0,15,35,411,2,13,High
5011,Theft,South,Afternoon,Saturday,Cloudy,Low,Yes,11.0,30,34,422,7,16,High
5012,Accident,Central,Evening,Saturday,Sunny,Low,No,22.0,25,10,455,1,5,Medium
5013,Assault,North,Afternoon,Tuesday,Cloudy,Medium,Yes,4.0,8,22,42,9,3,High
5014,Medical,Central,Morning,Monday,Rainy,Low,Yes,15.0,21,14,325,6,18,High
5015,Theft,West,Night,Sunday,Rainy,Medium,Yes,13.0,18,18,355,3,7,Medium
5016,Assault,Central,Evening,Sunday,Rainy,High,No,15.0,22,15,232,3,3,Medium
5017,Accident,West,Night,Saturday,Sunny,Medium,Yes,22.0,11,18,280,2,2,Low
5018,Medical,North,Afternoon,Friday,Sunny,Low,Yes,18.0,12,4,332,1,8,Medium
5019,Accident,North,Evening,Saturday,Sunny,Low,No,25.0,14,15,361,2,2,Low
5020,Fire,East,Night,Tuesday,Rainy,High,Yes,21.0,19,22,159,5,12,High
5021,Medical,Central,Afternoon,Tuesday,Rainy,Medium,Yes,21.0,19,30,477,1,2,Low
5022,Theft,South,Morning,Tuesday,Sunny,Medium,No,22.0,16,9,133,1,3,Low
5023,Assault,West,Evening,Sunday,Rainy,Medium,Yes,3.0,17,10,37,7,15,High
5024,Medical,East,Morning,Friday,Sunny,High,No,19.0,20,12,477,1,19,High
5025,Accident,East,Morning,Wednesday,Rainy,Medium,Yes,7.0,12,21,202,10,19,High
5026,Medical,West,Afternoon,Saturday,Rainy,Low,Yes,8.0,7,18,256,5,14,High
5027,Medical,East,Morning,Thursday,Cloudy,High,Yes,3.0,26,21,39,10,13,High
5028,Theft,West,Night,Sunday,Cloudy,Medium,Yes,3.0,7,32,35,4,19,High
5029,Medical,Central,Afternoon,Sunday,Rainy,High,No,25.0,22,27,69,8,3,High
5030,Assault,North,Afternoon,Sunday,Rainy,Medium,No,18.0,6,27,414,1,9,Medium
5031,Accident,West,Night,Thursday,Rainy,Low,No,6.0,26,31,197,6,8,High
5032,Theft,West,Morning,Monday,Cloudy,High,Yes,5.0,8,12,396,8,3,High
5033,Medical,West,Night,Saturday,Cloudy,Low,No,21.0,11,27,321,6,16,High
5034,Assault,North,Evening,Monday,Cloudy,High,Yes,7.0,16,33,186,3,10,High
5035,Medical,North,Night,Monday,Cloudy,Medium,Yes,23.0,21,20,178,4,19,High
5036,Fire,Central,Night,Friday,Rainy,Low,Yes,9.0,13,13,420,1,8,Medium
5037,Fire,Central,Afternoon,Monday,Cloudy,Low,No,5.0,27,19,354,2,0,Low
5038,Medical,East,Morning,Monday,Rainy,Low,No,18.0,18,26,25,1,7,Low
5039,Medical,West,Morning,Saturday,Cloudy,High,Yes,7.0,16,32,171,7,0,Medium
5040,Medical,Central,Morning,Wednesday,Rainy,Low,No,4.0,9,33,167,10,19,High
5041,Medical,South,Night,Wednesday,Cloudy,High,Yes,22.0,29,11,440,10,2,High
5042,Assault,South,Night,Thursday,Cloudy,Medium,Yes,21.0,18,9,69,7,13,High
5043,Medical,East,Afternoon,Saturday,Rainy,High,Yes,13.0,10,30,470,8,14,High
5044,Medical,Central,Morning,Saturday,Cloudy,Medium,Yes,25.0,22,33,438,6,8,High
5045,Assault,North,Evening,Monday,Cloudy,Medium,No,8.0,30,32,133,3,10,High
5046,Accident,Central,Morning,Friday,Cloudy,High,No,16.0,10,20,21,6,10,High
5047,Theft,South,Morning,Friday,Sunny,High,No,25.0,16,5,265,8,18,High
5048,Fire,North,Morning,Tuesday,Rainy,High,No,25.0,7,23,225,1,8,Medium
5049,Accident,North,Evening,Thursday,,,No,,26,8,283,4,5,Medium
5050,Fire,West,Afternoon,Thursday,Sunny,Low,Yes,14.0,19,15,224,9,6,High
5051,Accident,East,Evening,Thursday,Cloudy,High,No,3.0,12,23,339,9,18,High
5052,Medical,East,Evening,Friday,Rainy,High,No,5.0,28,6,494,4,5,High
5053,Theft,West,Morning,Friday,Cloudy,Low,No,25.0,26,16,250,2,14,High
5054,Medical,Central,Evening,Monday,Sunny,Low,Yes,5.0,19,5,229,7,13,High
5055,Fire,North,Morning,Saturday,Cloudy,High,Yes,13.0,20,29,207,6,5,High
5056,Accident,North,Morning,Sunday,Sunny,Medium,No,14.0,19,25,270,3,0,Low
5057,Fire,North,Evening,Saturday,Rainy,Low,No,16.0,29,28,38,5,11,High
5058,Theft,West,Evening,Friday,Cloudy,Low,Yes,8.0,5,14,223,6,4,High
5059,Theft,North,Afternoon,Saturday,Rainy,High,No,13.0,11,33,359,10,0,High
5060,Fire,East,Afternoon,Sunday,Sunny,Low,No,8.0,5,17,495,1,14,High
5061,Medical,East,Night,Thursday,Cloudy,Medium,Yes,16.0,20,34,470,8,11,High
5062,Fire,West,Morning,Thursday,Rainy,Medium,No,12.0,21,22,142,3,3,Medium
5063,Medical,East,Night,Sunday,Rainy,Medium,Yes,19.0,15,32,224,5,11,High
5064,Accident,West,Afternoon,Sunday,,,No,,19,19,92,10,8,High
5065,Fire,East,Morning,Monday,Cloudy,Medium,No,7.0,10,35,205,2,11,High
5066,Accident,East,Night,Saturday,Rainy,Medium,No,11.0,25,8,202,9,7,High
5067,Theft,North,Afternoon,Monday,Cloudy,High,No,9.0,23,32,482,8,13,High
5068,Assault,Central,Night,Thursday,Cloudy,High,No,21.0,18,7,255,3,15,High
5069,Accident,West,Evening,Thursday,Sunny,Low,Yes,13.0,26,5,488,3,0,Medium
5070,Medical,West,Evening,Sunday,Sunny,Medium,Yes,16.0,15,9,108,7,8,High
5071,Medical,South,Night,Friday,Sunny,High,No,12.0,7,18,68,2,2,Low
5072,Assault,West,Morning,Sunday,Sunny,Medium,Yes,6.0,25,20,219,9,10,High
5073,Theft,North,Evening,Wednesday,Cloudy,Low,Yes,22.0,18,33,291,6,7,High
5074,Accident,East,Afternoon,Saturday,Cloudy,High,No,7.0,13,28,158,7,2,High
5075,Assault,Central,Afternoon,Tuesday,Sunny,Low,Yes,9.0,15,11,288,8,14,High
5076,Medical,North,Morning,Tuesday,Sunny,High,No,5.0,11,9,367,8,3,High
5077,Assault,East,Evening,Wednesday,Rainy,High,No,4.0,28,20,266,10,1,High
5078,Fire,Central,Morning,Tuesday,Sunny,High,Yes,9.0,9,15,149,4,20,High
5079,Medical,East,Afternoon,Wednesday,Cloudy,High,Yes,10.0,18,28,406,9,20,High
5080,Fire,South,Night,Wednesday,Cloudy,Medium,No,22.0,21,35,140,9,12,High
5081,Assault,North,Afternoon,Wednesday,Rainy,Medium,No,6.0,25,16,73,7,15,High
5082,Medical,North,Night,Thursday,Sunny,High,No,22.0,28,5,289,6,17,High
5083,Assault,East,Night,Saturday,Rainy,High,No,4.0,18,13,269,8,6,High
5084,Theft,South,Evening,Sunday,Sunny,High,Yes,12.0,17,19,138,3,8,Medium
5085,Medical,North,Morning,Saturday,Sunny,Low,Yes,17.0,14,19,485,10,5,High
5086,Fire,Central,Evening,Monday,Sunny,Medium,No,13.0,25,10,94,1,2,Low
5087,Accident,South,Afternoon,Thursday,Sunny,Low,No,6.0,27,28,167,1,9,Medium
5088,Theft,South,Afternoon,Tuesday,Cloudy,Medium,Yes,5.0,24,7,244,8,11,High
5089,Fire,South,Night,Thursday,Rainy,High,No,17.0,21,22,124,8,9,High
5090,Fire,South,Afternoon,Tuesday,Cloudy,High,No,10.0,7,7,140,7,20,High
5091,Fire,North,Evening,Friday,Rainy,High,Yes,25.0,18,34,125,5,14,High
5092,Medical,Central,Night,Friday,Sunny,Low,No,11.0,29,25,318,2,13,High
5093,Fire,East,Evening,Friday,Cloudy,High,Yes,24.0,26,9,48,4,4,Medium
5094,Accident,North,Afternoon,Sunday,Rainy,Medium,Yes,3.0,20,11,87,10,6,High
5095,Accident,East,Evening,Wednesday,Cloudy,Medium,No,17.0,20,15,231,7,1,Medium
5096,Theft,East,Night,Sunday,Cloudy,Medium,Yes,5.0,8,18,494,10,14,High
5097,Assault,East,Evening,Friday,Cloudy,Medium,Yes,7.0,14,14,345,2,1,Low
5098,Accident,Central,Afternoon,Saturday,Sunny,Low,Yes,16.0,21,22,485,10,8,High
5099,Medical,West,Afternoon,Thursday,Sunny,High,Yes,20.0,26,26,439,4,11,High
5100,Medical,South,Night,Wednesday,Sunny,Low,Yes,8.0,20,8,180,8,1,High
5101,Assault,South,Night,Thursday,Cloudy,High,No,17.0,10,5,121,3,17,High
5102,Medical,Central,Morning,Saturday,Cloudy,High,Yes,4.0,17,24,494,10,15,High
5103,Fire,South,Evening,Thursday,Sunny,Low,No,24.0,25,21,421,10,12,High
5104,Theft,North,Morning,Monday,Cloudy,Low,Yes,5.0,8,34,89,1,2,Low
5105,Theft,Central,Afternoon,Friday,Cloudy,Medium,No,10.0,9,14,29,3,11,High
5106,Assault,West,Morning,Sunday,Rainy,Low,Yes,19.0,5,22,271,1,18,High
5107,Assault,East,Morning,Sunday,Sunny,Medium,Yes,20.0,10,20,147,2,15,High
5108,Assault,Central,Evening,Thursday,Cloudy,Medium,Yes,16.0,15,7,23,10,12,High
5109,Fire,East,Morning,Tuesday,Cloudy,Medium,No,6.0,18,5,239,3,6,Medium
5110,Theft,East,Afternoon,Sunday,Rainy,Low,No,7.0,28,33,202,1,6,Medium
5111,Assault,East,Night,Friday,Rainy,Medium,No,23.0,28,24,417,10,8,High
5112,Assault,Central,Morning,Wednesday,Sunny,High,No,24.0,28,20,396,7,20,High
5113,Fire,West,Evening,Tuesday,Rainy,High,No,3.0,27,11,9,1,0,Low
5114,Fire,Central,Afternoon,Tuesday,Sunny,Low,No,3.0,29,34,375,8,3,High
5115,Fire,South,Afternoon,Saturday,Sunny,Medium,No,10.0,20,31,354,9,7,High
5116,Assault,West,Evening,Thursday,Cloudy,Medium,No,11.0,8,34,60,1,10,Medium
5117,Accident,Central,Morning,Sunday,Sunny,High,No,4.0,6,5,22,2,20,High
5118,Medical,South,Afternoon,Wednesday,Cloudy,High,Yes,18.0,24,19,330,3,8,Medium
5119,Fire,North,Evening,Saturday,Rainy,High,No,15.0,23,28,29,5,4,Medium
5120,Accident,West,Evening,Thursday,Rainy,Low,Yes,3.0,21,34,25,9,20,High
5121,Assault,North,Evening,Wednesday,Rainy,Medium,No,20.0,9,16,261,2,7,Medium
5122,Fire,Central,Evening,Saturday,Cloudy,Medium,Yes,23.0,22,9,54,1,6,Low
5123,Fire,West,Evening,Wednesday,Rainy,Low,Yes,8.0,24,18,482,9,9,High
5124,Theft,North,Morning,Thursday,Rainy,Low,No,10.0,12,35,442,8,14,High
5125,Fire,West,Afternoon,Monday,Cloudy,Low,Yes,21.0,20,9,178,1,9,Medium
5126,Accident,West,Morning,Thursday,Cloudy,Low,No,23.0,20,33,85,7,20,High
5127,Medical,East,Night,Thursday,Sunny,Low,Yes,22.0,17,4,259,2,13,High
5128,Assault,East,Night,Wednesday,Sunny,Medium,Yes,5.0,27,5,296,9,4,High
5129,Assault,South,Morning,Wednesday,Cloudy,Low,No,13.0,12,16,300,1,15,High
5130,Assault,East,Night,Friday,Rainy,Low,No,24.0,17,11,49,10,16,High
5131,Fire,South,Morning,Thursday,Cloudy,High,Yes,21.0,17,21,338,6,8,High
5132,Theft,North,Afternoon,Sunday,,,Yes,,29,19,397,6,10,High
5133,Accident,East,Morning,Saturday,Sunny,High,No,14.0,17,19,398,9,14,High
5134,Medical,South,Night,Saturday,Sunny,Medium,No,20.0,12,9,149,4,17,High
5135,Medical,South,Afternoon,Friday,Sunny,High,Yes,12.0,6,35,402,9,6,High
5136,Theft,North,Morning,Tuesday,Rainy,Low,Yes,5.0,20,32,340,7,15,High
5137,Assault,East,Evening,Thursday,Rainy,Low,No,10.0,18,8,494,1,15,High
5138,Theft,North,Morning,Sunday,Sunny,Low,Yes,11.0,25,4,34,10,16,High
5139,Accident,Central,Morning,Wednesday,Sunny,Low,Yes,8.0,28,11,31,4,20,High
5140,Accident,Central,Morning,Friday,Sunny,Medium,No,21.0,10,10,428,4,20,High
5141,Assault,East,Evening,Thursday,Sunny,High,No,10.0,25,32,137,3,9,Medium
5142,Fire,West,Evening,Friday,Rainy,Medium,No,6.0,16,16,288,7,18,High
5143,Medical,West,Morning,Friday,Sunny,High,Yes,21.0,8,22,477,1,20,High
5144,Assault,East,Night,Monday,Cloudy,Medium,No,10.0,21,12,404,9,7,High
5145,Assault,Central,Morning,Thursday,Cloudy,High,Yes,7.0,17,29,455,9,2,High
5146,Assault,East,Night,Sunday,Rainy,High,No,24.0,5,31,446,8,14,High
5147,Medical,West,Night,Thursday,Rainy,Low,Yes,17.0,19,24,431,6,19,High
5148,Medical,South,Afternoon,Saturday,Cloudy,Low,No,13.0,6,30,463,1,14,High
5149,Assault,East,Morning,Saturday,Cloudy,Low,No,21.0,12,21,429,4,7,High
5150,Theft,West,Afternoon,Saturday,Cloudy,Medium,No,15.0,15,32,288,8,16,High
5151,Fire,South,Morning,Tuesday,Sunny,Low,No,7.0,7,33,2,7,11,High
5152,Medical,Central,Morning,Tuesday,Cloudy,High,Yes,24.0,22,14,409,9,14,High
5153,Assault,Central,Afternoon,Monday,Cloudy,High,Yes,13.0,29,35,337,10,11,High
5154,Medical,North,Night,Tuesday,Sunny,High,Yes,17.0,24,8,417,8,1,High
5155,Accident,Central,Morning,Friday,Rainy,Medium,No,10.0,29,23,380,6,9,High
5156,Assault,North,Morning,Saturday,Rainy,Low,No,12.0,22,29,327,1,17,High
5157,Fire,East,Afternoon,Thursday,Rainy,High,Yes,13.0,23,28,271,10,20,High
5158,Assault,South,Evening,Monday,Cloudy,High,No,16.0,9,29,129,10,3,High
5159,Fire,North,Evening,Sunday,Rainy,Medium,No,4.0,7,19,287,3,15,High
5160,Theft,West,Morning,Monday,Rainy,Medium,Yes,5.0,21,33,33,1,19,High
5161,Fire,South,Morning,Tuesday,Sunny,High,No,19.0,24,5,244,1,2,Low
5162,Theft,North,Night,Tuesday,Rainy,Low,No,9.0,14,28,161,1,1,Low
5163,Accident,East,Evening,Monday,Sunny,Low,Yes,11.0,18,26,467,5,2,Medium
5164,Medical,North,Evening,Saturday,Rainy,Medium,Yes,5.0,18,23,187,6,18,High
5165,Medical,West,Evening,Friday,Rainy,Medium,Yes,15.0,11,18,354,1,6,Medium
5166,Fire,East,Morning,Monday,Cloudy,Low,No,11.0,11,24,229,1,9,Medium
5167,Assault,West,Night,Sunday,Cloudy,High,No,11.0,19,5,119,6,12,High
5168,Theft,East,Evening,Tuesday,Rainy,Medium,No,6.0,11,20,260,8,20,High
5169,Fire,East,Morning,Friday,Sunny,High,No,5.0,26,24,395,5,18,High
5170,Theft,West,Afternoon,Friday,Sunny,High,No,5.0,21,21,494,4,11,High
5171,Theft,North,Morning,Wednesday,Cloudy,High,Yes,9.0,9,33,187,7,3,High
5172,Assault,North,Morning,Friday,Sunny,High,Yes,10.0,21,20,220,3,8,Medium
5173,Fire,Central,Afternoon,Saturday,Sunny,Medium,Yes,6.0,17,17,25,6,19,High
5174,Accident,West,Morning,Monday,Cloudy,High,Yes,7.0,22,31,299,6,7,High
5175,Theft,North,Night,Tuesday,Sunny,High,Yes,7.0,21,17,294,5,3,Medium
5176,Accident,North,Night,Thursday,Cloudy,Low,No,22.0,10,21,109,9,20,High
5177,Theft,West,Morning,Monday,Rainy,Low,Yes,24.0,27,31,205,8,3,High
5178,Fire,East,Afternoon,Monday,Rainy,Low,No,21.0,8,19,117,4,10,High
5179,Accident,East,Morning,Sunday,Rainy,High,Yes,17.0,28,12,86,7,17,High
5180,Assault,North,Night,Friday,Sunny,High,Yes,11.0,30,32,130,10,3,High
5181,Assault,Central,Afternoon,Sunday,Sunny,Medium,Yes,7.0,14,22,275,2,20,High
5182,Medical,West,Evening,Saturday,Cloudy,High,No,18.0,5,17,67,7,19,High
5183,Accident,South,Night,Tuesday,Rainy,High,Yes,9.0,9,12,73,4,5,Medium
5184,Theft,East,Evening,Tuesday,Cloudy,Medium,No,8.0,15,20,263,7,2,High
5185,Assault,East,Morning,Thursday,Rainy,Medium,Yes,3.0,13,20,178,8,19,High
5186,Medical,East,Morning,Thursday,Cloudy,Medium,Yes,3.0,16,33,138,5,2,Medium
5187,Accident,East,Evening,Saturday,Cloudy,Low,No,21.0,12,12,112,6,5,High
5188,Theft,Central,Night,Thursday,Rainy,Medium,No,21.0,16,24,61,6,18,High
5189,Assault,North,Night,Thursday,Sunny,Medium,Yes,6.0,28,24,368,3,17,High
5190,Accident,South,Night,Thursday,Sunny,Medium,No,8.0,10,5,362,2,13,High
5191,Medical,South,Night,Monday,Rainy,Low,Yes,8.0,14,20,475,9,15,High
5192,Medical,North,Afternoon,Monday,Cloudy,Medium,Yes,20.0,9,7,166,1,13,Medium
5193,Medical,South,Evening,Tuesday,Cloudy,Low,Yes,8.0,10,6,257,10,16,High
5194,Accident,West,Morning,Tuesday,Sunny,High,Yes,9.0,25,26,141,10,4,High
5195,Fire,East,Morning,Monday,,,Yes,,23,4,444,8,18,High
5196,Accident,West,Afternoon,Wednesday,Cloudy,High,No,20.0,30,12,246,3,19,High
5197,Fire,East,Morning,Friday,,,No,,12,15,87,4,13,High
5198,Medical,North,Night,Monday,Rainy,Low,No,3.0,12,34,329,8,1,High
5199,Medical,Central,Evening,Sunday,Cloudy,Low,Yes,12.0,17,4,168,9,4,High
5200,Fire,Central,Night,Thursday,Sunny,Low,No,14.0,7,15,168,9,3,High
5201,Theft,East,Morning,Tuesday,Rainy,Medium,No,6.0,8,32,296,5,8,High
5202,Theft,South,Evening,Friday,Cloudy,Medium,No,25.0,16,5,242,4,4,Medium
5203,Fire,Central,Night,Friday,Cloudy,Medium,No,11.0,29,18,354,9,6,High
5204,Medical,Central,Evening,Sunday,Rainy,Low,No,24.0,10,25,172,2,9,Medium
5205,Assault,North,Morning,Saturday,Cloudy,High,Yes,18.0,6,6,344,8,20,High
5206,Accident,Central,Afternoon,Monday,Cloudy,Medium,Yes,10.0,17,18,188,4,6,Medium
5207,Accident,East,Night,Thursday,Sunny,Low,No,13.0,29,9,137,4,0,Medium
5208,Theft,East,Evening,Tuesday,Sunny,Low,No,4.0,17,11,278,4,14,High
5209,Assault,East,Evening,Monday,Rainy,Low,Yes,25.0,8,13,132,10,19,High
5210,Accident,South,Morning,Tuesday,Rainy,Medium,Yes,16.0,14,11,335,7,12,High
5211,Theft,North,Morning,Thursday,Sunny,High,Yes,21.0,22,7,359,1,2,Low
5212,Accident,East,Evening,Monday,Cloudy,High,Yes,10.0,10,28,141,3,8,Medium
5213,Accident,North,Night,Friday,Sunny,Medium,No,23.0,26,25,250,10,16,High
5214,Fire,East,Evening,Friday,Cloudy,Medium,Yes,20.0,30,6,206,4,18,High
5215,Medical,North,Morning,Monday,Sunny,Medium,No,22.0,13,7,500,1,9,Medium
5216,Fire,South,Morning,Thursday,Rainy,High,Yes,5.0,24,17,314,7,17,High
5217,Theft,West,Evening,Monday,Rainy,High,Yes,12.0,5,19,410,7,12,High
5218,Assault,West,Morning,Monday,Cloudy,Low,No,19.0,8,7,143,7,0,Medium
5219,Medical,South,Morning,Friday,Rainy,Medium,Yes,6.0,5,24,193,10,11,High
5220,Medical,South,Afternoon,Monday,Cloudy,Medium,No,11.0,16,26,149,8,18,High
5221,Accident,West,Morning,Sunday,Sunny,Medium,Yes,11.0,23,19,376,7,10,High
5222,Fire,South,Morning,Monday,Cloudy,Medium,Yes,23.0,28,28,241,1,20,High
5223,Assault,West,Afternoon,Tuesday,Cloudy,Low,No,23.0,29,11,12,4,15,High
5224,Medical,North,Afternoon,Saturday,Rainy,Medium,No,20.0,8,9,470,6,16,High
5225,Assault,Central,Evening,Wednesday,Sunny,Medium,No,6.0,22,5,452,2,11,High
5226,Accident,Central,Night,Thursday,Rainy,Medium,Yes,4.0,13,12,223,8,0,High
5227,Assault,Central,Evening,Monday,Cloudy,Medium,Yes,12.0,16,23,174,3,8,Medium
5228,Theft,Central,Morning,Wednesday,Rainy,High,No,3.0,7,20,294,5,19,High
5229,Fire,North,Night,Wednesday,Sunny,High,No,16.0,10,27,439,5,18,High
5230,Assault,West,Night,Thursday,Rainy,High,Yes,24.0,6,33,407,4,18,High
5231,Theft,East,Night,Friday,Cloudy,Medium,Yes,8.0,5,19,330,5,9,High
5232,Fire,East,Evening,Sunday,Sunny,Medium,No,20.0,7,10,472,7,11,High
5233,Medical,West,Morning,Sunday,Sunny,High,Yes,10.0,15,6,120,9,13,High
5234,Fire,Central,Afternoon,Wednesday,Sunny,Medium,Yes,16.0,18,14,236,3,3,Medium
5235,Accident,East,Morning,Sunday,Sunny,Low,No,17.0,10,30,237,2,20,High
5236,Fire,West,Morning,Monday,Cloudy,High,Yes,23.0,30,20,98,2,10,Medium
5237,Theft,South,Evening,Sunday,Cloudy,Low,Yes,7.0,25,7,104,4,20,High
5238,Theft,West,Morning,Friday,Cloudy,Medium,Yes,18.0,28,23,425,5,12,High
5239,Medical,South,Evening,Sunday,Rainy,Low,No,13.0,17,22,58,4,2,Medium
5240,Fire,West,Evening,Friday,Sunny,Low,No,19.0,13,19,99,6,3,Medium
5241,Medical,West,Morning,Thursday,Rainy,Low,Yes,16.0,13,27,421,3,18,High
5242,Medical,Central,Morning,Thursday,Sunny,Low,Yes,8.0,8,31,107,1,4,Low
5243,Theft,South,Evening,Monday,Sunny,Low,Yes,13.0,20,20,426,2,10,High
5244,Medical,North,Evening,Wednesday,Cloudy,High,No,23.0,7,34,149,4,0,Low
5245,Medical,West,Afternoon,Wednesday,Sunny,Medium,No,16.0,28,28,452,6,15,High
5246,Theft,South,Evening,Wednesday,Cloudy,Medium,No,6.0,28,12,53,2,15,High
5247,Medical,South,Afternoon,Monday,Sunny,Low,Yes,13.0,17,26,324,2,14,High
5248,Assault,West,Evening,Tuesday,Sunny,High,Yes,10.0,19,9,92,5,4,Medium
5249,Fire,North,Morning,Monday,Rainy,Low,Yes,22.0,24,32,470,6,2,High
5250,Theft,West,Night,Thursday,Cloudy,Medium,Yes,22.0,26,17,386,8,0,High
5251,Theft,North,Morning,Monday,Cloudy,Low,Yes,5.0,20,19,325,1,3,Low
5252,Theft,East,Evening,Sunday,Rainy,Medium,No,4.0,15,15,201,5,1,Medium
5253,Fire,West,Afternoon,Tuesday,Rainy,High,Yes,9.0,22,26,46,6,0,Medium
5254,Accident,South,Afternoon,Wednesday,Rainy,High,Yes,22.0,5,14,464,10,5,High
5255,Accident,West,Night,Sunday,Rainy,Medium,No,22.0,28,31,396,8,13,High
5256,Accident,West,Afternoon,Sunday,Sunny,Low,No,22.0,10,10,293,4,11,High
5257,Medical,North,Morning,Thursday,Sunny,High,No,11.0,19,20,351,6,7,High
5258,Fire,South,Evening,Saturday,Rainy,High,No,20.0,10,13,279,8,3,High
5259,Assault,Central,Evening,Wednesday,Rainy,Low,No,20.0,14,26,233,5,9,High
5260,Medical,Central,Morning,Wednesday,Sunny,Medium,Yes,14.0,19,12,61,3,20,High
5261,Accident,South,Afternoon,Thursday,Rainy,Medium,No,9.0,30,9,33,8,7,High
5262,Accident,East,Evening,Saturday,Cloudy,Low,No,9.0,28,26,483,2,4,Medium
5263,Theft,West,Night,Thursday,Cloudy,High,Yes,9.0,19,15,399,10,3,High
5264,Fire,Central,Afternoon,Wednesday,Rainy,High,No,24.0,19,5,484,1,19,High
5265,Medical,North,Afternoon,Friday,Sunny,High,Yes,13.0,11,11,27,3,15,High
5266,Fire,Central,Evening,Friday,,,No,,5,32,431,9,6,High
5267,Accident,North,Morning,Wednesday,Rainy,Low,No,15.0,21,11,186,1,1,Low
5268,Theft,West,Night,Tuesday,Cloudy,Medium,Yes,23.0,18,14,171,9,12,High
5269,Accident,West,Evening,Monday,Cloudy,Medium,No,6.0,14,21,118,5,16,High
5270,Accident,West,Afternoon,Tuesday,Cloudy,Medium,No,4.0,7,22,105,6,20,High
5271,Fire,South,Morning,Friday,Cloudy,High,No,3.0,7,12,146,6,10,High
5272,Accident,Central,Afternoon,Monday,Cloudy,High,Yes,5.0,9,7,52,9,6,High
5273,Theft,South,Evening,Monday,Rainy,Medium,No,23.0,10,13,290,1,4,Low
5274,Medical,South,Afternoon,Thursday,Cloudy,Medium,No,24.0,17,16,225,10,1,High
5275,Assault,South,Evening,Saturday,Rainy,High,No,24.0,5,34,31,5,0,Low
5276,Theft,South,Morning,Tuesday,Rainy,Medium,Yes,14.0,23,5,188,3,19,High
5277,Fire,West,Evening,Thursday,Rainy,High,Yes,13.0,12,20,61,1,5,Low
5278,Assault,East,Evening,Monday,Sunny,High,Yes,18.0,25,25,32,8,13,High
5279,Medical,East,Evening,Sunday,Cloudy,Medium,Yes,8.0,8,8,264,5,5,High
5280,Fire,North,Night,Sunday,Cloudy,High,No,14.0,15,18,456,1,11,High
5281,Accident,North,Evening,Friday,Sunny,High,No,7.0,17,22,163,6,0,Medium
5282,Medical,Central,Afternoon,Friday,Sunny,High,No,7.0,22,22,237,1,5,Medium
5283,Theft,West,Evening,Sunday,Cloudy,Low,No,19.0,5,10,259,7,18,High
5284,Fire,South,Night,Monday,Rainy,Low,No,9.0,6,24,489,5,9,High
5285,Assault,East,Afternoon,Monday,Sunny,High,No,3.0,19,14,335,4,14,High
5286,Assault,Central,Afternoon,Friday,Rainy,Medium,Yes,22.0,14,4,94,1,20,High
5287,Accident,Central,Morning,Saturday,Rainy,Medium,Yes,19.0,16,10,477,1,8,Medium
5288,Accident,North,Evening,Thursday,,,Yes,,14,6,285,5,14,High
5289,Theft,East,Night,Friday,Cloudy,Low,Yes,17.0,20,26,441,9,16,High
5290,Theft,West,Evening,Saturday,Sunny,Medium,No,9.0,19,6,59,10,20,High
5291,Assault,Central,Morning,Wednesday,Sunny,Medium,Yes,10.0,5,23,354,7,7,High
5292,Assault,East,Morning,Thursday,Rainy,Low,No,17.0,17,35,155,9,4,High
5293,Medical,East,Night,Tuesday,Cloudy,Medium,Yes,15.0,29,32,470,5,13,High
5294,Theft,West,Evening,Friday,Rainy,Low,No,15.0,7,11,152,7,7,High
5295,Accident,West,Afternoon,Wednesday,Rainy,High,Yes,6.0,18,35,464,2,15,High
5296,Theft,North,Morning,Monday,Sunny,High,Yes,8.0,15,9,375,5,6,High
5297,Accident,North,Morning,Monday,Sunny,High,Yes,21.0,26,8,402,2,8,Medium
5298,Assault,East,Morning,Wednesday,Cloudy,Medium,No,23.0,19,23,413,1,2,Low
5299,Fire,North,Afternoon,Wednesday,Rainy,High,Yes,7.0,11,7,302,2,8,Medium
5300,Assault,North,Afternoon,Thursday,Cloudy,High,No,3.0,21,5,439,5,15,High
5301,Fire,East,Evening,Tuesday,Cloudy,Medium,No,16.0,27,22,138,8,6,High
5302,Accident,East,Night,Thursday,Rainy,High,Yes,15.0,24,10,486,1,5,Medium
5303,Fire,South,Morning,Saturday,Cloudy,High,No,21.0,19,13,248,1,5,Low
5304,Accident,East,Evening,Tuesday,Cloudy,Medium,No,25.0,12,17,261,1,13,Medium
5305,Fire,Central,Evening,Thursday,Cloudy,High,Yes,21.0,25,5,282,1,5,Low
5306,Assault,Central,Afternoon,Thursday,Cloudy,Low,No,11.0,5,13,286,3,9,High
5307,Accident,West,Morning,Wednesday,Rainy,Medium,No,22.0,14,10,497,9,8,High
5308,Assault,North,Night,Monday,Cloudy,Low,Yes,18.0,25,14,178,2,7,Medium
5309,Fire,Central,Night,Friday,Sunny,Medium,No,24.0,5,4,76,9,0,High
5310,Accident,South,Morning,Friday,Sunny,Low,Yes,11.0,18,24,72,9,20,High
5311,Assault,Central,Morning,Tuesday,Rainy,High,Yes,19.0,22,10,62,3,4,Medium
5312,Fire,South,Evening,Wednesday,Sunny,Medium,Yes,10.0,10,35,368,3,4,Medium
5313,Accident,Central,Evening,Friday,Cloudy,Low,Yes,19.0,11,9,436,7,1,High
5314,Assault,West,Morning,Friday,Cloudy,High,No,7.0,10,23,352,4,6,High
5315,Fire,South,Morning,Tuesday,Cloudy,Low,No,25.0,8,29,24,2,16,High
5316,Accident,East,Evening,Wednesday,Rainy,Low,Yes,5.0,29,20,367,6,5,High
5317,Accident,East,Afternoon,Tuesday,Cloudy,Medium,No,11.0,21,35,15,8,1,High
5318,Theft,Central,Afternoon,Sunday,Rainy,Medium,Yes,18.0,13,27,17,4,6,Medium
5319,Medical,South,Morning,Saturday,Rainy,Medium,Yes,4.0,17,4,376,3,1,Medium
5320,Medical,East,Night,Thursday,Sunny,High,No,18.0,29,27,383,7,12,High
5321,Fire,Central,Afternoon,Thursday,Cloudy,Low,Yes,10.0,12,25,431,8,7,High
5322,Accident,West,Evening,Saturday,Rainy,Medium,Yes,12.0,30,7,274,4,18,High
5323,Theft,West,Night,Tuesday,Rainy,High,Yes,19.0,8,13,87,10,14,High
5324,Accident,South,Night,Wednesday,Rainy,Low,No,14.0,10,14,409,10,19,High
5325,Assault,North,Morning,Monday,Rainy,Medium,No,7.0,6,9,460,4,14,High
5326,Assault,South,Evening,Monday,Sunny,Medium,No,17.0,19,22,356,6,12,High
5327,Assault,North,Night,Thursday,Cloudy,Medium,Yes,11.0,27,6,444,5,9,High
5328,Fire,North,Morning,Friday,Sunny,Low,No,12.0,29,12,10,4,5,Medium
5329,Accident,East,Morning,Sunday,Sunny,High,Yes,18.0,30,11,460,2,17,High
5330,Accident,East,Afternoon,Monday,,,Yes,,5,16,398,1,7,Medium
5331,Accident,Central,Morning,Sunday,Cloudy,High,No,14.0,30,5,78,2,18,High
5332,Fire,Central,Afternoon,Sunday,Rainy,High,Yes,17.0,12,12,290,6,18,High
5333,Fire,Central,Morning,Saturday,Sunny,Medium,Yes,19.0,12,29,303,10,4,High
5334,Fire,North,Afternoon,Friday,Sunny,Medium,Yes,17.0,22,30,142,1,13,Medium
5335,Theft,West,Night,Saturday,Cloudy,High,No,20.0,17,34,387,10,8,High
5336,Medical,East,Morning,Monday,Sunny,Medium,No,21.0,7,11,140,5,8,High
5337,Fire,North,Morning,Friday,Cloudy,Low,No,13.0,15,33,226,3,5,Medium
5338,Theft,South,Afternoon,Saturday,Cloudy,Medium,Yes,12.0,10,18,173,3,16,High
5339,Fire,West,Afternoon,Tuesday,Sunny,Low,No,8.0,8,26,354,8,11,High
5340,Medical,South,Night,Thursday,Rainy,Medium,No,15.0,17,18,148,4,2,Medium
5341,Assault,North,Evening,Tuesday,Cloudy,Medium,No,17.0,8,21,239,3,14,High
5342,Medical,West,Afternoon,Wednesday,Cloudy,High,No,12.0,29,7,327,6,14,High
5343,Assault,South,Afternoon,Friday,Sunny,Medium,No,6.0,18,22,259,10,15,High
5344,Medical,North,Morning,Sunday,Sunny,Low,Yes,13.0,12,4,200,4,0,Medium
5345,Medical,South,Night,Tuesday,Rainy,High,No,20.0,12,11,436,8,15,High
5346,Fire,South,Afternoon,Wednesday,Sunny,High,Yes,18.0,26,7,301,2,17,High
5347,Fire,West,Evening,Saturday,Rainy,Medium,No,22.0,26,13,102,10,7,High
5348,Assault,Central,Night,Saturday,Cloudy,Low,No,12.0,20,14,372,6,9,High
5349,Theft,West,Evening,Monday,Rainy,Medium,No,24.0,28,33,409,5,14,High
5350,Assault,North,Afternoon,Thursday,Rainy,High,Yes,11.0,9,4,292,8,18,High
5351,Accident,Central,Afternoon,Monday,Cloudy,Medium,No,5.0,22,12,232,4,12,High
5352,Fire,North,Afternoon,Thursday,Sunny,Medium,Yes,5.0,10,8,15,10,19,High
5353,Assault,South,Afternoon,Saturday,Rainy,High,Yes,5.0,6,15,223,6,15,High
5354,Medical,East,Evening,Tuesday,Rainy,High,Yes,13.0,18,12,103,10,6,High
5355,Fire,East,Afternoon,Monday,Sunny,Medium,Yes,11.0,5,10,95,9,16,High
5356,Medical,North,Afternoon,Wednesday,Rainy,High,No,5.0,22,14,24,3,18,High
5357,Fire,North,Night,Tuesday,Cloudy,High,No,19.0,11,5,221,7,14,High
5358,Theft,South,Night,Thursday,Cloudy,High,No,9.0,20,26,315,1,19,High
5359,Assault,Central,Morning,Friday,Rainy,Medium,Yes,23.0,8,28,58,9,9,High
5360,Medical,West,Evening,Tuesday,Cloudy,Medium,Yes,19.0,28,21,79,10,0,High
5361,Accident,Central,Afternoon,Saturday,Rainy,Low,Yes,14.0,17,22,135,10,1,High
5362,Medical,Central,Night,Tuesday,Sunny,Medium,No,14.0,10,32,428,1,14,High
5363,Theft,South,Afternoon,Thursday,Sunny,Medium,No,8.0,15,19,25,6,4,Medium
5364,Fire,North,Night,Friday,Rainy,High,Yes,14.0,15,4,347,5,18,High
5365,Fire,Central,Night,Thursday,Cloudy,Medium,Yes,18.0,19,13,129,6,13,High
5366,Fire,Central,Morning,Thursday,Rainy,Low,No,13.0,7,30,6,10,14,High
5367,Assault,South,Night,Saturday,Sunny,Low,Yes,3.0,24,6,319,8,9,High
5368,Assault,North,Evening,Saturday,Cloudy,Medium,No,20.0,5,17,200,8,8,High
5369,Assault,East,Morning,Saturday,Rainy,High,No,22.0,7,27,13,5,5,Medium
5370,Fire,Central,Afternoon,Sunday,Rainy,High,No,23.0,13,15,154,9,2,High
5371,Accident,North,Morning,Saturday,Rainy,Medium,No,7.0,23,18,364,1,4,Medium
5372,Accident,Central,Evening,Thursday,Sunny,Medium,Yes,10.0,22,6,213,4,19,High
5373,Assault,East,Afternoon,Monday,Rainy,Low,No,24.0,27,10,118,5,10,High
5374,Accident,West,Afternoon,Saturday,Sunny,Medium,No,20.0,26,20,451,2,1,Low
5375,Assault,East,Morning,Friday,Cloudy,High,No,6.0,29,15,499,10,12,High
5376,Medical,Central,Night,Friday,Cloudy,Low,No,13.0,11,34,172,6,16,High
5377,Accident,North,Morning,Friday,Cloudy,High,No,4.0,24,29,264,7,20,High
5378,Fire,North,Night,Saturday,Rainy,High,No,25.0,20,16,330,5,9,High
5379,Theft,West,Morning,Friday,Cloudy,Medium,No,12.0,20,33,163,5,14,High
5380,Medical,East,Night,Wednesday,Cloudy,Low,Yes,24.0,11,23,370,9,16,High
5381,Accident,West,Evening,Tuesday,Rainy,Medium,Yes,12.0,7,8,362,8,11,High
5382,Assault,West,Morning,Friday,Sunny,Medium,Yes,14.0,17,14,477,2,20,High
5383,Medical,East,Evening,Thursday,Sunny,Low,No,7.0,5,6,414,8,18,High
5384,Accident,Central,Afternoon,Sunday,Sunny,Low,No,4.0,17,29,478,5,13,High
5385,Fire,South,Morning,Wednesday,Cloudy,Low,Yes,9.0,21,16,169,6,17,High
5386,Medical,South,Morning,Sunday,Rainy,Medium,No,19.0,15,14,436,6,9,High
5387,Theft,North,Morning,Monday,Sunny,High,Yes,18.0,24,32,107,6,8,High
5388,Assault,West,Morning,Thursday,Cloudy,Low,No,9.0,10,30,21,1,0,Low
5389,Assault,South,Night,Saturday,Rainy,Medium,No,25.0,23,8,158,5,19,High
5390,Accident,North,Morning,Tuesday,Sunny,High,Yes,12.0,29,14,76,1,19,High
5391,Accident,Central,Afternoon,Thursday,Sunny,High,No,14.0,11,33,490,6,6,High
5392,Accident,South,Afternoon,Tuesday,Cloudy,Low,Yes,6.0,17,14,382,7,12,High
5393,Assault,West,Evening,Wednesday,Rainy,Low,Yes,24.0,6,11,392,1,15,High
5394,Assault,East,Morning,Thursday,Cloudy,Low,Yes,11.0,23,11,287,5,12,High
5395,Fire,East,Night,Thursday,Sunny,Low,No,10.0,8,24,492,3,6,Medium
5396,Assault,East,Morning,Wednesday,Sunny,Medium,No,3.0,29,18,37,5,20,High
5397,Fire,Central,Night,Saturday,Sunny,High,Yes,25.0,17,15,376,9,13,High
5398,Medical,West,Afternoon,Wednesday,,,Yes,,10,22,271,8,12,High
5399,Accident,Central,Evening,Tuesday,Rainy,Low,No,24.0,24,9,73,2,2,Low
5400,Accident,East,Night,Monday,Rainy,High,No,3.0,7,28,188,10,7,High
5401,Accident,South,Morning,Monday,Sunny,Low,Yes,21.0,8,20,185,5,18,High
5402,Theft,South,Night,Monday,Rainy,Low,Yes,3.0,25,32,280,9,15,High
5403,Assault,Central,Night,Friday,Rainy,Medium,Yes,3.0,6,22,490,3,3,Medium
5404,Accident,East,Afternoon,Wednesday,Cloudy,Medium,No,19.0,14,31,21,2,1,Low
5405,Accident,East,Evening,Sunday,Sunny,Medium,Yes,8.0,10,7,197,9,4,High
5406,Medical,South,Night,Sunday,Cloudy,Low,No,18.0,11,13,178,1,12,Medium
5407,Fire,South,Evening,Sunday,Cloudy,High,Yes,11.0,26,35,427,1,12,High
5408,Theft,West,Evening,Saturday,Sunny,Low,No,24.0,26,25,324,9,18,High
5409,Theft,West,Night,Tuesday,Rainy,Low,Yes,4.0,14,16,248,8,0,High
5410,Accident,South,Afternoon,Tuesday,Cloudy,Medium,Yes,20.0,10,33,176,6,6,High
5411,Accident,Central,Afternoon,Thursday,Sunny,High,Yes,16.0,30,17,173,3,1,Low
5412,Accident,West,Night,Wednesday,Sunny,Low,Yes,5.0,13,30,439,4,0,Medium
5413,Fire,North,Afternoon,Friday,Rainy,Low,Yes,5.0,22,24,168,10,9,High
5414,Fire,South,Morning,Wednesday,Sunny,High,Yes,11.0,29,21,355,2,0,Low
5415,Theft,North,Night,Thursday,Cloudy,Medium,No,11.0,6,30,301,10,7,High
5416,Fire,East,Afternoon,Sunday,Rainy,Medium,No,24.0,14,13,168,6,16,High
5417,Accident,East,Afternoon,Friday,Sunny,Medium,No,13.0,16,31,181,9,14,High
5418,Accident,South,Night,Sunday,Rainy,Medium,No,22.0,11,13,12,6,2,Medium
5419,Assault,North,Evening,Tuesday,Sunny,High,Yes,8.0,7,31,440,3,5,Medium
5420,Fire,North,Afternoon,Saturday,Rainy,Medium,No,17.0,7,22,312,5,17,High
5421,Theft,East,Afternoon,Friday,Rainy,High,Yes,6.0,10,20,319,8,7,High
5422,Accident,South,Afternoon,Saturday,Rainy,Low,No,5.0,20,25,76,7,7,High
5423,Assault,East,Evening,Friday,Sunny,Medium,No,16.0,11,7,240,8,20,High
5424,Accident,Central,Night,Tuesday,Cloudy,Low,Yes,15.0,24,8,154,6,20,High
5425,Accident,East,Afternoon,Friday,Cloudy,High,Yes,13.0,21,10,386,8,16,High
5426,Assault,East,Morning,Wednesday,Rainy,Low,Yes,16.0,8,5,273,7,14,High
5427,Theft,West,Evening,Sunday,Cloudy,High,Yes,14.0,30,10,486,6,11,High
5428,Theft,East,Morning,Monday,Rainy,Low,No,22.0,17,10,267,9,12,High
5429,Assault,Central,Afternoon,Saturday,Sunny,Medium,No,3.0,7,15,304,3,14,High
5430,Theft,East,Morning,Sunday,Sunny,Medium,No,8.0,6,28,332,3,8,High
5431,Accident,South,Night,Friday,Sunny,High,Yes,13.0,13,19,313,7,0,Medium
5432,Medical,North,Afternoon,Saturday,Sunny,Low,No,25.0,19,9,420,10,9,High
5433,Assault,East,Afternoon,Monday,Sunny,Low,Yes,10.0,9,25,17,2,15,High
5434,Accident,West,Evening,Sunday,Sunny,Low,No,19.0,24,7,441,4,9,High
5435,Assault,South,Morning,Sunday,Sunny,High,No,4.0,25,21,397,3,2,Medium
5436,Medical,South,Evening,Monday,Cloudy,Medium,No,23.0,7,35,447,8,0,High
5437,Fire,North,Afternoon,Wednesday,Rainy,Medium,Yes,9.0,8,10,186,5,19,High
5438,Fire,East,Morning,Wednesday,,,Yes,,13,10,298,10,15,High
5439,Theft,Central,Night,Saturday,Sunny,High,No,11.0,29,34,460,8,13,High
5440,Theft,East,Evening,Tuesday,Cloudy,Medium,Yes,25.0,8,16,210,4,17,High
5441,Accident,Central,Evening,Wednesday,Cloudy,Medium,Yes,3.0,19,20,426,8,4,High
5442,Assault,North,Afternoon,Monday,Cloudy,Low,No,17.0,28,34,68,3,5,Medium
5443,Assault,Central,Afternoon,Sunday,Cloudy,High,No,7.0,15,15,448,7,15,High
5444,Assault,West,Night,Wednesday,Cloudy,Low,Yes,14.0,8,6,462,5,8,High
5445,Fire,East,Evening,Tuesday,Cloudy,Medium,Yes,9.0,5,30,436,1,17,High
5446,Assault,East,Evening,Tuesday,Sunny,Medium,Yes,11.0,10,25,350,1,16,High
5447,Accident,Central,Night,Friday,Cloudy,High,Yes,21.0,19,12,108,6,8,High
5448,Fire,South,Night,Thursday,Rainy,High,No,10.0,15,5,83,3,10,Medium
5449,Assault,North,Afternoon,Thursday,Sunny,Medium,No,10.0,21,20,4,10,6,High
5450,Theft,South,Morning,Monday,Cloudy,Medium,Yes,7.0,10,15,373,8,10,High
5451,Fire,Central,Night,Saturday,Sunny,High,No,7.0,6,16,110,3,8,Medium
5452,Fire,North,Evening,Saturday,Cloudy,Medium,Yes,14.0,6,7,471,6,6,High
5453,Fire,West,Evening,Friday,Rainy,High,No,15.0,18,21,102,9,12,High
5454,Theft,South,Evening,Wednesday,Rainy,High,No,21.0,20,24,37,10,19,High
5455,Assault,South,Night,Sunday,Rainy,High,No,22.0,17,35,357,4,5,Medium
5456,Theft,West,Night,Thursday,Sunny,Low,No,5.0,21,29,278,3,6,Medium
5457,Theft,East,Evening,Saturday,Sunny,Medium,Yes,4.0,24,9,406,3,16,High
5458,Accident,Central,Morning,Monday,Cloudy,High,No,17.0,5,26,311,5,14,High
5459,Assault,West,Evening,Monday,Sunny,Medium,No,14.0,25,21,484,1,13,High
5460,Fire,East,Morning,Tuesday,Cloudy,Low,No,3.0,19,26,500,5,19,High
5461,Accident,Central,Evening,Thursday,Rainy,Low,No,21.0,11,18,212,6,5,High
5462,Medical,East,Night,Thursday,Sunny,Medium,No,25.0,11,7,79,9,4,High
5463,Theft,South,Evening,Friday,Cloudy,High,Yes,24.0,29,31,210,8,11,High
5464,Assault,West,Night,Friday,Cloudy,High,Yes,11.0,8,23,397,4,9,High
5465,Medical,North,Evening,Saturday,Cloudy,Low,No,14.0,26,14,301,9,4,High
5466,Medical,North,Afternoon,Monday,Cloudy,Low,No,23.0,25,14,386,4,10,High
5467,Assault,Central,Night,Sunday,Cloudy,Medium,Yes,25.0,13,20,216,9,14,High
5468,Theft,West,Evening,Wednesday,Sunny,High,Yes,5.0,22,9,2,3,14,High
5469,Medical,West,Morning,Saturday,Sunny,Medium,Yes,18.0,26,9,386,7,19,High
5470,Accident,North,Morning,Friday,Cloudy,High,No,11.0,5,26,285,10,14,High
5471,Theft,West,Evening,Tuesday,Rainy,Low,No,13.0,26,11,274,10,20,High
5472,Accident,North,Afternoon,Sunday,Sunny,High,No,12.0,5,22,73,3,14,High
5473,Theft,Central,Morning,Monday,Cloudy,Low,No,9.0,25,33,290,9,20,High
5474,Theft,North,Evening,Saturday,Cloudy,Low,No,10.0,7,11,350,8,8,High
5475,Accident,Central,Night,Tuesday,Rainy,Low,Yes,7.0,22,26,19,7,3,High
5476,Assault,West,Morning,Wednesday,Cloudy,Low,No,5.0,5,31,27,6,16,High
5477,Theft,West,Evening,Tuesday,Cloudy,High,Yes,9.0,15,21,307,8,0,High
5478,Medical,Central,Night,Thursday,Cloudy,High,Yes,21.0,21,21,437,4,11,High
5479,Theft,South,Morning,Tuesday,Sunny,Medium,No,12.0,29,22,368,9,13,High
5480,Theft,West,Afternoon,Thursday,Sunny,Low,No,23.0,11,35,180,1,19,High
5481,Assault,North,Morning,Tuesday,Cloudy,High,No,25.0,30,17,201,3,8,Medium
5482,Fire,Central,Evening,Thursday,Cloudy,Medium,No,18.0,8,31,363,1,10,Medium
5483,Accident,West,Morning,Wednesday,,,No,,23,31,253,9,1,High
5484,Theft,North,Night,Sunday,Rainy,High,No,23.0,16,29,126,9,16,High
5485,Medical,Central,Evening,Tuesday,Cloudy,Low,No,17.0,30,32,471,9,13,High
5486,Theft,South,Night,Monday,Cloudy,High,Yes,9.0,24,17,231,10,10,High
5487,Theft,East,Night,Saturday,Rainy,Low,Yes,10.0,30,29,194,3,0,Low
5488,Fire,West,Morning,Thursday,Sunny,High,No,17.0,28,4,274,7,6,High
5489,Assault,North,Afternoon,Monday,Rainy,Medium,No,3.0,19,22,276,6,17,High
5490,Fire,West,Afternoon,Thursday,Sunny,High,Yes,13.0,18,28,168,5,12,High
5491,Fire,South,Morning,Wednesday,Sunny,Low,Yes,7.0,30,12,470,4,19,High
5492,Theft,East,Night,Friday,Cloudy,High,Yes,21.0,22,15,252,4,19,High
5493,Fire,East,Night,Sunday,Cloudy,High,Yes,5.0,10,18,371,8,1,High
5494,Medical,North,Morning,Tuesday,Cloudy,Low,Yes,25.0,28,26,323,8,15,High
5495,Assault,North,Evening,Wednesday,Rainy,Medium,Yes,5.0,12,17,80,10,0,High
5496,Accident,Central,Morning,Monday,Sunny,High,Yes,4.0,28,34,456,9,10,High
5497,Accident,Central,Afternoon,Friday,Sunny,Medium,Yes,16.0,23,31,69,9,6,High
5498,Fire,South,Afternoon,Sunday,Sunny,Medium,No,3.0,27,5,123,2,17,High
5499,Accident,West,Night,Monday,Cloudy,Medium,No,5.0,14,7,484,4,12,High
5500,Theft,North,Night,Saturday,Cloudy,High,No,20.0,8,11,45,7,10,High
5501,Theft,Central,Night,Saturday,Cloudy,High,No,8.0,10,19,409,3,18,High
5502,Theft,North,Morning,Saturday,Cloudy,High,Yes,23.0,25,13,298,9,6,High
5503,Assault,East,Night,Friday,Sunny,Low,Yes,10.0,9,13,247,1,5,Medium
5504,Medical,Central,Afternoon,Wednesday,Rainy,Medium,Yes,11.0,8,4,456,10,9,High
5505,Medical,East,Morning,Sunday,Rainy,High,No,12.0,9,21,128,6,15,High
5506,Fire,Central,Afternoon,Friday,Cloudy,High,Yes,18.0,6,13,135,9,15,High
5507,Theft,Central,Morning,Monday,Rainy,High,Yes,5.0,16,32,29,2,19,High
5508,Fire,East,Morning,Monday,Cloudy,High,Yes,25.0,30,15,228,10,18,High
5509,Fire,North,Morning,Thursday,Sunny,Medium,No,4.0,15,28,74,5,11,High
5510,Assault,Central,Night,Monday,Cloudy,Medium,No,20.0,19,33,459,5,2,Medium
5511,Theft,East,Afternoon,Sunday,Cloudy,Medium,No,21.0,18,12,225,9,5,High
5512,Theft,North,Morning,Friday,Cloudy,Low,No,4.0,7,23,322,9,2,High
5513,Accident,North,Morning,Thursday,,,Yes,,6,28,326,10,5,High
5514,Theft,East,Night,Monday,Rainy,Medium,No,13.0,9,5,459,6,3,High
5515,Medical,East,Morning,Thursday,Cloudy,Low,No,4.0,21,23,13,10,11,High
5516,Theft,Central,Night,Friday,Cloudy,Medium,No,12.0,20,17,414,3,1,Medium
5517,Accident,North,Afternoon,Tuesday,Cloudy,Low,No,8.0,10,20,198,3,7,Medium
5518,Theft,South,Night,Saturday,Rainy,Low,Yes,8.0,26,8,334,9,1,High
5519,Fire,East,Morning,Thursday,Sunny,Medium,No,13.0,22,12,123,3,6,Medium
5520,Fire,Central,Night,Sunday,Sunny,Medium,Yes,18.0,6,16,380,2,11,High
5521,Fire,East,Morning,Saturday,Cloudy,High,Yes,10.0,15,21,52,7,9,High
5522,Accident,West,Evening,Saturday,Sunny,Low,Yes,24.0,15,32,423,5,11,High
5523,Medical,North,Morning,Wednesday,Cloudy,High,No,9.0,6,25,140,1,0,Low
5524,Accident,Central,Morning,Saturday,Cloudy,High,No,16.0,9,13,176,4,0,Medium
5525,Fire,West,Afternoon,Tuesday,Sunny,Low,Yes,23.0,29,20,33,10,18,High
5526,Accident,East,Night,Sunday,Cloudy,Medium,Yes,25.0,21,28,447,10,6,High
5527,Accident,South,Evening,Sunday,Rainy,High,Yes,3.0,25,5,457,3,4,Medium
5528,Accident,West,Evening,Monday,Cloudy,Low,No,5.0,11,15,305,8,11,High
5529,Theft,North,Evening,Monday,Cloudy,Medium,Yes,16.0,8,14,51,10,8,High
5530,Assault,North,Morning,Saturday,Sunny,High,Yes,17.0,19,8,10,5,0,Medium
5531,Fire,South,Morning,Wednesday,Rainy,Low,Yes,10.0,14,31,438,2,14,High
5532,Assault,East,Afternoon,Sunday,Cloudy,Medium,Yes,13.0,11,10,403,10,14,High
5533,Theft,South,Evening,Friday,Sunny,Medium,No,11.0,5,7,479,3,5,Medium
5534,Theft,South,Afternoon,Friday,Rainy,High,No,10.0,15,6,43,9,17,High
5535,Assault,Central,Evening,Sunday,Sunny,Low,No,21.0,20,27,500,1,16,High
5536,Assault,East,Afternoon,Monday,Cloudy,Medium,Yes,24.0,6,14,322,2,17,High
5537,Fire,East,Evening,Thursday,Rainy,High,Yes,12.0,7,28,364,9,16,High
5538,Medical,South,Morning,Wednesday,Rainy,Low,No,16.0,24,16,330,8,19,High
5539,Fire,North,Evening,Tuesday,Rainy,High,No,14.0,27,16,3,8,8,High
5540,Assault,Central,Night,Wednesday,Rainy,Low,Yes,21.0,22,13,58,9,11,High
5541,Fire,Central,Morning,Tuesday,Sunny,Low,Yes,6.0,13,4,465,8,6,High
5542,Accident,North,Night,Wednesday,Rainy,High,No,5.0,7,11,114,1,19,High
5543,Fire,East,Evening,Saturday,Cloudy,Medium,Yes,8.0,7,30,406,9,13,High
5544,Accident,East,Morning,Sunday,Cloudy,Low,Yes,12.0,13,34,171,1,6,Medium
5545,Assault,North,Afternoon,Thursday,Cloudy,Low,No,23.0,22,10,75,9,16,High
5546,Assault,North,Evening,Thursday,Sunny,Medium,No,18.0,12,13,275,9,0,High
5547,Fire,Central,Night,Tuesday,Sunny,Low,Yes,12.0,18,30,73,5,17,High
5548,Assault,North,Evening,Friday,Rainy,Low,Yes,7.0,29,12,269,4,7,High
5549,Accident,East,Evening,Friday,Sunny,Medium,No,3.0,10,28,496,8,9,High
5550,Theft,North,Morning,Friday,Rainy,High,No,8.0,12,19,475,9,1,High
5551,Accident,South,Afternoon,Thursday,Sunny,Medium,No,13.0,28,9,374,9,0,High
5552,Assault,North,Morning,Saturday,Sunny,Low,No,21.0,13,21,24,10,18,High
5553,Assault,North,Afternoon,Tuesday,Rainy,Medium,No,5.0,28,22,209,1,4,Low
5554,Accident,East,Evening,Sunday,Cloudy,Medium,Yes,18.0,6,14,408,4,7,High
5555,Accident,West,Night,Saturday,Sunny,High,Yes,6.0,13,11,323,5,17,High
5556,Fire,Central,Night,Thursday,Rainy,Low,No,21.0,9,13,469,8,8,High
5557,Medical,South,Night,Wednesday,Rainy,High,No,6.0,23,4,328,2,8,Medium
5558,Accident,North,Night,Thursday,Sunny,Low,No,14.0,23,13,192,5,13,High
5559,Assault,North,Afternoon,Monday,Rainy,Medium,Yes,9.0,16,18,213,4,9,High
5560,Medical,South,Morning,Wednesday,Sunny,High,No,23.0,6,25,256,1,1,Low
5561,Assault,East,Evening,Thursday,Rainy,Medium,No,5.0,6,15,77,4,7,Medium
5562,Fire,East,Afternoon,Monday,Rainy,Low,Yes,15.0,17,35,309,5,6,High
5563,Accident,North,Afternoon,Sunday,Cloudy,High,Yes,19.0,23,33,24,5,5,Medium
5564,Accident,West,Afternoon,Wednesday,,,No,,27,29,466,5,19,High
5565,Assault,South,Night,Thursday,Sunny,High,Yes,13.0,14,13,84,7,3,High
5566,Assault,North,Morning,Thursday,Rainy,Medium,Yes,4.0,7,17,377,7,15,High
5567,Assault,East,Evening,Sunday,Sunny,Medium,No,6.0,27,33,406,3,4,Medium
5568,Accident,South,Afternoon,Thursday,Cloudy,Medium,No,3.0,29,21,246,8,5,High
5569,Fire,East,Afternoon,Friday,Rainy,High,Yes,7.0,19,29,52,10,13,High
5570,Fire,South,Morning,Thursday,Cloudy,Medium,Yes,4.0,19,15,114,7,1,Medium
5571,Theft,North,Night,Friday,Sunny,High,No,10.0,24,15,443,6,13,High
5572,Assault,South,Evening,Saturday,Cloudy,Low,Yes,21.0,21,34,197,3,20,High
5573,Accident,East,Night,Friday,Rainy,Low,Yes,22.0,19,17,433,6,20,High
5574,Assault,Central,Afternoon,Friday,Sunny,High,No,22.0,26,20,151,10,14,High
5575,Medical,West,Afternoon,Friday,Rainy,High,No,7.0,28,6,199,2,13,High
5576,Fire,Central,Night,Thursday,Sunny,Medium,Yes,18.0,19,31,332,4,13,High
5577,Accident,East,Morning,Wednesday,Sunny,High,No,3.0,5,32,123,8,12,High
5578,Theft,North,Night,Wednesday,Sunny,High,Yes,19.0,12,7,364,2,6,Medium
5579,Assault,West,Night,Monday,Cloudy,Low,No,18.0,24,4,416,1,20,High
5580,Theft,South,Morning,Tuesday,Cloudy,Low,Yes,16.0,18,20,362,7,2,High
5581,Assault,West,Morning,Saturday,Rainy,Medium,Yes,24.0,14,22,464,3,5,Medium
5582,Assault,South,Night,Wednesday,Rainy,Low,No,20.0,18,29,358,8,11,High
5583,Fire,Central,Evening,Monday,Cloudy,High,Yes,9.0,11,15,279,4,16,High
5584,Assault,East,Evening,Thursday,Rainy,Medium,Yes,22.0,7,33,397,3,12,High
5585,Theft,West,Morning,Saturday,Rainy,Medium,No,21.0,22,20,108,8,10,High
5586,Assault,East,Afternoon,Friday,Rainy,Medium,No,7.0,18,21,25,3,19,High
5587,Assault,Central,Morning,Thursday,Sunny,High,Yes,22.0,7,31,57,8,16,High
5588,Assault,West,Night,Saturday,Sunny,Low,Yes,17.0,23,34,15,1,2,Low
5589,Accident,South,Afternoon,Friday,Sunny,Low,Yes,23.0,12,31,8,3,0,Low
5590,Theft,South,Evening,Wednesday,Cloudy,High,No,7.0,5,23,164,6,5,High
5591,Fire,East,Evening,Sunday,Cloudy,Low,No,6.0,9,5,325,3,20,High
5592,Accident,East,Evening,Tuesday,Rainy,High,No,21.0,30,29,41,2,6,Medium
5593,Assault,East,Evening,Monday,Cloudy,High,Yes,13.0,18,18,228,2,12,High
5594,Accident,West,Afternoon,Monday,Cloudy,High,Yes,22.0,30,34,76,7,16,High
5595,Accident,South,Afternoon,Friday,Cloudy,Medium,No,3.0,17,10,147,2,6,Medium
5596,Assault,Central,Morning,Friday,Cloudy,Low,Yes,24.0,23,5,21,8,19,High
5597,Assault,North,Morning,Tuesday,Cloudy,Medium,No,11.0,14,7,37,8,1,High
5598,Medical,East,Morning,Tuesday,Cloudy,Low,Yes,4.0,17,33,277,7,19,High
5599,Accident,South,Night,Wednesday,Sunny,High,No,22.0,30,6,408,8,15,High
5600,Theft,South,Night,Saturday,Rainy,Low,Yes,8.0,23,32,374,4,8,High
5601,Fire,South,Night,Saturday,Cloudy,High,No,11.0,7,20,2,9,0,High
5602,Fire,South,Morning,Monday,Cloudy,High,No,11.0,29,12,64,5,0,Medium
5603,Fire,East,Night,Friday,Sunny,High,Yes,8.0,27,16,280,6,12,High
5604,Assault,East,Night,Thursday,Rainy,Medium,Yes,5.0,7,22,440,5,5,High
5605,Theft,East,Night,Monday,Rainy,Low,Yes,5.0,27,20,360,3,10,High
5606,Medical,South,Evening,Thursday,Cloudy,High,No,7.0,8,33,144,3,7,Medium
5607,Fire,North,Morning,Sunday,Rainy,Medium,No,4.0,12,24,237,2,8,Medium
5608,Accident,North,Night,Friday,Rainy,Medium,No,7.0,20,17,439,2,14,High
5609,Theft,East,Morning,Friday,Cloudy,High,Yes,15.0,11,4,117,2,5,Medium
5610,Fire,North,Afternoon,Tuesday,Rainy,Low,No,9.0,6,13,315,3,16,High
5611,Theft,West,Afternoon,Friday,Rainy,Low,Yes,9.0,25,30,404,6,1,High
5612,Accident,North,Afternoon,Friday,Rainy,Low,No,17.0,11,21,72,7,16,High
5613,Assault,Central,Afternoon,Monday,Rainy,Low,Yes,13.0,22,28,275,3,10,High
5614,Medical,West,Night,Sunday,Rainy,High,No,9.0,28,22,263,8,13,High
5615,Accident,South,Morning,Monday,Sunny,High,No,4.0,18,26,69,2,16,High
5616,Assault,West,Evening,Friday,Rainy,Low,Yes,6.0,15,28,41,4,12,High
5617,Medical,Central,Morning,Monday,Rainy,Low,Yes,7.0,24,13,38,5,3,Medium
5618,Assault,Central,Night,Wednesday,Cloudy,Medium,No,23.0,10,20,323,9,10,High
5619,Medical,Central,Evening,Friday,Cloudy,High,Yes,13.0,15,20,23,6,16,High
5620,Medical,Central,Evening,Friday,Cloudy,High,No,12.0,12,34,294,7,1,High
5621,Assault,Central,Morning,Friday,Cloudy,Medium,No,15.0,6,13,433,5,0,Medium
5622,Fire,North,Night,Thursday,Rainy,Low,Yes,7.0,8,5,177,1,20,High
5623,Theft,South,Afternoon,Tuesday,Sunny,Medium,No,5.0,15,18,490,9,16,High
5624,Medical,South,Evening,Tuesday,Cloudy,Medium,Yes,7.0,23,35,32,8,11,High
5625,Fire,South,Evening,Tuesday,Sunny,Low,No,21.0,25,10,480,3,14,High
5626,Theft,East,Morning,Thursday,Sunny,Medium,No,19.0,30,20,388,9,17,High
5627,Theft,East,Evening,Saturday,Rainy,Medium,No,7.0,26,11,71,3,3,Medium
5628,Theft,North,Night,Sunday,Cloudy,Low,Yes,16.0,27,8,75,1,9,Medium
5629,Fire,North,Evening,Monday,Cloudy,Medium,No,18.0,20,35,53,8,7,High
5630,Accident,North,Afternoon,Saturday,Sunny,High,No,18.0,10,7,229,1,6,Medium
5631,Theft,West,Evening,Thursday,Cloudy,High,Yes,3.0,8,14,146,1,9,Medium
5632,Accident,North,Morning,Tuesday,Cloudy,Low,No,5.0,13,25,103,5,12,High
5633,Assault,West,Night,Wednesday,Rainy,Medium,No,19.0,18,31,43,4,5,Medium
5634,Fire,South,Afternoon,Monday,Cloudy,Medium,Yes,24.0,11,28,496,10,16,High
5635,Medical,West,Morning,Monday,Rainy,Medium,Yes,9.0,7,4,260,7,11,High
5636,Assault,South,Afternoon,Wednesday,Rainy,Medium,Yes,23.0,27,14,241,9,1,High
5637,Theft,Central,Afternoon,Tuesday,Sunny,Medium,Yes,11.0,10,25,157,2,12,High
5638,Assault,West,Afternoon,Tuesday,Sunny,Medium,Yes,16.0,25,23,211,10,18,High
5639,Medical,South,Morning,Tuesday,Sunny,Low,No,25.0,27,14,443,5,18,High
5640,Medical,East,Night,Monday,Rainy,Medium,Yes,5.0,21,29,475,1,12,High
5641,Medical,East,Afternoon,Thursday,Sunny,Medium,Yes,3.0,16,30,130,8,11,High
5642,Fire,East,Morning,Tuesday,Rainy,Medium,Yes,23.0,29,8,142,4,7,Medium
5643,Theft,East,Evening,Monday,Rainy,Low,No,11.0,20,31,307,2,14,High
5644,Accident,West,Afternoon,Thursday,Sunny,Medium,Yes,25.0,26,30,148,2,4,Low
5645,Assault,South,Evening,Thursday,Rainy,Medium,Yes,10.0,5,5,207,5,9,High
5646,Medical,South,Night,Wednesday,Rainy,Medium,No,5.0,11,34,397,6,6,High
5647,Fire,East,Afternoon,Wednesday,Sunny,Medium,No,18.0,20,34,401,10,7,High
5648,Theft,South,Afternoon,Thursday,Sunny,Low,No,24.0,20,30,91,2,17,High
5649,Medical,North,Evening,Saturday,Sunny,Medium,Yes,17.0,19,22,314,10,17,High
5650,Theft,East,Morning,Friday,Rainy,Medium,Yes,14.0,17,9,434,3,14,High
5651,Medical,North,Morning,Thursday,Sunny,Medium,No,15.0,21,21,166,3,16,High
5652,Medical,West,Evening,Monday,Sunny,Low,No,14.0,17,16,483,2,12,High
5653,Assault,Central,Night,Sunday,Rainy,Medium,No,7.0,21,5,57,5,11,High
5654,Theft,South,Afternoon,Tuesday,Rainy,Low,No,21.0,17,12,59,1,13,Medium
5655,Fire,West,Evening,Thursday,Cloudy,Low,Yes,10.0,26,8,205,1,11,Medium
5656,Fire,Central,Morning,Wednesday,Rainy,High,No,14.0,25,8,151,6,7,High
5657,Fire,East,Morning,Wednesday,Sunny,Low,No,14.0,24,27,363,4,17,High
5658,Assault,West,Morning,Wednesday,Cloudy,High,Yes,3.0,28,29,404,6,2,High
5659,Fire,Central,Morning,Wednesday,Cloudy,High,Yes,8.0,25,20,162,10,18,High
5660,Theft,North,Night,Friday,Cloudy,Medium,No,18.0,6,14,80,3,11,High
5661,Medical,North,Evening,Friday,Cloudy,High,No,22.0,26,15,83,1,17,High
5662,Assault,Central,Morning,Sunday,Rainy,Medium,Yes,24.0,23,10,455,6,13,High
5663,Medical,South,Afternoon,Thursday,Rainy,High,No,5.0,15,19,412,7,2,High
5664,Fire,North,Afternoon,Wednesday,Cloudy,Low,No,12.0,19,22,303,5,6,High
5665,Assault,North,Morning,Sunday,Rainy,Medium,No,13.0,30,29,281,8,8,High
5666,Accident,North,Evening,Thursday,Cloudy,Medium,No,16.0,5,28,331,9,2,High
5667,Medical,West,Morning,Sunday,Rainy,High,No,18.0,22,14,15,7,2,Medium
5668,Fire,West,Night,Saturday,Cloudy,High,Yes,12.0,22,5,9,4,14,High
5669,Medical,Central,Evening,Thursday,Rainy,Low,Yes,6.0,23,31,104,8,0,High
5670,Medical,Central,Evening,Tuesday,Cloudy,Medium,No,23.0,17,24,150,8,11,High
5671,Assault,Central,Evening,Monday,Rainy,Medium,No,25.0,22,5,432,5,7,High
5672,Accident,West,Night,Friday,Cloudy,Medium,Yes,17.0,11,8,182,10,11,High
5673,Theft,South,Afternoon,Sunday,Sunny,Medium,No,16.0,7,16,42,9,11,High
5674,Medical,West,Afternoon,Sunday,Cloudy,Medium,No,15.0,27,22,305,4,2,Medium
5675,Accident,West,Morning,Friday,Sunny,High,No,14.0,23,30,238,9,12,High
5676,Theft,Central,Night,Sunday,Cloudy,Medium,Yes,11.0,6,31,497,6,7,High
5677,Accident,East,Morning,Thursday,Sunny,Low,Yes,13.0,18,17,412,2,15,High
5678,Assault,Central,Night,Friday,Rainy,Medium,Yes,15.0,30,15,302,1,3,Low
5679,Fire,South,Night,Tuesday,Rainy,Low,Yes,25.0,12,17,404,8,16,High
5680,Assault,Central,Morning,Sunday,Sunny,Low,Yes,8.0,14,16,212,10,16,High
5681,Fire,West,Night,Monday,Rainy,Medium,Yes,25.0,24,32,243,7,17,High
5682,Medical,Central,Afternoon,Saturday,Cloudy,High,No,3.0,7,14,371,5,14,High
5683,Theft,West,Morning,Wednesday,Sunny,Low,No,15.0,13,28,150,6,2,Medium
5684,Theft,North,Evening,Wednesday,Rainy,Medium,No,20.0,15,16,178,7,5,High
5685,Fire,South,Morning,Monday,Rainy,Medium,No,22.0,10,13,442,9,10,High
5686,Fire,North,Morning,Friday,Cloudy,Low,Yes,6.0,14,21,157,8,20,High
5687,Medical,West,Afternoon,Monday,Rainy,Low,No,3.0,27,28,485,5,4,High
5688,Medical,North,Night,Friday,Rainy,Low,Yes,18.0,25,5,214,7,16,High
5689,Fire,North,Evening,Thursday,Cloudy,Medium,Yes,18.0,8,13,490,2,13,High
5690,Theft,West,Night,Wednesday,Cloudy,High,Yes,22.0,24,4,413,7,11,High
5691,Fire,North,Night,Sunday,Sunny,High,Yes,25.0,10,14,217,4,13,High
5692,Theft,Central,Night,Sunday,Sunny,High,No,3.0,27,27,52,3,7,Medium
5693,Accident,West,Morning,Sunday,Cloudy,High,Yes,12.0,21,8,282,8,6,High
5694,Medical,East,Afternoon,Wednesday,Rainy,Medium,Yes,12.0,5,33,357,5,14,High
5695,Theft,Central,Night,Tuesday,Sunny,Low,Yes,15.0,18,28,422,8,11,High
5696,Theft,Central,Night,Sunday,Rainy,Low,Yes,22.0,16,4,299,4,5,Medium
5697,Medical,West,Afternoon,Thursday,Cloudy,Medium,Yes,15.0,15,4,69,4,3,Medium
5698,Medical,Central,Afternoon,Saturday,Sunny,High,Yes,6.0,24,18,338,6,2,High
5699,Assault,South,Morning,Friday,Sunny,Low,No,19.0,7,29,175,5,20,High
5700,Medical,North,Evening,Tuesday,Rainy,Low,Yes,5.0,22,27,400,3,1,Medium
5701,Assault,West,Afternoon,Tuesday,Rainy,Low,Yes,17.0,17,26,392,2,17,High
5702,Medical,East,Morning,Monday,Sunny,High,No,3.0,27,19,200,9,10,High
5703,Fire,East,Afternoon,Saturday,Rainy,Medium,No,25.0,10,14,310,10,20,High
5704,Medical,South,Afternoon,Tuesday,Sunny,High,No,16.0,7,26,368,1,12,High
5705,Medical,South,Afternoon,Wednesday,Rainy,High,Yes,20.0,17,8,359,7,8,High
5706,Assault,South,Evening,Wednesday,Rainy,High,Yes,5.0,30,11,113,5,5,Medium
5707,Medical,West,Morning,Sunday,Rainy,High,Yes,8.0,6,6,40,6,16,High
5708,Medical,East,Night,Sunday,Sunny,Low,No,9.0,15,18,254,9,3,High
5709,Theft,South,Night,Wednesday,Cloudy,Medium,Yes,25.0,16,33,464,3,1,Medium
5710,Assault,Central,Afternoon,Friday,Sunny,High,No,18.0,28,15,245,6,0,Medium
5711,Theft,West,Afternoon,Monday,Cloudy,Low,No,22.0,22,8,382,7,18,High
5712,Theft,West,Night,Tuesday,Rainy,Low,Yes,5.0,17,35,93,1,13,Medium
5713,Assault,South,Morning,Monday,Cloudy,Low,Yes,5.0,6,14,375,3,9,High
5714,Accident,South,Morning,Sunday,Cloudy,Low,No,3.0,29,9,106,9,5,High
5715,Medical,Central,Afternoon,Tuesday,Sunny,Medium,Yes,10.0,7,8,401,2,10,High
5716,Fire,Central,Night,Thursday,Sunny,Low,Yes,17.0,9,34,118,2,18,High
5717,Medical,North,Morning,Monday,Cloudy,Medium,No,19.0,20,29,73,5,7,Medium
5718,Assault,North,Night,Friday,Rainy,Low,No,8.0,27,33,219,10,9,High
5719,Medical,East,Evening,Monday,Sunny,Low,No,22.0,7,16,432,4,18,High
5720,Theft,Central,Evening,Wednesday,Rainy,Low,Yes,24.0,25,25,129,5,17,High
5721,Medical,Central,Evening,Sunday,Rainy,Low,Yes,4.0,10,27,134,4,8,High
5722,Assault,North,Morning,Friday,Cloudy,Medium,No,7.0,25,10,269,9,19,High
5723,Accident,West,Morning,Friday,Cloudy,Medium,Yes,5.0,15,31,167,9,7,High
5724,Fire,Central,Morning,Saturday,Rainy,Medium,Yes,18.0,20,25,129,6,15,High
5725,Theft,North,Morning,Sunday,Rainy,Low,Yes,11.0,20,9,98,6,4,Medium
5726,Assault,Central,Afternoon,Monday,Rainy,High,Yes,18.0,13,22,267,10,18,High
5727,Medical,North,Night,Monday,Cloudy,Medium,No,15.0,14,11,348,6,2,Medium
5728,Medical,South,Afternoon,Saturday,Sunny,Medium,No,25.0,17,22,60,6,19,High
5729,Accident,Central,Evening,Tuesday,Rainy,Low,No,3.0,8,34,436,2,19,High
5730,Theft,West,Evening,Sunday,Rainy,Low,Yes,6.0,24,17,432,7,14,High
5731,Fire,East,Afternoon,Wednesday,Cloudy,High,No,9.0,15,17,246,9,11,High
5732,Medical,East,Evening,Tuesday,Sunny,Low,Yes,10.0,7,30,121,2,6,Medium
5733,Theft,West,Night,Friday,Cloudy,Low,No,10.0,16,26,213,5,18,High
5734,Medical,West,Morning,Friday,Cloudy,High,No,4.0,14,18,247,8,5,High
5735,Accident,West,Evening,Wednesday,Rainy,High,Yes,15.0,28,31,239,3,3,Medium
5736,Fire,East,Night,Thursday,Cloudy,Medium,No,19.0,13,5,440,10,5,High
5737,Assault,Central,Evening,Tuesday,Rainy,Low,Yes,12.0,5,30,356,6,8,High
5738,Medical,North,Morning,Monday,Cloudy,High,No,21.0,12,4,97,9,12,High
5739,Theft,South,Morning,Saturday,Sunny,Medium,No,9.0,23,16,59,3,20,High
5740,Theft,West,Morning,Monday,Cloudy,Medium,Yes,24.0,11,31,230,6,5,High
5741,Theft,West,Evening,Friday,Sunny,Medium,Yes,16.0,26,21,56,10,7,High
5742,Assault,South,Evening,Monday,Sunny,Low,No,4.0,14,35,420,9,9,High
5743,Fire,South,Evening,Wednesday,Rainy,Low,Yes,5.0,17,18,236,10,9,High
5744,Fire,North,Night,Saturday,Cloudy,High,Yes,8.0,12,25,209,7,0,Medium
5745,Fire,North,Evening,Monday,Sunny,Low,No,8.0,22,8,61,2,17,High
5746,Accident,West,Night,Saturday,Sunny,High,No,14.0,25,9,313,2,0,Low
5747,Assault,Central,Night,Thursday,Cloudy,High,No,9.0,6,20,72,7,7,High
5748,Accident,Central,Afternoon,Friday,Rainy,Medium,No,23.0,17,21,102,5,8,High
5749,Theft,North,Afternoon,Saturday,Sunny,Medium,No,9.0,12,18,495,4,15,High
5750,Fire,East,Afternoon,Saturday,Cloudy,Low,Yes,7.0,12,22,196,2,12,High
5751,Medical,East,Morning,Sunday,Sunny,Low,Yes,23.0,30,9,325,3,16,High
5752,Medical,North,Night,Saturday,Cloudy,Medium,Yes,7.0,6,35,301,3,11,High
5753,Assault,North,Night,Monday,Cloudy,Medium,Yes,16.0,18,19,198,5,11,High
5754,Accident,South,Evening,Tuesday,Rainy,Medium,No,25.0,16,9,100,8,14,High
5755,Assault,West,Night,Monday,Sunny,High,No,7.0,9,23,380,7,5,High
5756,Fire,West,Morning,Friday,Sunny,Medium,Yes,3.0,23,9,401,5,18,High
5757,Medical,East,Morning,Monday,Rainy,High,No,6.0,22,27,52,6,9,High
5758,Medical,East,Evening,Saturday,Rainy,High,No,20.0,13,28,223,6,0,Medium
5759,Accident,West,Morning,Tuesday,Sunny,Medium,Yes,17.0,19,27,382,7,18,High
5760,Accident,North,Morning,Wednesday,Sunny,Medium,No,7.0,10,5,42,1,10,Medium
5761,Fire,North,Night,Tuesday,Sunny,Low,No,8.0,5,10,304,3,8,High
5762,Accident,North,Evening,Thursday,Rainy,High,No,8.0,5,12,131,4,5,Medium
5763,Assault,South,Afternoon,Monday,Cloudy,High,No,24.0,27,19,148,4,3,Medium
5764,Assault,North,Night,Thursday,Rainy,High,No,6.0,25,17,162,4,15,High
5765,Fire,East,Evening,Sunday,Sunny,Medium,No,14.0,11,27,466,9,18,High
5766,Theft,East,Afternoon,Thursday,Sunny,Medium,Yes,6.0,15,21,293,10,10,High
5767,Medical,Central,Evening,Friday,Rainy,High,Yes,12.0,12,4,253,9,4,High
5768,Accident,South,Evening,Saturday,Cloudy,Low,No,23.0,8,23,436,7,8,High
5769,Medical,North,Morning,Wednesday,Rainy,Low,Yes,18.0,15,35,99,10,7,High
5770,Accident,East,Evening,Monday,Cloudy,Medium,Yes,13.0,21,22,104,7,18,High
5771,Accident,West,Night,Saturday,Cloudy,Low,No,10.0,20,6,200,10,11,High
5772,Theft,Central,Afternoon,Wednesday,Rainy,Low,Yes,13.0,6,26,281,7,7,High
5773,Theft,North,Evening,Tuesday,Cloudy,Medium,Yes,11.0,25,35,186,8,11,High
5774,Assault,Central,Afternoon,Wednesday,Sunny,Low,Yes,16.0,23,19,323,4,6,Medium
5775,Accident,West,Morning,Thursday,Rainy,Low,No,14.0,14,6,15,2,8,Medium
5776,Assault,South,Evening,Friday,Sunny,Medium,No,22.0,18,30,110,10,0,High
5777,Medical,North,Evening,Wednesday,Rainy,High,No,18.0,19,16,192,1,10,Medium
5778,Medical,South,Morning,Saturday,Sunny,High,Yes,10.0,11,9,214,4,5,Medium
5779,Fire,Central,Night,Thursday,Sunny,High,Yes,6.0,26,6,285,1,3,Low
5780,Medical,West,Night,Monday,Cloudy,Medium,No,18.0,30,10,485,1,14,High
5781,Theft,West,Evening,Monday,Cloudy,High,Yes,12.0,11,16,261,7,16,High
5782,Assault,South,Evening,Friday,,,Yes,,26,15,461,4,17,High
5783,Accident,West,Evening,Thursday,Cloudy,Low,No,12.0,11,18,28,5,11,High
5784,Accident,Central,Morning,Monday,Rainy,Low,No,9.0,20,15,304,4,10,High
5785,Theft,South,Afternoon,Sunday,Sunny,Low,Yes,16.0,9,5,145,9,18,High
5786,Theft,North,Night,Tuesday,Cloudy,Medium,No,7.0,17,29,58,1,19,High
5787,Medical,North,Night,Sunday,Cloudy,Medium,Yes,4.0,16,10,187,6,11,High
5788,Accident,South,Night,Thursday,Rainy,High,Yes,16.0,9,22,82,5,12,High
5789,Theft,South,Night,Wednesday,Cloudy,Low,Yes,5.0,5,6,323,5,2,Medium
5790,Assault,East,Afternoon,Wednesday,Sunny,Medium,No,18.0,13,26,337,6,18,High
5791,Theft,East,Afternoon,Thursday,Sunny,Medium,No,18.0,29,8,47,4,14,High
5792,Accident,South,Evening,Friday,Cloudy,High,Yes,9.0,20,16,198,6,7,High
5793,Accident,South,Morning,Sunday,Sunny,Low,No,3.0,5,14,31,10,0,High
5794,Accident,Central,Evening,Sunday,Rainy,High,No,15.0,17,12,193,8,0,High
5795,Medical,East,Afternoon,Monday,Rainy,High,Yes,6.0,9,23,153,5,3,Medium
5796,Theft,East,Night,Friday,Cloudy,High,Yes,7.0,7,20,130,8,20,High
5797,Assault,Central,Evening,Sunday,Cloudy,High,Yes,6.0,18,8,222,4,15,High
5798,Assault,Central,Evening,Monday,Rainy,Medium,No,25.0,21,12,197,3,7,Medium
5799,Fire,North,Night,Monday,Sunny,High,Yes,10.0,29,17,303,1,14,High
5800,Fire,West,Morning,Wednesday,Cloudy,Medium,Yes,21.0,22,27,431,5,5,High
5801,Assault,East,Night,Wednesday,Cloudy,Medium,No,15.0,11,22,157,5,9,High
5802,Theft,East,Afternoon,Sunday,Sunny,High,Yes,6.0,7,4,63,10,7,High
5803,Fire,South,Night,Sunday,Cloudy,High,No,21.0,16,8,48,9,11,High
5804,Fire,South,Afternoon,Wednesday,Sunny,Low,Yes,24.0,22,15,17,7,16,High
5805,Medical,East,Evening,Thursday,Sunny,Low,Yes,8.0,15,20,169,10,5,High
5806,Theft,South,Afternoon,Wednesday,Rainy,Low,No,24.0,8,7,206,8,17,High
5807,Accident,South,Afternoon,Thursday,Rainy,Medium,No,6.0,14,9,30,4,16,High
5808,Assault,South,Afternoon,Monday,Sunny,Medium,No,14.0,25,11,349,6,8,High
5809,Assault,Central,Morning,Sunday,Rainy,High,Yes,17.0,17,27,431,5,16,High
5810,Assault,South,Night,Wednesday,Sunny,Low,Yes,13.0,25,9,201,7,11,High
5811,Assault,South,Afternoon,Sunday,Cloudy,Low,No,18.0,7,23,28,7,3,Medium
5812,Theft,West,Evening,Sunday,Rainy,Low,Yes,21.0,17,24,103,6,3,Medium
5813,Fire,Central,Morning,Saturday,Cloudy,High,No,3.0,21,24,138,6,0,Medium
5814,Medical,Central,Morning,Sunday,Cloudy,High,No,22.0,17,10,10,3,14,High
5815,Fire,North,Morning,Friday,Rainy,Low,No,16.0,15,9,278,10,18,High
5816,Medical,North,Night,Sunday,Rainy,Low,No,13.0,19,20,380,9,2,High
5817,Assault,West,Evening,Monday,Cloudy,Medium,Yes,4.0,26,31,222,6,15,High
5818,Assault,Central,Evening,Sunday,Sunny,Low,No,14.0,9,27,104,1,17,High
5819,Assault,Central,Evening,Monday,Sunny,High,Yes,24.0,16,5,478,5,2,Medium
5820,Accident,Central,Morning,Friday,Rainy,Low,No,20.0,20,16,195,2,15,High
5821,Assault,North,Night,Friday,Rainy,Medium,Yes,16.0,19,27,459,10,12,High
5822,Fire,West,Afternoon,Friday,Cloudy,High,No,9.0,29,22,99,3,3,Medium
5823,Medical,East,Night,Monday,Sunny,Low,No,17.0,8,18,317,10,11,High
5824,Fire,East,Morning,Tuesday,Sunny,High,No,5.0,25,13,150,9,11,High
5825,Accident,West,Night,Sunday,Sunny,Medium,Yes,4.0,11,11,315,9,6,High
5826,Fire,East,Evening,Tuesday,Rainy,Medium,Yes,16.0,9,14,203,10,5,High
5827,Fire,South,Night,Tuesday,Rainy,Low,Yes,21.0,22,27,439,2,0,Low
5828,Accident,Central,Night,Tuesday,Sunny,Low,No,14.0,13,4,204,7,14,High
5829,Accident,North,Afternoon,Monday,Cloudy,Medium,Yes,18.0,29,20,342,6,7,High
5830,Accident,Central,Night,Thursday,Sunny,High,No,6.0,19,7,134,10,16,High
5831,Assault,South,Night,Saturday,Cloudy,High,Yes,5.0,23,8,229,3,19,High
5832,Medical,Central,Afternoon,Tuesday,Cloudy,Medium,No,7.0,5,14,138,1,14,High
5833,Theft,East,Afternoon,Saturday,Rainy,High,Yes,17.0,20,6,393,1,17,High
5834,Medical,Central,Afternoon,Sunday,Sunny,Low,Yes,5.0,6,12,146,5,7,High
5835,Theft,Central,Afternoon,Saturday,Rainy,High,No,23.0,13,6,207,4,15,High
5836,Theft,Central,Morning,Friday,Sunny,Low,No,21.0,21,17,255,3,0,Low
5837,Theft,East,Evening,Wednesday,Sunny,High,Yes,6.0,14,17,16,4,14,High
5838,Medical,East,Morning,Friday,Rainy,Medium,No,24.0,24,29,327,8,11,High
5839,Fire,South,Afternoon,Sunday,Cloudy,Medium,No,11.0,22,13,336,7,14,High
5840,Accident,West,Morning,Saturday,Cloudy,High,No,3.0,14,30,419,3,10,High
5841,Theft,West,Night,Sunday,Sunny,Low,No,14.0,22,23,72,5,12,High
5842,Theft,South,Evening,Saturday,Sunny,High,Yes,5.0,18,6,14,6,2,Medium
5843,Fire,North,Morning,Friday,Rainy,High,Yes,4.0,19,29,354,2,13,High
5844,Assault,South,Morning,Tuesday,Sunny,Medium,Yes,5.0,17,21,376,7,5,High
5845,Medical,South,Evening,Wednesday,Sunny,Low,No,5.0,30,6,402,2,9,High
5846,Accident,South,Night,Saturday,Sunny,High,No,16.0,21,28,3,5,11,High
5847,Assault,South,Morning,Friday,Cloudy,High,No,17.0,30,12,393,3,8,High
5848,Fire,North,Afternoon,Thursday,Rainy,Medium,No,12.0,13,28,223,1,1,Low
5849,Assault,South,Evening,Saturday,Sunny,High,Yes,22.0,7,31,38,8,18,High
5850,Assault,Central,Morning,Sunday,Sunny,Medium,No,6.0,13,5,75,5,2,Medium
5851,Theft,South,Afternoon,Sunday,Cloudy,Medium,Yes,21.0,5,35,306,5,4,Medium
5852,Assault,North,Night,Saturday,Rainy,High,Yes,11.0,9,23,59,8,7,High
5853,Theft,West,Evening,Monday,Sunny,Medium,No,13.0,27,32,426,3,4,Medium
5854,Accident,West,Evening,Thursday,Rainy,Low,No,11.0,12,21,135,3,3,Medium
5855,Theft,West,Afternoon,Tuesday,Rainy,Medium,No,4.0,7,12,417,2,16,High
5856,Accident,West,Night,Wednesday,Rainy,Medium,No,22.0,13,33,314,10,15,High
5857,Medical,North,Afternoon,Wednesday,Cloudy,High,Yes,15.0,19,20,254,7,12,High
5858,Fire,East,Afternoon,Tuesday,Sunny,Medium,No,11.0,5,17,470,7,18,High
5859,Fire,North,Evening,Thursday,Sunny,Low,Yes,24.0,14,22,103,6,4,Medium
5860,Theft,East,Morning,Sunday,Cloudy,High,Yes,9.0,15,6,293,5,16,High
5861,Accident,Central,Morning,Friday,Sunny,Medium,No,12.0,17,7,188,7,2,High
5862,Theft,East,Night,Friday,Sunny,Medium,Yes,17.0,23,6,105,6,19,High
5863,Medical,East,Morning,Saturday,Sunny,Medium,No,18.0,16,6,278,1,1,Low
5864,Fire,Central,Evening,Tuesday,Cloudy,Low,Yes,16.0,13,6,58,6,6,High
5865,Theft,South,Morning,Wednesday,Rainy,High,No,13.0,5,16,171,9,18,High
5866,Accident,North,Night,Monday,Rainy,Medium,No,21.0,29,15,315,10,11,High
5867,Theft,Central,Morning,Monday,Cloudy,Medium,Yes,15.0,30,6,466,6,6,High
5868,Fire,East,Afternoon,Friday,Sunny,Medium,Yes,4.0,26,19,67,4,17,High
5869,Theft,West,Evening,Monday,Rainy,High,Yes,6.0,20,13,137,5,19,High
5870,Fire,West,Morning,Monday,Rainy,Low,No,16.0,22,35,51,2,9,Medium
5871,Accident,North,Afternoon,Wednesday,Rainy,High,No,14.0,11,20,89,1,3,Low
5872,Fire,North,Afternoon,Sunday,Sunny,High,Yes,9.0,26,10,115,8,2,High
5873,Assault,West,Afternoon,Sunday,Cloudy,Low,Yes,25.0,26,28,102,5,8,High
5874,Medical,East,Evening,Monday,Rainy,Low,Yes,5.0,15,18,499,7,5,High
5875,Accident,Central,Evening,Friday,Cloudy,Medium,No,25.0,9,4,215,5,3,Medium
5876,Theft,North,Night,Wednesday,Cloudy,Low,Yes,22.0,11,31,191,8,7,High
5877,Assault,Central,Evening,Monday,Rainy,Medium,Yes,9.0,27,19,190,4,7,Medium
5878,Assault,East,Afternoon,Wednesday,Rainy,Medium,Yes,17.0,26,26,16,9,0,High
5879,Fire,East,Night,Friday,Sunny,Medium,Yes,15.0,7,13,219,9,17,High
5880,Assault,South,Evening,Saturday,Cloudy,High,No,4.0,27,7,416,8,6,High
5881,Assault,South,Morning,Tuesday,Cloudy,High,No,15.0,18,29,408,7,7,High
5882,Medical,Central,Night,Wednesday,Rainy,Medium,Yes,15.0,12,17,354,3,16,High
5883,Fire,East,Afternoon,Friday,Sunny,High,No,8.0,7,22,343,2,2,Medium
5884,Medical,Central,Morning,Sunday,Rainy,Medium,No,8.0,21,13,461,3,14,High
5885,Fire,Central,Night,Wednesday,Rainy,Medium,No,3.0,14,7,389,10,12,High
5886,Fire,East,Night,Friday,Sunny,High,Yes,20.0,7,17,197,1,8,Medium
5887,Theft,West,Evening,Tuesday,Cloudy,Low,Yes,7.0,12,24,443,5,9,High
5888,Assault,South,Afternoon,Tuesday,Cloudy,Low,Yes,15.0,27,13,200,10,0,High
5889,Accident,East,Evening,Sunday,Rainy,Medium,Yes,25.0,28,34,152,10,15,High
5890,Medical,West,Evening,Friday,Sunny,Medium,No,23.0,25,30,340,4,3,Medium
5891,Accident,East,Evening,Friday,Sunny,Medium,No,8.0,24,30,59,9,20,High
5892,Medical,Central,Evening,Monday,Cloudy,Low,No,22.0,7,11,290,2,11,Medium
5893,Theft,Central,Evening,Sunday,Rainy,Low,Yes,18.0,10,10,159,5,14,High
5894,Theft,Central,Night,Monday,Rainy,High,Yes,20.0,10,16,229,5,0,Medium
5895,Accident,South,Night,Monday,Cloudy,High,Yes,7.0,26,20,263,6,17,High
5896,Medical,Central,Evening,Monday,Sunny,Low,No,22.0,7,15,185,5,10,High
5897,Accident,West,Afternoon,Thursday,Rainy,Low,Yes,12.0,30,32,385,5,20,High
5898,Fire,West,Morning,Saturday,Cloudy,Low,No,17.0,6,14,13,8,9,High
5899,Theft,South,Evening,Friday,Sunny,Low,No,8.0,8,12,193,1,16,High
5900,Fire,East,Evening,Tuesday,Rainy,Low,No,5.0,24,31,339,10,10,High
5901,Accident,Central,Morning,Sunday,Cloudy,High,No,17.0,10,18,260,6,18,High
5902,Assault,North,Afternoon,Wednesday,Cloudy,High,No,22.0,9,32,81,6,5,Medium
5903,Fire,North,Evening,Wednesday,Cloudy,High,No,13.0,14,12,287,6,10,High
5904,Assault,South,Afternoon,Saturday,Rainy,High,Yes,6.0,10,29,431,3,18,High
5905,Fire,South,Morning,Monday,Cloudy,Low,No,16.0,28,17,15,8,20,High
5906,Fire,South,Evening,Saturday,Sunny,Medium,No,14.0,20,31,312,2,11,High
5907,Accident,Central,Night,Tuesday,Rainy,Medium,No,25.0,18,34,37,3,11,Medium
5908,Assault,South,Night,Saturday,Cloudy,Low,Yes,3.0,11,30,122,1,20,High
5909,Accident,Central,Evening,Monday,Rainy,Low,Yes,17.0,8,33,321,7,16,High
5910,Fire,South,Night,Thursday,Cloudy,Low,No,16.0,15,24,321,9,17,High
5911,Fire,East,Morning,Monday,Rainy,High,Yes,16.0,6,4,237,3,8,Medium
5912,Assault,North,Evening,Saturday,Cloudy,High,No,10.0,16,9,231,9,0,High
5913,Theft,West,Evening,Saturday,Rainy,Low,No,3.0,24,34,174,5,0,Medium
5914,Accident,West,Morning,Monday,Rainy,Medium,No,24.0,15,18,328,2,5,Medium
5915,Assault,Central,Afternoon,Monday,Sunny,Medium,Yes,23.0,5,12,428,3,8,Medium
5916,Medical,East,Afternoon,Monday,Sunny,Medium,No,19.0,25,18,118,2,0,Low
5917,Accident,East,Morning,Sunday,Cloudy,High,No,7.0,29,17,181,2,4,Medium
5918,Assault,West,Night,Sunday,Rainy,Low,Yes,5.0,28,17,352,1,15,High
5919,Theft,West,Evening,Monday,Rainy,Low,Yes,16.0,6,25,391,7,0,High
5920,Theft,North,Evening,Saturday,,,No,,28,21,118,9,5,High
5921,Accident,South,Morning,Thursday,Sunny,High,Yes,9.0,21,16,11,10,8,High
5922,Fire,South,Evening,Saturday,Cloudy,Low,Yes,14.0,26,26,222,5,3,Medium
5923,Fire,West,Afternoon,Sunday,Rainy,Medium,Yes,5.0,14,10,477,4,8,High
5924,Medical,South,Night,Sunday,Cloudy,High,No,8.0,20,19,485,6,20,High
5925,Assault,Central,Evening,Thursday,Sunny,High,Yes,22.0,13,24,14,7,13,High
5926,Accident,Central,Morning,Tuesday,Cloudy,Low,No,18.0,23,31,318,2,11,High
5927,Theft,West,Evening,Wednesday,Rainy,High,No,22.0,13,17,420,5,20,High
5928,Fire,North,Night,Sunday,Rainy,Low,No,4.0,28,14,306,5,20,High
5929,Medical,West,Morning,Sunday,Sunny,Low,Yes,24.0,6,13,422,7,10,High
5930,Medical,Central,Morning,Saturday,Cloudy,Low,No,5.0,6,8,210,8,19,High
5931,Assault,North,Evening,Wednesday,Cloudy,Medium,No,6.0,6,22,29,9,3,High
5932,Assault,West,Afternoon,Monday,Cloudy,Low,No,24.0,9,26,439,6,7,High
5933,Accident,South,Night,Wednesday,Cloudy,High,Yes,3.0,23,21,491,2,2,Medium
5934,Assault,South,Morning,Sunday,Sunny,Low,No,14.0,7,23,209,2,10,Medium
5935,Assault,South,Afternoon,Tuesday,Cloudy,Medium,No,12.0,12,33,153,7,3,High
5936,Accident,Central,Afternoon,Wednesday,Rainy,High,Yes,24.0,11,9,404,7,18,High
5937,Assault,North,Morning,Tuesday,Rainy,Medium,No,9.0,9,33,370,1,15,High
5938,Accident,South,Night,Saturday,Rainy,High,Yes,3.0,30,14,46,4,3,Medium
5939,Theft,East,Evening,Monday,Cloudy,Low,No,13.0,8,26,170,4,17,High
5940,Medical,West,Morning,Monday,Cloudy,High,Yes,18.0,9,18,473,5,13,High
5941,Accident,Central,Evening,Wednesday,Cloudy,High,No,17.0,17,6,388,2,1,Low
5942,Assault,West,Night,Thursday,Cloudy,Low,Yes,14.0,12,32,129,1,4,Low
5943,Theft,West,Morning,Tuesday,Cloudy,High,No,21.0,17,28,455,6,8,High
5944,Accident,West,Morning,Tuesday,Sunny,Medium,No,7.0,11,5,488,4,15,High
5945,Assault,South,Evening,Tuesday,Cloudy,High,Yes,24.0,17,15,309,3,12,High
5946,Accident,West,Morning,Saturday,Cloudy,High,No,20.0,15,22,88,5,12,High
5947,Fire,North,Morning,Saturday,Cloudy,Low,Yes,13.0,21,19,270,9,18,High
5948,Assault,Central,Evening,Tuesday,Rainy,High,No,12.0,9,10,472,1,8,Medium
5949,Assault,South,Evening,Monday,Rainy,High,No,3.0,14,23,129,7,11,High
5950,Accident,North,Night,Monday,Sunny,Low,Yes,5.0,18,28,208,2,6,Medium
5951,Accident,South,Morning,Tuesday,Cloudy,Low,No,3.0,13,32,226,4,18,High
5952,Medical,East,Night,Friday,Sunny,Low,Yes,24.0,29,5,11,7,11,High
5953,Assault,South,Evening,Tuesday,Sunny,Medium,No,19.0,21,4,27,8,16,High
5954,Fire,South,Night,Sunday,Cloudy,Medium,No,25.0,19,33,10,4,17,High
5955,Theft,North,Evening,Saturday,Sunny,Low,No,22.0,15,31,116,8,8,High
5956,Assault,East,Morning,Thursday,Rainy,High,Yes,21.0,7,22,166,9,8,High
5957,Fire,West,Morning,Thursday,Sunny,High,No,5.0,28,24,74,2,14,High
5958,Assault,South,Morning,Monday,Rainy,Medium,No,16.0,21,19,31,8,18,High
5959,Accident,Central,Morning,Saturday,Cloudy,High,No,10.0,12,12,237,5,2,Medium
5960,Theft,East,Afternoon,Thursday,Sunny,Medium,No,5.0,12,5,130,4,17,High
5961,Theft,East,Morning,Friday,Rainy,High,No,10.0,28,19,59,10,10,High
5962,Assault,North,Morning,Sunday,Sunny,Low,No,3.0,13,31,471,3,9,High
5963,Theft,Central,Afternoon,Saturday,Sunny,High,No,19.0,7,28,294,2,11,High
5964,Accident,East,Morning,Saturday,Sunny,High,Yes,15.0,29,11,99,6,13,High
5965,Assault,East,Afternoon,Thursday,Cloudy,Low,Yes,14.0,6,18,246,9,17,High
5966,Theft,Central,Morning,Tuesday,Rainy,Low,No,8.0,29,28,34,6,9,High
5967,Fire,Central,Night,Tuesday,,,No,,30,19,35,3,4,Medium
5968,Medical,East,Night,Tuesday,Rainy,High,No,23.0,10,32,408,1,7,Medium
5969,Theft,Central,Evening,Wednesday,Sunny,Low,No,12.0,25,10,224,6,20,High
5970,Fire,West,Night,Wednesday,Cloudy,Medium,Yes,22.0,13,4,496,3,10,High
5971,Accident,East,Afternoon,Saturday,Sunny,Medium,No,21.0,21,20,122,4,0,Low
5972,Fire,Central,Evening,Sunday,Sunny,Medium,Yes,25.0,13,12,491,5,19,High
5973,Accident,Central,Night,Sunday,Sunny,Low,Yes,9.0,9,26,386,4,12,High
5974,Assault,North,Afternoon,Monday,Sunny,Low,Yes,9.0,5,26,475,4,20,High
5975,Medical,North,Afternoon,Saturday,Sunny,Low,No,25.0,18,34,72,8,6,High
5976,Theft,Central,Morning,Friday,Cloudy,Low,Yes,5.0,8,8,379,3,4,Medium
5977,Fire,North,Morning,Tuesday,Cloudy,High,Yes,21.0,11,18,247,9,18,High
5978,Medical,South,Night,Saturday,Cloudy,High,Yes,3.0,10,5,288,10,13,High
5979,Medical,West,Afternoon,Friday,Sunny,Medium,Yes,10.0,11,24,62,9,8,High
5980,Medical,North,Night,Thursday,Cloudy,Medium,Yes,17.0,20,31,278,6,16,High
5981,Fire,South,Evening,Friday,Cloudy,High,No,16.0,13,21,144,3,9,Medium
5982,Assault,North,Afternoon,Friday,Sunny,Medium,No,3.0,27,15,264,5,8,High
5983,Theft,East,Night,Thursday,Cloudy,High,Yes,23.0,13,6,75,5,4,Medium
5984,Accident,Central,Night,Wednesday,Cloudy,Medium,No,24.0,24,10,98,7,20,High
5985,Accident,Central,Evening,Wednesday,Rainy,Medium,Yes,11.0,6,19,369,9,3,High
5986,Assault,South,Afternoon,Wednesday,Rainy,High,No,9.0,25,15,233,7,18,High
5987,Medical,West,Night,Sunday,Sunny,High,No,5.0,20,26,260,1,2,Low
5988,Medical,North,Evening,Thursday,Sunny,Low,No,15.0,16,21,338,5,13,High
5989,Fire,South,Afternoon,Sunday,Cloudy,Medium,No,6.0,13,4,197,1,3,Low
5990,Fire,South,Evening,Monday,Cloudy,High,No,19.0,15,26,194,1,11,Medium
5991,Medical,Central,Evening,Friday,Cloudy,High,No,3.0,30,21,110,5,13,High
5992,Assault,East,Night,Thursday,Cloudy,Low,No,18.0,14,24,273,2,3,Low
5993,Theft,Central,Night,Tuesday,Cloudy,Low,Yes,22.0,27,4,408,4,13,High
5994,Assault,West,Evening,Thursday,,,Yes,,29,6,182,7,19,High
5995,Theft,East,Evening,Wednesday,Sunny,Low,Yes,21.0,27,33,153,4,0,Low
5996,Assault,South,Night,Saturday,Rainy,High,No,10.0,28,9,100,4,9,High
5997,Accident,North,Afternoon,Thursday,Sunny,High,Yes,19.0,16,19,50,4,16,High
5998,Fire,South,Afternoon,Monday,Sunny,Medium,No,13.0,9,28,170,2,16,High
5999,Assault,South,Morning,Wednesday,Rainy,Low,Yes,25.0,22,22,243,8,16,High
6000,Assault,South,Night,Tuesday,Cloudy,Medium,Yes,16.0,17,15,47,2,16,High
6001,Medical,West,Night,Saturday,Rainy,Low,Yes,20.0,7,22,400,2,16,High
6002,Theft,South,Morning,Friday,Rainy,High,Yes,17.0,7,26,353,9,4,High
6003,Accident,South,Evening,Thursday,Sunny,Medium,No,17.0,18,18,287,9,4,High
6004,Accident,East,Night,Tuesday,Rainy,Medium,No,15.0,25,16,273,2,16,High
6005,Fire,West,Evening,Saturday,Cloudy,Medium,Yes,25.0,30,32,57,8,9,High
6006,Assault,North,Afternoon,Tuesday,,,No,,22,5,449,2,20,High
6007,Accident,South,Afternoon,Thursday,Sunny,High,No,6.0,15,26,53,9,4,High
6008,Accident,East,Night,Monday,Sunny,Medium,No,11.0,26,10,340,8,0,High
6009,Assault,South,Afternoon,Friday,Rainy,Medium,No,14.0,23,6,78,4,7,Medium
6010,Theft,East,Afternoon,Monday,Sunny,High,No,19.0,14,6,483,6,8,High
6011,Assault,North,Morning,Saturday,Cloudy,Medium,No,19.0,15,33,357,10,16,High
6012,Assault,Central,Afternoon,Thursday,Cloudy,High,Yes,21.0,11,15,352,7,14,High
6013,Medical,Central,Afternoon,Sunday,Sunny,Medium,Yes,22.0,6,35,298,8,16,High
6014,Assault,South,Evening,Monday,Cloudy,High,Yes,3.0,8,16,267,4,2,Medium
6015,Accident,West,Night,Wednesday,Rainy,Medium,No,24.0,9,28,313,2,10,Medium
6016,Theft,East,Evening,Saturday,Rainy,Medium,No,7.0,25,25,373,4,5,High
6017,Medical,East,Evening,Thursday,Rainy,Low,Yes,3.0,29,27,447,9,17,High
6018,Fire,East,Afternoon,Saturday,Rainy,Low,No,21.0,28,13,66,1,17,High
6019,Theft,South,Night,Sunday,Sunny,High,No,9.0,26,7,436,3,9,High
6020,Medical,West,Night,Wednesday,Rainy,Low,No,20.0,14,6,81,10,17,High
6021,Fire,North,Night,Tuesday,Sunny,Medium,Yes,13.0,8,15,322,4,14,High
6022,Accident,West,Morning,Tuesday,Sunny,High,Yes,8.0,10,13,197,6,0,Medium
6023,Theft,West,Evening,Monday,Cloudy,High,No,17.0,22,5,401,4,6,High
6024,Accident,East,Morning,Thursday,Cloudy,High,Yes,10.0,22,27,76,5,18,High
6025,Fire,East,Evening,Saturday,Cloudy,High,Yes,4.0,27,12,400,3,0,Medium
6026,Medical,East,Evening,Saturday,Rainy,Low,No,15.0,8,4,21,4,20,High
6027,Assault,East,Morning,Wednesday,Sunny,Low,Yes,16.0,13,4,297,2,6,Medium
6028,Medical,East,Morning,Monday,Sunny,Low,Yes,6.0,12,14,88,3,9,Medium
6029,Medical,East,Morning,Wednesday,Sunny,Medium,Yes,6.0,11,12,100,3,5,Medium
6030,Medical,North,Night,Sunday,Sunny,Low,Yes,7.0,8,21,19,6,5,High
6031,Theft,North,Evening,Friday,Rainy,High,No,13.0,12,13,422,10,18,High
6032,Fire,East,Morning,Saturday,Cloudy,High,No,5.0,30,22,417,3,17,High
6033,Assault,West,Afternoon,Monday,Cloudy,Low,Yes,17.0,24,9,320,2,18,High
6034,Assault,West,Morning,Monday,Cloudy,Medium,Yes,9.0,28,11,179,2,8,Medium
6035,Theft,West,Evening,Saturday,Rainy,Medium,Yes,24.0,22,12,481,1,9,Medium
6036,Fire,West,Afternoon,Thursday,Rainy,Low,Yes,22.0,22,16,323,1,0,Low
6037,Theft,East,Night,Wednesday,Rainy,High,No,14.0,25,12,234,10,4,High
6038,Fire,West,Evening,Sunday,Rainy,High,Yes,16.0,19,8,367,10,3,High
6039,Fire,East,Afternoon,Tuesday,Cloudy,High,Yes,14.0,23,32,117,2,0,Low
6040,Assault,South,Morning,Thursday,Cloudy,Medium,No,21.0,19,6,396,5,20,High
6041,Theft,South,Afternoon,Friday,Cloudy,Medium,No,6.0,23,15,431,9,13,High
6042,Assault,West,Evening,Wednesday,Cloudy,Low,Yes,7.0,17,9,138,1,0,Low
6043,Accident,Central,Evening,Friday,Sunny,High,Yes,23.0,9,14,408,6,13,High
6044,Assault,Central,Morning,Wednesday,Rainy,Low,No,13.0,25,15,7,7,9,High
6045,Assault,South,Morning,Tuesday,Rainy,High,Yes,17.0,26,10,155,7,19,High
6046,Fire,South,Evening,Sunday,Sunny,Low,Yes,10.0,13,26,422,6,7,High
6047,Fire,North,Morning,Saturday,Sunny,Low,No,19.0,21,16,308,7,14,High
6048,Accident,Central,Morning,Tuesday,Rainy,Medium,Yes,14.0,17,20,23,3,20,High
6049,Theft,Central,Night,Saturday,Rainy,High,Yes,16.0,16,27,276,6,11,High
6050,Accident,Central,Afternoon,Sunday,Cloudy,Low,No,4.0,13,22,395,10,11,High
6051,Fire,Central,Afternoon,Monday,Sunny,Medium,No,11.0,24,9,164,5,11,High
6052,Fire,Central,Evening,Saturday,Cloudy,Medium,No,7.0,10,19,151,10,8,High
6053,Theft,East,Evening,Sunday,Cloudy,Medium,Yes,16.0,28,18,225,3,19,High
6054,Accident,North,Night,Tuesday,Cloudy,High,Yes,17.0,22,28,495,10,9,High
6055,Medical,South,Evening,Monday,Sunny,Low,Yes,3.0,28,25,344,9,2,High
6056,Theft,North,Night,Thursday,Rainy,Medium,No,15.0,10,19,303,9,9,High
6057,Theft,East,Afternoon,Tuesday,,,Yes,,12,4,457,4,20,High
6058,Accident,East,Night,Friday,Rainy,Low,No,12.0,5,33,179,2,12,High
6059,Medical,South,Night,Sunday,Sunny,Medium,No,9.0,15,13,500,7,14,High
6060,Assault,East,Night,Saturday,Rainy,Medium,No,24.0,17,11,135,8,3,High
6061,Assault,East,Evening,Friday,Rainy,Low,No,15.0,11,19,159,7,0,Medium
6062,Assault,Central,Night,Friday,Sunny,High,Yes,16.0,23,30,44,2,1,Low
6063,Fire,East,Evening,Tuesday,Rainy,High,Yes,23.0,18,13,457,5,18,High
6064,Fire,Central,Afternoon,Thursday,Cloudy,Medium,No,5.0,16,30,466,9,10,High
6065,Fire,South,Night,Saturday,Sunny,Low,Yes,5.0,20,17,323,8,9,High
6066,Theft,East,Afternoon,Wednesday,Cloudy,Medium,Yes,16.0,20,28,486,8,17,High
6067,Assault,East,Evening,Friday,Cloudy,High,Yes,25.0,29,10,169,4,17,High
6068,Medical,West,Night,Monday,Cloudy,High,No,12.0,17,23,56,7,16,High
6069,Fire,West,Afternoon,Saturday,Sunny,Medium,Yes,12.0,18,5,462,8,12,High
6070,Assault,North,Afternoon,Monday,Rainy,Low,No,15.0,10,13,400,9,13,High
6071,Fire,Central,Morning,Thursday,Cloudy,Low,No,16.0,18,33,383,7,10,High
6072,Assault,East,Night,Thursday,Sunny,Medium,No,8.0,30,16,255,3,15,High
6073,Theft,West,Evening,Monday,Sunny,Low,No,25.0,30,34,211,7,11,High
6074,Accident,West,Afternoon,Wednesday,Cloudy,Medium,Yes,9.0,13,20,485,2,4,Medium
6075,Assault,North,Evening,Sunday,Cloudy,High,Yes,20.0,27,15,221,8,8,High
6076,Medical,North,Afternoon,Tuesday,Cloudy,High,Yes,13.0,25,34,297,1,19,High
6077,Accident,West,Night,Thursday,Sunny,Medium,Yes,23.0,12,11,7,8,7,High
6078,Theft,Central,Afternoon,Friday,Cloudy,Medium,Yes,20.0,29,25,332,4,1,Medium
6079,Medical,Central,Evening,Thursday,Cloudy,High,Yes,25.0,10,23,292,7,12,High
6080,Accident,Central,Night,Tuesday,Cloudy,High,Yes,3.0,22,32,22,2,6,Medium
6081,Theft,West,Night,Saturday,Cloudy,High,Yes,11.0,8,28,29,5,9,High
6082,Accident,Central,Evening,Tuesday,Cloudy,Medium,Yes,15.0,11,24,410,4,0,Medium
6083,Accident,West,Evening,Sunday,Cloudy,High,No,3.0,21,4,149,1,16,High
6084,Medical,South,Night,Monday,Sunny,High,Yes,4.0,10,23,272,6,8,High
6085,Accident,East,Evening,Sunday,Cloudy,High,Yes,13.0,26,22,291,8,7,High
6086,Theft,Central,Evening,Tuesday,Rainy,Low,No,9.0,25,7,441,6,14,High
6087,Accident,East,Night,Thursday,Sunny,Medium,Yes,23.0,21,14,407,6,14,High
6088,Assault,South,Night,Friday,Cloudy,Medium,Yes,7.0,21,9,184,1,3,Low
6089,Medical,East,Night,Friday,Cloudy,Low,No,10.0,11,16,499,2,14,High
6090,Theft,North,Evening,Saturday,Sunny,High,Yes,13.0,19,6,392,10,20,High
6091,Fire,East,Night,Tuesday,Sunny,Low,No,16.0,9,15,105,5,3,Medium
6092,Theft,East,Night,Wednesday,Cloudy,Low,Yes,17.0,7,15,123,4,11,High
6093,Medical,South,Night,Sunday,Sunny,High,No,16.0,5,28,328,4,17,High
6094,Accident,South,Morning,Saturday,Sunny,Medium,No,14.0,17,23,73,1,8,Medium
6095,Medical,West,Morning,Friday,Cloudy,Medium,No,18.0,5,4,360,10,1,High
6096,Accident,East,Night,Monday,Rainy,High,Yes,23.0,15,18,136,5,7,High
6097,Fire,West,Morning,Thursday,Cloudy,Low,Yes,23.0,18,17,450,6,20,High
6098,Theft,South,Afternoon,Monday,Sunny,Medium,No,24.0,10,17,433,2,7,Medium
6099,Theft,Central,Morning,Thursday,Cloudy,Low,Yes,12.0,19,18,219,3,16,High
6100,Assault,South,Evening,Saturday,Cloudy,High,Yes,11.0,9,6,15,6,6,High
6101,Theft,West,Afternoon,Friday,Sunny,Low,Yes,20.0,15,10,70,5,9,High
6102,Medical,East,Night,Tuesday,Sunny,High,No,23.0,17,35,405,5,7,High
6103,Medical,South,Afternoon,Monday,Sunny,High,No,16.0,28,29,194,7,15,High
6104,Assault,East,Night,Sunday,,,No,,21,32,242,4,0,Medium
6105,Theft,East,Evening,Saturday,Rainy,Medium,No,8.0,16,32,269,1,16,High
6106,Accident,South,Morning,Monday,Cloudy,Medium,Yes,14.0,25,34,286,3,7,Medium
6107,Medical,East,Afternoon,Monday,Sunny,High,No,12.0,26,33,23,9,11,High
6108,Accident,South,Afternoon,Saturday,Cloudy,High,No,3.0,29,33,467,1,17,High
6109,Fire,West,Morning,Friday,Cloudy,Low,No,3.0,5,20,232,7,13,High
6110,Fire,South,Morning,Saturday,Rainy,Low,No,23.0,23,23,150,6,16,High
6111,Assault,Central,Morning,Wednesday,Rainy,High,Yes,23.0,7,28,129,4,14,High
6112,Medical,South,Evening,Friday,,,Yes,,16,12,323,6,9,High
6113,Accident,Central,Afternoon,Monday,Cloudy,High,Yes,20.0,19,20,280,5,0,Medium
6114,Assault,Central,Night,Sunday,Cloudy,High,No,14.0,21,34,397,2,1,Low
6115,Accident,West,Morning,Wednesday,Sunny,High,No,11.0,7,28,34,7,17,High
6116,Theft,East,Night,Thursday,Sunny,Low,No,12.0,29,11,346,9,14,High
6117,Fire,East,Night,Friday,Cloudy,Medium,No,16.0,11,6,433,3,8,High
6118,Assault,West,Afternoon,Thursday,Sunny,Low,Yes,20.0,17,30,172,4,15,High
6119,Accident,East,Night,Monday,Rainy,Medium,No,24.0,27,14,57,2,20,High
6120,Medical,East,Morning,Friday,Cloudy,Medium,Yes,12.0,13,10,296,10,16,High
6121,Medical,South,Afternoon,Thursday,Sunny,Low,No,7.0,30,7,247,3,13,High
6122,Medical,Central,Morning,Wednesday,Rainy,High,Yes,8.0,11,18,215,10,0,High
6123,Fire,West,Evening,Friday,Cloudy,High,Yes,8.0,9,21,474,3,15,High
6124,Medical,West,Morning,Friday,Rainy,Low,Yes,14.0,23,28,219,2,4,Medium
6125,Assault,South,Morning,Saturday,Rainy,High,Yes,17.0,19,11,343,5,14,High
6126,Medical,West,Morning,Monday,Cloudy,High,Yes,15.0,9,33,26,9,19,High
6127,Accident,North,Afternoon,Thursday,Cloudy,High,Yes,10.0,26,21,85,10,17,High
6128,Accident,South,Evening,Saturday,Rainy,Low,No,13.0,26,33,455,9,7,High
6129,Accident,Central,Afternoon,Friday,Rainy,Medium,No,3.0,14,27,149,9,5,High
6130,Assault,Central,Morning,Wednesday,Rainy,High,Yes,13.0,12,30,222,6,14,High
6131,Fire,South,Night,Tuesday,Sunny,Low,No,24.0,14,9,423,10,4,High
6132,Accident,East,Morning,Sunday,Sunny,Low,No,19.0,8,23,430,5,1,Medium
6133,Medical,South,Morning,Wednesday,Rainy,High,No,10.0,16,10,408,3,14,High
6134,Medical,West,Morning,Sunday,Sunny,Low,No,25.0,21,14,361,5,8,High
6135,Theft,Central,Morning,Thursday,Sunny,Medium,No,17.0,5,6,346,3,16,High
6136,Fire,East,Night,Tuesday,Rainy,Medium,Yes,23.0,26,12,78,6,2,Medium
6137,Assault,West,Evening,Wednesday,Rainy,Medium,No,22.0,9,6,213,8,4,High
6138,Theft,North,Morning,Friday,Rainy,High,No,17.0,6,32,28,8,6,High
6139,Accident,West,Evening,Saturday,Sunny,Medium,Yes,10.0,21,12,398,8,11,High
6140,Assault,Central,Morning,Saturday,Sunny,High,No,5.0,26,26,244,2,20,High
6141,Medical,North,Evening,Friday,Cloudy,Low,No,20.0,20,25,42,9,16,High
6142,Theft,Central,Night,Monday,Cloudy,Medium,No,9.0,19,21,121,3,19,High
6143,Theft,North,Morning,Wednesday,Rainy,High,Yes,8.0,29,10,177,2,12,High
6144,Assault,Central,Evening,Sunday,Cloudy,Low,Yes,4.0,18,25,387,10,9,High
6145,Theft,East,Night,Sunday,Sunny,High,Yes,3.0,22,30,462,4,14,High
6146,Fire,West,Afternoon,Thursday,Cloudy,Medium,Yes,23.0,14,15,73,1,14,Medium
6147,Fire,West,Morning,Saturday,Rainy,Medium,Yes,18.0,5,9,57,4,8,Medium
6148,Fire,West,Afternoon,Monday,Sunny,Low,No,15.0,23,14,66,10,12,High
6149,Assault,South,Morning,Tuesday,Cloudy,High,No,11.0,27,35,445,3,3,Medium
6150,Fire,North,Night,Saturday,Cloudy,High,No,5.0,22,5,258,3,3,Medium
6151,Medical,South,Night,Tuesday,Rainy,High,No,5.0,11,26,187,4,18,High
6152,Accident,East,Morning,Friday,Cloudy,Medium,Yes,25.0,21,13,269,8,16,High
6153,Fire,South,Afternoon,Friday,Cloudy,Low,Yes,6.0,30,35,110,4,18,High
6154,Fire,Central,Night,Monday,Rainy,Medium,No,13.0,14,9,94,10,14,High
6155,Accident,East,Afternoon,Tuesday,Rainy,Low,Yes,25.0,14,35,14,5,10,High
6156,Theft,South,Evening,Friday,Cloudy,Low,No,4.0,30,34,428,7,19,High
6157,Medical,Central,Night,Thursday,Rainy,High,Yes,6.0,20,33,7,2,15,High
6158,Accident,East,Night,Friday,Rainy,Low,No,3.0,13,24,469,7,0,High
6159,Fire,West,Evening,Tuesday,Rainy,Low,No,9.0,19,17,118,6,14,High
6160,Fire,South,Night,Friday,Rainy,Low,No,18.0,28,11,141,5,18,High
6161,Medical,North,Afternoon,Wednesday,Cloudy,High,No,8.0,6,7,214,4,19,High
6162,Theft,Central,Evening,Tuesday,Cloudy,High,No,4.0,9,35,443,4,9,High
6163,Theft,South,Night,Wednesday,Cloudy,High,No,24.0,13,6,481,1,13,High
6164,Assault,Central,Afternoon,Wednesday,Rainy,Low,Yes,16.0,12,35,286,8,4,High
6165,Theft,Central,Morning,Wednesday,Cloudy,Medium,No,23.0,24,19,369,6,18,High
6166,Theft,East,Evening,Friday,Sunny,Medium,Yes,13.0,6,24,146,10,0,High
6167,Assault,North,Night,Monday,Sunny,High,No,16.0,25,14,479,4,10,High
6168,Medical,East,Afternoon,Thursday,Sunny,High,Yes,6.0,20,10,30,1,19,High
6169,Assault,Central,Night,Wednesday,Cloudy,Low,Yes,3.0,22,23,248,8,8,High
6170,Assault,East,Afternoon,Saturday,Sunny,High,Yes,13.0,28,8,186,2,9,Medium
6171,Theft,North,Night,Wednesday,Sunny,High,No,15.0,30,33,274,9,7,High
6172,Accident,West,Morning,Friday,Cloudy,High,No,20.0,26,35,402,9,4,High
6173,Accident,East,Night,Sunday,Cloudy,Medium,Yes,4.0,26,32,325,3,6,Medium
6174,Theft,North,Afternoon,Tuesday,Sunny,Low,No,11.0,8,16,163,7,17,High
6175,Assault,South,Afternoon,Thursday,Sunny,High,No,3.0,18,31,206,5,5,High
6176,Medical,West,Afternoon,Saturday,Cloudy,High,Yes,8.0,21,15,371,2,0,Low
6177,Medical,North,Afternoon,Monday,Rainy,Low,Yes,22.0,25,13,224,3,9,Medium
6178,Assault,West,Afternoon,Friday,Cloudy,High,Yes,13.0,25,9,381,3,13,High
6179,Assault,Central,Morning,Tuesday,Sunny,Low,No,9.0,18,18,240,6,16,High
6180,Theft,North,Morning,Friday,Cloudy,Low,Yes,7.0,18,7,77,4,10,High
6181,Theft,South,Afternoon,Monday,Sunny,Medium,Yes,18.0,11,7,470,4,0,Medium
6182,Theft,West,Evening,Wednesday,Sunny,Low,No,6.0,6,8,180,7,4,High
6183,Medical,West,Morning,Wednesday,Cloudy,Low,No,21.0,7,8,18,1,18,High
6184,Theft,South,Afternoon,Saturday,Rainy,Low,Yes,13.0,5,23,43,2,2,Low
6185,Theft,Central,Afternoon,Thursday,Rainy,Low,Yes,19.0,19,25,500,2,5,Medium
6186,Assault,Central,Morning,Wednesday,Cloudy,Low,No,18.0,12,4,29,10,18,High
6187,Theft,East,Morning,Wednesday,Rainy,High,Yes,4.0,13,27,308,2,2,Medium
6188,Medical,South,Evening,Friday,Cloudy,Low,No,5.0,6,26,163,8,13,High
6189,Assault,South,Evening,Sunday,Rainy,High,Yes,17.0,15,18,34,10,5,High
6190,Assault,East,Morning,Sunday,Cloudy,Low,No,24.0,11,23,94,6,7,High
6191,Accident,North,Evening,Friday,Rainy,High,Yes,16.0,11,28,99,9,11,High
6192,Theft,West,Morning,Thursday,Rainy,Medium,No,14.0,19,34,280,2,11,High
6193,Theft,West,Morning,Monday,Rainy,Low,Yes,7.0,19,8,460,7,13,High
6194,Fire,Central,Night,Friday,Sunny,High,Yes,9.0,27,26,11,4,15,High
6195,Assault,Central,Night,Monday,Rainy,High,Yes,20.0,5,4,319,6,14,High
6196,Assault,East,Evening,Monday,Cloudy,Medium,No,13.0,12,20,421,1,16,High
6197,Medical,East,Evening,Thursday,Cloudy,High,Yes,12.0,14,19,51,9,8,High
6198,Medical,East,Morning,Friday,Cloudy,High,Yes,16.0,29,17,205,7,5,High
6199,Theft,East,Evening,Tuesday,Cloudy,High,Yes,9.0,13,23,274,4,7,High
6200,Fire,East,Night,Monday,Rainy,Low,Yes,24.0,19,9,237,8,15,High
6201,Medical,West,Morning,Sunday,Cloudy,Medium,No,6.0,12,35,105,2,3,Low
6202,Theft,Central,Morning,Sunday,Rainy,Medium,Yes,8.0,23,19,329,9,18,High
6203,Medical,North,Night,Tuesday,Cloudy,Medium,Yes,4.0,30,7,284,6,9,High
6204,Assault,North,Evening,Sunday,,,Yes,,27,28,395,10,8,High
6205,Medical,Central,Night,Tuesday,Rainy,High,No,14.0,28,14,418,3,11,High
6206,Fire,East,Morning,Thursday,Cloudy,Low,No,11.0,8,5,227,1,0,Low
6207,Fire,North,Morning,Wednesday,Sunny,Low,Yes,18.0,23,32,70,8,6,High
6208,Medical,West,Evening,Thursday,Sunny,Medium,No,8.0,15,11,346,2,18,High
6209,Assault,East,Evening,Sunday,Rainy,Low,No,9.0,7,19,24,6,5,High
6210,Accident,North,Morning,Thursday,Rainy,High,Yes,9.0,20,10,184,7,1,Medium
6211,Theft,South,Morning,Tuesday,Cloudy,Low,No,20.0,9,7,77,9,13,High
6212,Assault,Central,Evening,Saturday,Rainy,Medium,No,4.0,20,31,208,3,5,Medium
6213,Fire,East,Morning,Sunday,Sunny,Medium,No,16.0,24,32,374,2,16,High
6214,Medical,South,Afternoon,Monday,Cloudy,Medium,Yes,19.0,19,20,217,4,10,High
6215,Medical,South,Morning,Tuesday,Rainy,Medium,Yes,20.0,7,35,5,2,20,High
6216,Assault,North,Night,Thursday,Rainy,High,Yes,25.0,11,30,31,10,18,High
6217,Assault,North,Night,Monday,Cloudy,High,No,10.0,30,33,401,9,16,High
6218,Assault,East,Evening,Friday,Sunny,High,Yes,13.0,27,7,68,2,11,Medium
6219,Theft,Central,Afternoon,Wednesday,Cloudy,Medium,No,8.0,18,21,490,8,17,High
6220,Accident,Central,Morning,Monday,Cloudy,Medium,No,8.0,21,25,141,4,1,Medium
6221,Accident,West,Morning,Sunday,Sunny,High,Yes,16.0,17,19,251,2,10,Medium
6222,Theft,West,Afternoon,Friday,Cloudy,High,No,9.0,10,7,218,9,16,High
6223,Theft,North,Afternoon,Thursday,Cloudy,High,Yes,10.0,19,4,455,6,9,High
6224,Accident,Central,Night,Thursday,Sunny,High,Yes,23.0,9,12,312,9,14,High
6225,Theft,North,Afternoon,Monday,Sunny,High,No,18.0,20,28,418,5,17,High
6226,Accident,West,Morning,Friday,Sunny,Medium,No,9.0,7,11,134,3,11,High
6227,Assault,Central,Evening,Thursday,Rainy,Medium,No,6.0,27,4,93,3,14,High
6228,Fire,Central,Morning,Saturday,Sunny,Low,No,11.0,6,22,188,7,17,High
6229,Accident,West,Night,Monday,Sunny,Low,Yes,9.0,18,23,299,5,14,High
6230,Theft,East,Evening,Thursday,Cloudy,High,Yes,17.0,18,23,312,5,17,High
6231,Fire,Central,Night,Friday,Sunny,High,Yes,5.0,27,9,348,2,7,Medium
6232,Assault,West,Afternoon,Tuesday,Sunny,Medium,Yes,8.0,23,32,404,3,16,High
6233,Fire,West,Night,Friday,Cloudy,Medium,No,3.0,25,18,111,2,11,Medium
6234,Assault,West,Evening,Wednesday,Rainy,Low,Yes,20.0,11,31,73,10,15,High
6235,Accident,East,Night,Friday,Rainy,Medium,Yes,6.0,23,25,170,5,14,High
6236,Fire,Central,Morning,Thursday,Rainy,Low,No,4.0,13,8,352,8,12,High
6237,Accident,South,Afternoon,Friday,Rainy,Low,Yes,21.0,14,21,198,2,18,High
6238,Medical,East,Evening,Saturday,,,No,,14,14,253,5,1,Medium
6239,Theft,West,Morning,Friday,,,Yes,,19,18,85,2,1,Low
6240,Assault,West,Night,Wednesday,Sunny,Low,Yes,22.0,25,34,73,5,7,Medium
6241,Medical,Central,Morning,Wednesday,Cloudy,High,No,18.0,27,25,52,10,17,High
6242,Accident,West,Evening,Saturday,Sunny,Low,Yes,25.0,14,15,299,2,20,High
6243,Theft,West,Morning,Sunday,Rainy,High,Yes,15.0,19,6,372,4,8,High
6244,Theft,West,Afternoon,Thursday,Sunny,High,No,18.0,12,8,407,9,8,High
6245,Fire,West,Morning,Thursday,Sunny,Medium,Yes,14.0,6,12,37,3,17,High
6246,Medical,North,Morning,Thursday,Rainy,Low,No,12.0,24,24,145,6,12,High
6247,Accident,North,Evening,Friday,Cloudy,Low,No,5.0,19,27,358,1,0,Low
6248,Assault,West,Morning,Monday,Cloudy,Medium,Yes,12.0,7,13,281,8,3,High
6249,Medical,South,Afternoon,Friday,Sunny,Low,Yes,18.0,24,12,492,4,16,High
6250,Accident,North,Morning,Sunday,Rainy,Medium,Yes,5.0,25,35,345,9,3,High
6251,Fire,South,Afternoon,Saturday,Rainy,Medium,Yes,20.0,28,20,198,3,5,Medium
6252,Accident,South,Evening,Sunday,Rainy,Low,Yes,18.0,9,21,164,4,12,High
6253,Medical,South,Afternoon,Tuesday,Rainy,High,Yes,12.0,20,13,463,3,13,High
6254,Fire,South,Afternoon,Saturday,Rainy,Medium,No,4.0,29,17,324,3,12,High
6255,Accident,East,Morning,Sunday,Rainy,Low,Yes,14.0,21,17,256,2,20,High
6256,Medical,South,Evening,Saturday,Cloudy,Low,No,25.0,7,9,417,10,16,High
6257,Accident,Central,Night,Wednesday,Sunny,Low,Yes,22.0,18,18,416,2,5,Medium
6258,Accident,Central,Morning,Sunday,Sunny,High,Yes,10.0,23,35,16,3,19,High
6259,Theft,East,Evening,Wednesday,Rainy,High,No,17.0,19,27,119,10,13,High
6260,Fire,West,Afternoon,Thursday,Cloudy,Low,Yes,7.0,30,33,140,5,9,High
6261,Assault,East,Evening,Saturday,Rainy,High,Yes,20.0,11,16,105,4,8,Medium
6262,Theft,North,Night,Wednesday,Sunny,Low,Yes,5.0,12,16,278,8,10,High
6263,Assault,East,Night,Monday,Rainy,Medium,Yes,15.0,27,28,130,7,11,High
6264,Medical,South,Afternoon,Sunday,Sunny,Low,No,22.0,25,9,48,8,11,High
6265,Accident,North,Morning,Tuesday,Rainy,High,No,23.0,30,27,86,7,20,High
6266,Accident,North,Morning,Tuesday,Rainy,Low,Yes,25.0,28,19,390,2,1,Low
6267,Theft,North,Night,Tuesday,Cloudy,Low,Yes,23.0,9,12,479,1,20,High
6268,Medical,West,Night,Tuesday,Sunny,Medium,Yes,15.0,22,29,397,7,1,High
6269,Fire,Central,Night,Wednesday,Rainy,High,Yes,12.0,22,30,319,10,13,High
6270,Medical,North,Morning,Monday,Sunny,High,No,21.0,29,25,87,10,19,High
6271,Theft,Central,Afternoon,Tuesday,Rainy,Medium,Yes,19.0,11,24,333,10,6,High
6272,Fire,South,Morning,Saturday,Sunny,Low,Yes,22.0,14,29,317,3,12,High
6273,Fire,Central,Night,Sunday,Cloudy,Low,Yes,9.0,11,14,429,7,10,High
6274,Theft,East,Morning,Saturday,Rainy,Medium,No,12.0,26,11,194,9,12,High
6275,Medical,West,Evening,Friday,Rainy,High,Yes,22.0,9,16,409,7,10,High
6276,Theft,East,Night,Monday,Sunny,Low,Yes,4.0,21,4,300,7,0,High
6277,Fire,Central,Morning,Tuesday,Cloudy,Medium,No,19.0,21,23,21,7,0,Medium
6278,Theft,South,Morning,Wednesday,Cloudy,Medium,Yes,14.0,11,18,61,4,0,Low
6279,Theft,West,Morning,Sunday,Sunny,Low,No,10.0,28,30,450,9,4,High
6280,Medical,South,Morning,Tuesday,Cloudy,High,Yes,22.0,25,17,383,3,17,High
6281,Theft,Central,Night,Sunday,Cloudy,Medium,No,6.0,5,30,50,1,11,Medium
6282,Medical,West,Night,Sunday,Cloudy,Medium,No,7.0,27,6,145,1,20,High
6283,Accident,South,Morning,Friday,Cloudy,High,No,4.0,24,23,53,4,1,Medium
6284,Fire,West,Morning,Wednesday,Rainy,High,Yes,15.0,15,19,69,3,6,Medium
6285,Fire,South,Afternoon,Sunday,Rainy,Medium,Yes,15.0,30,13,7,6,15,High
6286,Theft,West,Evening,Saturday,Cloudy,Low,No,12.0,13,18,340,10,8,High
6287,Medical,West,Night,Tuesday,Cloudy,Low,No,15.0,7,31,409,1,2,Low
6288,Assault,East,Evening,Friday,Sunny,Medium,Yes,7.0,26,24,239,4,5,Medium
6289,Medical,Central,Morning,Monday,Sunny,High,No,4.0,8,17,61,10,14,High
6290,Fire,East,Night,Tuesday,Sunny,Medium,Yes,7.0,10,17,285,8,16,High
6291,Accident,North,Morning,Monday,Rainy,High,No,7.0,9,30,117,3,9,Medium
6292,Accident,West,Night,Thursday,Sunny,High,No,14.0,17,28,99,3,0,Low
6293,Assault,East,Afternoon,Wednesday,Sunny,Low,Yes,7.0,16,11,324,2,20,High
6294,Medical,North,Afternoon,Saturday,Sunny,Medium,No,22.0,22,16,160,9,7,High
6295,Assault,Central,Night,Wednesday,Cloudy,High,No,19.0,5,13,200,5,13,High
6296,Assault,North,Afternoon,Wednesday,Rainy,High,No,6.0,19,31,323,2,20,High
6297,Accident,West,Afternoon,Thursday,Rainy,High,Yes,17.0,17,31,167,9,18,High
6298,Assault,Central,Evening,Saturday,Cloudy,Low,No,18.0,19,23,282,3,5,Medium
6299,Accident,East,Night,Saturday,Cloudy,Low,Yes,17.0,17,19,412,5,10,High
6300,Medical,South,Evening,Sunday,Sunny,High,Yes,18.0,26,28,56,1,6,Low
6301,Theft,East,Night,Saturday,Rainy,Low,No,24.0,13,15,249,4,4,Medium
6302,Accident,West,Afternoon,Thursday,Rainy,Medium,Yes,18.0,25,7,35,3,20,High
6303,Fire,North,Evening,Tuesday,Sunny,Low,No,7.0,28,7,414,1,1,Low
6304,Fire,North,Evening,Tuesday,Sunny,Low,No,3.0,25,9,290,8,0,High
6305,Accident,North,Night,Sunday,Sunny,Medium,Yes,22.0,15,27,439,1,18,High
6306,Medical,Central,Evening,Wednesday,Rainy,High,Yes,15.0,11,8,64,9,1,High
6307,Fire,Central,Morning,Saturday,Cloudy,Medium,No,15.0,13,31,200,7,14,High
6308,Accident,East,Night,Sunday,Sunny,Medium,Yes,5.0,9,29,205,2,11,High
6309,Theft,East,Afternoon,Tuesday,Cloudy,Medium,No,5.0,30,23,85,5,20,High
6310,Accident,East,Morning,Thursday,Cloudy,High,Yes,3.0,5,25,253,9,1,High
6311,Medical,North,Afternoon,Tuesday,Rainy,Medium,Yes,15.0,12,17,321,6,15,High
6312,Fire,West,Night,Monday,Sunny,High,Yes,15.0,9,4,221,4,1,Medium
6313,Assault,West,Morning,Tuesday,,,No,,20,19,17,8,14,High
6314,Accident,West,Night,Monday,Sunny,Medium,No,25.0,24,4,9,7,14,High
6315,Medical,South,Evening,Wednesday,Cloudy,High,Yes,5.0,23,21,389,10,7,High
6316,Medical,West,Afternoon,Thursday,Cloudy,Low,Yes,22.0,6,15,44,7,11,High
6317,Medical,East,Evening,Saturday,Sunny,High,Yes,17.0,14,10,173,6,10,High
6318,Accident,North,Morning,Saturday,Rainy,Low,No,10.0,18,18,197,7,0,Medium
6319,Assault,South,Evening,Wednesday,Sunny,High,Yes,10.0,11,19,112,10,3,High
6320,Accident,East,Evening,Sunday,Rainy,High,Yes,9.0,10,28,341,5,7,High
6321,Accident,South,Night,Friday,Sunny,Medium,Yes,11.0,18,10,155,7,18,High
6322,Assault,Central,Evening,Friday,Sunny,Medium,Yes,12.0,25,5,212,6,14,High
6323,Assault,North,Night,Monday,Sunny,High,Yes,6.0,9,26,9,7,17,High
6324,Theft,East,Night,Monday,Rainy,Medium,No,21.0,27,32,136,3,17,High
6325,Theft,South,Morning,Saturday,Cloudy,High,No,4.0,30,5,201,10,10,High
6326,Theft,East,Night,Saturday,Sunny,Low,No,12.0,30,32,229,10,13,High
6327,Assault,South,Evening,Thursday,Cloudy,Medium,Yes,7.0,14,31,204,6,2,Medium
6328,Medical,North,Afternoon,Thursday,Sunny,Medium,Yes,5.0,18,12,434,3,11,High
6329,Accident,West,Night,Friday,Rainy,Low,Yes,24.0,14,35,417,3,16,High
6330,Medical,North,Evening,Wednesday,Cloudy,Medium,Yes,5.0,24,21,492,7,16,High
6331,Assault,South,Morning,Thursday,Sunny,Medium,Yes,4.0,6,12,352,6,17,High
6332,Accident,Central,Evening,Monday,Cloudy,Low,No,8.0,24,6,69,2,3,Low
6333,Fire,East,Evening,Thursday,Sunny,Medium,Yes,25.0,11,9,193,3,20,High
6334,Medical,South,Evening,Tuesday,Sunny,Low,Yes,13.0,9,10,82,9,19,High
6335,Theft,North,Evening,Sunday,Rainy,Medium,No,12.0,10,18,488,2,2,Medium
6336,Theft,South,Morning,Thursday,Cloudy,Low,No,23.0,26,18,132,1,19,High
6337,Medical,East,Evening,Sunday,Cloudy,Low,Yes,12.0,12,14,299,4,10,High
6338,Medical,Central,Evening,Tuesday,Sunny,Low,No,9.0,22,33,341,10,18,High
6339,Assault,East,Afternoon,Thursday,Sunny,Low,Yes,11.0,21,32,293,5,2,Medium
6340,Theft,West,Afternoon,Tuesday,Cloudy,Low,No,6.0,22,35,86,10,1,High
6341,Theft,West,Morning,Thursday,Sunny,Low,Yes,15.0,10,5,41,1,3,Low
6342,Assault,West,Afternoon,Monday,Cloudy,High,Yes,23.0,25,6,238,10,11,High
6343,Assault,East,Evening,Tuesday,Rainy,Low,Yes,23.0,6,25,215,7,11,High
6344,Assault,South,Night,Thursday,,,No,,18,8,223,3,15,High
6345,Theft,North,Night,Friday,Cloudy,Low,No,24.0,7,31,450,5,6,High
6346,Medical,South,Morning,Monday,Rainy,High,No,19.0,16,15,334,3,3,Medium
6347,Medical,Central,Night,Thursday,Cloudy,Low,No,21.0,13,30,75,10,5,High
6348,Assault,North,Morning,Monday,Sunny,High,Yes,6.0,22,27,398,7,3,High
6349,Assault,East,Evening,Saturday,Rainy,Low,No,10.0,19,31,477,1,15,High
6350,Accident,North,Afternoon,Friday,Rainy,Medium,Yes,21.0,6,16,248,6,5,High
6351,Assault,South,Night,Tuesday,Rainy,High,Yes,24.0,26,18,197,8,15,High
6352,Theft,South,Morning,Saturday,Rainy,Low,Yes,14.0,24,18,483,7,6,High
6353,Medical,Central,Afternoon,Saturday,Rainy,High,No,22.0,8,15,311,1,19,High
6354,Accident,Central,Morning,Thursday,Rainy,High,Yes,6.0,5,16,112,2,2,Low
6355,Accident,East,Afternoon,Friday,Rainy,High,No,5.0,10,7,458,1,18,High
6356,Accident,South,Evening,Saturday,Rainy,Medium,Yes,10.0,21,23,468,10,12,High
6357,Theft,South,Night,Tuesday,Rainy,Low,No,8.0,11,7,214,10,12,High
6358,Theft,Central,Morning,Saturday,Rainy,Medium,Yes,19.0,7,25,245,6,1,Medium
6359,Theft,East,Evening,Thursday,Rainy,Medium,No,19.0,10,30,395,4,13,High
6360,Fire,West,Night,Friday,Cloudy,High,No,5.0,6,6,180,8,7,High
6361,Theft,East,Morning,Tuesday,Rainy,Medium,Yes,18.0,15,32,435,5,5,High
6362,Medical,East,Evening,Thursday,Rainy,Low,Yes,14.0,11,35,51,10,12,High
6363,Medical,South,Night,Sunday,Sunny,Medium,No,16.0,18,22,283,6,20,High
6364,Accident,North,Afternoon,Tuesday,Sunny,High,Yes,19.0,11,13,435,6,5,High
6365,Theft,East,Morning,Monday,Sunny,Low,Yes,12.0,11,32,83,3,18,High
6366,Medical,North,Morning,Friday,Rainy,Low,Yes,12.0,26,12,153,10,3,High
6367,Medical,South,Afternoon,Tuesday,Rainy,High,No,11.0,24,10,424,8,15,High
6368,Assault,North,Afternoon,Wednesday,Cloudy,Low,Yes,21.0,27,31,58,2,0,Low
6369,Assault,Central,Night,Thursday,Rainy,Low,No,10.0,30,23,296,7,19,High
6370,Theft,West,Afternoon,Monday,Cloudy,Medium,Yes,17.0,24,17,382,5,12,High
6371,Assault,Central,Morning,Saturday,Sunny,Medium,No,25.0,26,12,332,2,18,High
6372,Accident,East,Night,Thursday,Sunny,High,No,20.0,20,19,149,7,5,High
6373,Theft,South,Evening,Wednesday,Cloudy,High,Yes,9.0,8,9,437,9,14,High
6374,Assault,East,Evening,Tuesday,Sunny,Low,Yes,18.0,13,24,288,6,12,High
6375,Assault,Central,Afternoon,Tuesday,Sunny,High,Yes,15.0,7,16,57,9,11,High
6376,Theft,Central,Evening,Thursday,Cloudy,High,No,25.0,14,31,364,10,1,High
6377,Theft,Central,Night,Friday,Cloudy,High,No,7.0,14,6,18,5,15,High
6378,Medical,North,Evening,Saturday,Sunny,Medium,No,22.0,5,20,401,2,15,High
6379,Theft,West,Afternoon,Sunday,Rainy,Low,Yes,8.0,20,24,38,2,11,Medium
6380,Fire,South,Afternoon,Tuesday,Rainy,Low,Yes,4.0,30,29,19,3,9,Medium
6381,Theft,North,Afternoon,Monday,Rainy,Low,No,21.0,24,9,413,10,14,High
6382,Theft,Central,Night,Friday,Rainy,High,No,25.0,17,33,47,7,19,High
6383,Assault,North,Evening,Monday,Rainy,High,Yes,8.0,17,28,35,9,12,High
6384,Theft,West,Afternoon,Tuesday,Sunny,Low,No,21.0,20,6,340,7,11,High
6385,Theft,Central,Night,Saturday,Sunny,High,No,5.0,30,26,342,2,4,Medium
6386,Assault,South,Evening,Friday,Cloudy,Low,No,6.0,30,31,235,3,7,Medium
6387,Assault,Central,Evening,Monday,Rainy,Medium,No,19.0,18,9,221,3,15,High
6388,Assault,Central,Night,Tuesday,Rainy,Low,Yes,16.0,8,12,66,2,0,Low
6389,Assault,North,Evening,Friday,Cloudy,High,Yes,24.0,21,33,137,5,19,High
6390,Medical,Central,Afternoon,Tuesday,Cloudy,High,Yes,7.0,26,26,285,8,3,High
6391,Accident,South,Morning,Wednesday,Sunny,Low,Yes,9.0,18,30,252,10,18,High
6392,Fire,Central,Afternoon,Thursday,,,No,,28,8,35,7,0,Medium
6393,Assault,West,Night,Tuesday,Sunny,Medium,No,21.0,30,17,98,6,19,High
6394,Theft,North,Evening,Tuesday,Sunny,Medium,Yes,17.0,19,17,224,3,13,High
6395,Accident,North,Night,Monday,Cloudy,High,No,24.0,13,19,346,8,19,High
6396,Assault,Central,Evening,Friday,Rainy,Low,No,15.0,18,20,393,3,15,High
6397,Assault,West,Night,Sunday,Sunny,High,Yes,10.0,7,5,129,7,3,High
6398,Accident,North,Afternoon,Saturday,Rainy,Medium,Yes,7.0,24,23,360,10,15,High
6399,Medical,North,Night,Friday,Sunny,Low,No,5.0,26,20,304,10,1,High
6400,Fire,West,Afternoon,Saturday,Sunny,Medium,Yes,14.0,26,4,444,6,18,High
6401,Fire,South,Afternoon,Saturday,Rainy,Low,Yes,3.0,15,22,244,4,10,High
6402,Accident,North,Night,Saturday,Cloudy,Low,No,15.0,27,15,287,8,8,High
6403,Theft,South,Afternoon,Sunday,Sunny,Medium,Yes,25.0,16,34,305,6,8,High
6404,Theft,West,Night,Wednesday,Sunny,Medium,No,15.0,14,6,384,1,10,Medium
6405,Theft,Central,Night,Saturday,Rainy,Low,No,24.0,9,22,313,8,10,High
6406,Assault,East,Evening,Friday,Rainy,High,Yes,17.0,15,35,459,6,0,Medium
6407,Medical,West,Evening,Tuesday,Rainy,High,Yes,12.0,22,11,94,10,3,High
6408,Accident,North,Morning,Saturday,Rainy,Low,Yes,15.0,16,22,393,5,6,High
6409,Assault,West,Afternoon,Thursday,Rainy,Low,No,7.0,18,25,363,3,4,Medium
6410,Assault,Central,Morning,Sunday,Rainy,High,Yes,25.0,28,10,439,4,8,High
6411,Theft,East,Night,Friday,Sunny,High,Yes,14.0,28,28,313,9,12,High
6412,Medical,West,Evening,Thursday,Rainy,Low,Yes,10.0,26,28,435,2,18,High
6413,Theft,East,Evening,Wednesday,Rainy,Low,No,18.0,18,35,366,3,16,High
6414,Accident,North,Morning,Friday,Rainy,Low,Yes,10.0,24,7,152,10,2,High
6415,Accident,South,Night,Monday,Cloudy,Low,Yes,23.0,20,10,373,6,10,High
6416,Accident,Central,Evening,Tuesday,Rainy,Low,Yes,25.0,7,13,43,10,5,High
6417,Fire,North,Night,Friday,Rainy,Medium,No,16.0,18,29,62,5,5,Medium
6418,Medical,Central,Evening,Sunday,Rainy,Low,Yes,3.0,27,13,432,1,19,High
6419,Theft,East,Morning,Tuesday,Rainy,Low,No,23.0,9,5,367,2,3,Medium
6420,Theft,East,Morning,Monday,Rainy,Medium,Yes,7.0,19,32,447,6,8,High
6421,Medical,Central,Morning,Sunday,Cloudy,Low,No,16.0,14,31,275,9,15,High
6422,Accident,North,Evening,Sunday,Rainy,High,No,7.0,17,5,356,10,10,High
6423,Theft,South,Afternoon,Tuesday,Sunny,Medium,No,18.0,9,10,49,5,6,Medium
6424,Medical,North,Afternoon,Friday,Rainy,Medium,No,10.0,18,31,274,9,12,High
6425,Accident,South,Night,Wednesday,Rainy,Low,Yes,25.0,28,32,176,9,18,High
6426,Accident,South,Afternoon,Friday,Cloudy,Low,Yes,19.0,27,22,211,6,4,High
6427,Fire,Central,Afternoon,Friday,,,No,,24,30,219,2,1,Low
6428,Theft,North,Afternoon,Thursday,Rainy,High,Yes,5.0,15,10,100,2,12,High
6429,Medical,Central,Night,Monday,Sunny,High,No,3.0,24,30,409,2,4,Medium
6430,Accident,East,Night,Tuesday,Cloudy,Low,No,17.0,7,27,433,8,10,High
6431,Accident,East,Night,Friday,Rainy,High,Yes,16.0,27,8,214,8,9,High
6432,Medical,East,Morning,Wednesday,Rainy,Low,Yes,22.0,28,5,173,10,3,High
6433,Theft,North,Afternoon,Monday,Rainy,Low,Yes,7.0,28,25,200,3,12,High
6434,Fire,East,Night,Thursday,Rainy,Medium,No,10.0,12,4,240,9,1,High
6435,Assault,East,Morning,Monday,Cloudy,Low,Yes,17.0,28,4,335,9,17,High
6436,Assault,South,Afternoon,Wednesday,Cloudy,Medium,No,7.0,23,31,241,1,20,High
6437,Accident,South,Evening,Sunday,Cloudy,Low,No,17.0,6,16,175,2,20,High
6438,Assault,North,Evening,Friday,Sunny,High,Yes,4.0,12,25,340,2,1,Medium
6439,Accident,West,Evening,Monday,Rainy,Low,No,11.0,12,35,429,5,18,High
6440,Medical,West,Afternoon,Thursday,Cloudy,High,Yes,9.0,23,15,491,9,10,High
6441,Fire,East,Night,Wednesday,Sunny,High,No,5.0,30,27,346,5,2,Medium
6442,Fire,North,Evening,Wednesday,Sunny,High,No,16.0,14,17,481,6,1,High
6443,Assault,Central,Afternoon,Thursday,Sunny,Medium,No,6.0,13,13,218,10,11,High
6444,Medical,South,Afternoon,Wednesday,Sunny,Low,No,10.0,6,7,470,4,19,High
6445,Assault,West,Afternoon,Monday,Cloudy,Medium,No,14.0,27,16,61,8,11,High
6446,Theft,Central,Afternoon,Sunday,Rainy,High,Yes,6.0,15,12,403,3,2,Medium
6447,Assault,South,Evening,Wednesday,Sunny,Low,Yes,21.0,20,6,4,7,18,High
6448,Medical,Central,Night,Tuesday,Rainy,High,No,23.0,23,31,409,1,7,Medium
6449,Accident,West,Night,Wednesday,Rainy,Low,No,3.0,26,34,73,2,7,Medium
6450,Fire,East,Night,Tuesday,Cloudy,Medium,Yes,15.0,13,13,19,8,19,High
6451,Medical,North,Evening,Wednesday,,,Yes,,9,8,15,7,6,High
6452,Theft,South,Afternoon,Thursday,Cloudy,Medium,Yes,12.0,15,21,473,9,2,High
6453,Accident,East,Afternoon,Sunday,Sunny,Medium,Yes,11.0,10,13,131,6,13,High
6454,Accident,North,Morning,Wednesday,Cloudy,High,No,3.0,20,23,94,10,20,High
6455,Medical,East,Evening,Tuesday,Cloudy,Low,Yes,19.0,11,12,312,3,15,High
6456,Theft,East,Morning,Saturday,Sunny,High,Yes,23.0,18,31,379,10,3,High
6457,Fire,North,Evening,Saturday,Sunny,High,No,4.0,7,34,278,7,14,High
6458,Theft,North,Evening,Wednesday,Cloudy,Low,Yes,11.0,30,6,493,8,9,High
6459,Medical,South,Afternoon,Tuesday,Rainy,Low,No,25.0,18,23,66,3,5,Medium
6460,Fire,Central,Afternoon,Wednesday,Rainy,Medium,No,24.0,16,6,399,5,20,High
6461,Fire,East,Afternoon,Saturday,Rainy,Medium,No,8.0,27,16,300,10,10,High
6462,Theft,West,Evening,Friday,Rainy,Low,No,16.0,29,32,81,3,20,High
6463,Fire,West,Morning,Wednesday,Rainy,Low,No,12.0,28,29,147,2,11,Medium
6464,Medical,Central,Morning,Tuesday,Rainy,Medium,No,19.0,15,10,180,6,17,High
6465,Fire,Central,Morning,Monday,Sunny,Low,Yes,21.0,16,25,141,5,19,High
6466,Fire,North,Night,Monday,Cloudy,Medium,No,7.0,28,9,420,9,6,High
6467,Theft,North,Afternoon,Sunday,Cloudy,High,Yes,21.0,19,17,183,3,2,Low
6468,Medical,North,Morning,Monday,Rainy,Medium,No,16.0,15,13,49,4,4,Medium
6469,Theft,East,Afternoon,Sunday,Cloudy,Low,Yes,14.0,13,22,461,2,0,Low
6470,Medical,North,Evening,Sunday,Sunny,High,Yes,16.0,18,25,478,9,12,High
6471,Medical,South,Night,Wednesday,Rainy,High,No,10.0,29,19,80,7,4,High
6472,Theft,East,Evening,Friday,Cloudy,High,No,16.0,16,13,291,5,9,High
6473,Medical,North,Night,Tuesday,Cloudy,High,Yes,7.0,16,33,240,1,6,Medium
6474,Accident,South,Afternoon,Tuesday,Sunny,High,No,8.0,18,12,461,8,15,High
6475,Assault,North,Morning,Tuesday,Sunny,Low,No,7.0,15,6,75,7,14,High
6476,Fire,South,Night,Tuesday,Cloudy,Medium,No,19.0,21,14,244,1,11,Medium
6477,Medical,West,Night,Tuesday,Rainy,Low,No,5.0,20,25,316,10,7,High
6478,Assault,West,Morning,Saturday,Sunny,Medium,Yes,18.0,27,29,277,4,12,High
6479,Fire,West,Night,Monday,Cloudy,High,No,18.0,9,6,290,8,12,High
6480,Fire,East,Night,Friday,Sunny,Low,Yes,4.0,7,15,380,7,11,High
6481,Accident,North,Night,Tuesday,Rainy,Low,No,17.0,6,18,140,10,19,High
6482,Medical,West,Night,Thursday,Cloudy,Medium,No,12.0,7,21,203,4,9,High
6483,Assault,Central,Morning,Friday,Cloudy,High,Yes,11.0,8,18,375,10,18,High
6484,Medical,West,Evening,Wednesday,Cloudy,High,Yes,8.0,5,32,390,10,6,High
6485,Fire,Central,Morning,Saturday,Sunny,Medium,No,14.0,9,25,426,8,11,High
6486,Theft,Central,Night,Tuesday,Cloudy,Medium,No,3.0,5,16,469,3,10,High
6487,Theft,South,Afternoon,Tuesday,Sunny,High,No,18.0,21,34,340,1,5,Medium
6488,Theft,South,Afternoon,Friday,Rainy,High,No,23.0,17,17,396,9,6,High
6489,Accident,Central,Afternoon,Tuesday,Rainy,Low,Yes,23.0,17,5,139,8,7,High
6490,Medical,East,Night,Monday,Cloudy,High,Yes,3.0,18,6,375,8,10,High
6491,Theft,South,Morning,Friday,Sunny,Medium,Yes,23.0,27,26,345,7,19,High
6492,Assault,East,Night,Sunday,Cloudy,High,No,9.0,29,4,209,10,14,High
6493,Theft,West,Morning,Tuesday,Rainy,Medium,No,12.0,17,8,276,4,12,High
6494,Medical,Central,Afternoon,Tuesday,Cloudy,Low,No,16.0,15,24,63,10,15,High
6495,Accident,North,Evening,Thursday,Sunny,Low,Yes,12.0,24,10,248,3,1,Medium
6496,Fire,Central,Morning,Monday,Sunny,Medium,Yes,6.0,17,35,273,4,7,High
6497,Theft,Central,Evening,Monday,Sunny,Low,No,4.0,28,20,329,5,15,High
6498,Theft,South,Evening,Friday,Sunny,High,Yes,7.0,24,6,168,5,11,High
6499,Medical,South,Afternoon,Thursday,Sunny,High,Yes,23.0,6,16,466,6,15,High
6500,Assault,North,Night,Sunday,Rainy,Low,No,19.0,29,18,28,4,15,High
6501,Medical,Central,Morning,Sunday,Cloudy,Low,Yes,23.0,16,35,52,7,4,High
6502,Fire,North,Afternoon,Saturday,Cloudy,Medium,No,24.0,18,5,401,4,3,Medium
6503,Fire,North,Evening,Tuesday,Sunny,High,Yes,5.0,14,5,458,4,2,Medium
6504,Assault,West,Morning,Tuesday,Cloudy,High,Yes,17.0,18,8,29,5,5,Medium
6505,Fire,South,Afternoon,Saturday,Cloudy,Low,No,11.0,16,20,68,4,7,Medium
6506,Accident,South,Night,Thursday,Rainy,High,No,15.0,10,11,265,8,3,High
6507,Theft,East,Morning,Thursday,Sunny,Medium,Yes,18.0,18,13,225,6,0,Medium
6508,Assault,North,Morning,Sunday,Rainy,Low,Yes,8.0,7,5,33,3,9,Medium
6509,Theft,North,Evening,Sunday,Sunny,High,Yes,13.0,15,15,491,7,9,High
6510,Medical,East,Night,Wednesday,Sunny,Medium,Yes,6.0,17,10,130,5,11,High
6511,Medical,Central,Afternoon,Sunday,Sunny,High,Yes,19.0,26,34,78,10,6,High
6512,Assault,North,Evening,Tuesday,Rainy,Low,No,25.0,17,32,386,3,7,Medium
6513,Medical,Central,Morning,Saturday,Sunny,Low,No,6.0,11,24,255,2,1,Low
6514,Theft,Central,Night,Monday,Sunny,Low,Yes,7.0,13,19,472,6,11,High
6515,Theft,North,Afternoon,Sunday,Sunny,High,Yes,19.0,5,23,47,7,17,High
6516,Assault,North,Morning,Saturday,Sunny,High,No,21.0,26,4,63,7,1,Medium
6517,Assault,Central,Morning,Tuesday,Rainy,High,Yes,25.0,24,34,137,8,13,High
6518,Medical,South,Evening,Wednesday,Rainy,Medium,Yes,22.0,11,23,224,2,7,Medium
6519,Assault,West,Morning,Wednesday,Rainy,Medium,No,12.0,20,9,175,9,14,High
6520,Fire,East,Night,Friday,Rainy,Low,Yes,11.0,12,13,295,9,12,High
6521,Theft,Central,Afternoon,Saturday,Cloudy,High,Yes,6.0,15,30,482,9,20,High
6522,Assault,South,Morning,Sunday,Rainy,High,Yes,9.0,6,13,104,7,8,High
6523,Assault,South,Morning,Monday,Sunny,High,No,14.0,9,8,11,5,3,Medium
6524,Accident,West,Morning,Wednesday,Cloudy,Low,No,25.0,25,15,380,4,6,Medium
6525,Assault,South,Morning,Tuesday,Sunny,Medium,No,22.0,24,29,486,9,18,High
6526,Medical,East,Morning,Thursday,,,Yes,,22,27,430,3,16,High
6527,Assault,South,Evening,Thursday,Cloudy,High,No,24.0,22,26,293,2,0,Low
6528,Theft,East,Evening,Tuesday,Cloudy,Low,No,22.0,20,7,174,8,17,High
6529,Fire,North,Morning,Saturday,Rainy,High,Yes,14.0,20,33,318,1,11,Medium
6530,Medical,Central,Night,Wednesday,Sunny,Medium,Yes,19.0,28,7,399,7,17,High
6531,Assault,West,Night,Saturday,Sunny,Low,No,6.0,22,34,91,9,1,High
6532,Theft,Central,Morning,Tuesday,Cloudy,Medium,Yes,5.0,16,18,374,5,2,Medium
6533,Assault,South,Night,Tuesday,Rainy,Medium,No,15.0,10,7,100,8,12,High
6534,Assault,East,Evening,Monday,Rainy,Low,No,21.0,29,31,423,1,18,High
6535,Assault,East,Evening,Wednesday,Cloudy,High,No,7.0,16,12,120,3,18,High
6536,Theft,South,Morning,Monday,Rainy,Medium,No,16.0,26,11,478,6,14,High
6537,Theft,West,Evening,Tuesday,Cloudy,High,Yes,4.0,28,20,178,6,7,High
6538,Assault,East,Afternoon,Tuesday,Rainy,High,Yes,24.0,19,4,235,9,5,High
6539,Medical,South,Afternoon,Saturday,Sunny,High,Yes,20.0,14,20,86,5,6,Medium
6540,Fire,West,Morning,Saturday,Sunny,High,No,5.0,6,29,381,2,15,High
6541,Medical,East,Evening,Tuesday,Rainy,High,No,10.0,22,17,415,9,18,High
6542,Theft,South,Evening,Sunday,Sunny,Medium,No,7.0,22,22,356,8,2,High
6543,Theft,Central,Night,Tuesday,Sunny,Low,Yes,5.0,23,16,129,1,19,High
6544,Fire,South,Afternoon,Wednesday,Rainy,Low,No,13.0,6,30,53,6,18,High
6545,Fire,South,Afternoon,Thursday,Cloudy,High,No,20.0,28,19,390,10,7,High
6546,Accident,Central,Afternoon,Friday,Cloudy,High,No,13.0,28,7,343,4,7,High
6547,Accident,Central,Evening,Monday,Rainy,Medium,No,5.0,14,4,383,10,16,High
6548,Assault,South,Morning,Monday,Rainy,Low,No,12.0,9,15,141,8,12,High
6549,Theft,East,Afternoon,Friday,Cloudy,Low,No,11.0,30,34,238,5,1,Medium
6550,Medical,East,Evening,Thursday,Rainy,Low,Yes,6.0,24,13,460,9,19,High
6551,Accident,West,Morning,Monday,Sunny,Low,Yes,21.0,12,5,251,8,19,High
6552,Medical,North,Night,Friday,Cloudy,Medium,Yes,11.0,23,10,221,8,0,High
6553,Theft,North,Morning,Saturday,Sunny,Medium,Yes,24.0,19,17,234,6,18,High
6554,Accident,West,Evening,Monday,Cloudy,Low,Yes,8.0,10,24,488,4,13,High
6555,Medical,Central,Night,Friday,Cloudy,High,Yes,5.0,8,18,66,3,4,Medium
6556,Medical,East,Morning,Saturday,Cloudy,Medium,No,3.0,20,4,208,9,13,High
6557,Medical,East,Evening,Saturday,Sunny,High,No,5.0,18,25,394,3,8,High
6558,Accident,South,Evening,Monday,Rainy,Low,No,24.0,7,6,495,10,16,High
6559,Theft,Central,Morning,Sunday,Sunny,Medium,Yes,21.0,10,17,431,8,9,High
6560,Medical,North,Night,Saturday,Sunny,Medium,No,14.0,7,18,182,5,12,High
6561,Medical,West,Afternoon,Wednesday,Cloudy,High,Yes,10.0,28,18,437,5,10,High
6562,Assault,North,Evening,Tuesday,Sunny,Medium,Yes,3.0,25,15,447,8,17,High
6563,Medical,West,Morning,Thursday,Sunny,Medium,Yes,7.0,18,16,438,8,5,High
6564,Assault,Central,Morning,Monday,Rainy,Low,No,9.0,15,10,388,4,17,High
6565,Accident,East,Afternoon,Monday,Sunny,High,Yes,13.0,19,17,7,6,6,High
6566,Accident,East,Morning,Monday,,,No,,7,23,243,6,19,High
6567,Fire,South,Night,Saturday,Cloudy,Low,Yes,10.0,7,25,281,10,9,High
6568,Accident,North,Night,Wednesday,Sunny,Low,Yes,12.0,18,26,348,1,14,High
6569,Accident,South,Afternoon,Tuesday,Sunny,Medium,Yes,20.0,28,29,14,1,13,Medium
6570,Assault,North,Evening,Tuesday,Cloudy,Medium,No,8.0,9,21,329,1,9,Medium
6571,Accident,East,Morning,Friday,Cloudy,Low,Yes,15.0,20,12,39,1,6,Low
6572,Accident,South,Morning,Friday,Sunny,Low,No,19.0,15,32,434,1,0,Low
6573,Fire,North,Morning,Tuesday,Cloudy,Low,Yes,24.0,17,23,153,10,8,High
6574,Medical,South,Evening,Thursday,Sunny,High,No,16.0,25,25,289,1,15,High
6575,Assault,Central,Night,Friday,Sunny,Medium,Yes,7.0,5,15,391,9,13,High
6576,Accident,South,Night,Friday,Cloudy,Low,Yes,19.0,5,35,292,3,8,Medium
6577,Accident,East,Night,Sunday,Rainy,Low,Yes,6.0,19,34,181,8,1,High
6578,Accident,West,Afternoon,Thursday,Rainy,Medium,Yes,25.0,29,11,215,2,20,High
6579,Fire,North,Morning,Tuesday,Cloudy,Low,Yes,20.0,5,11,378,10,13,High
6580,Assault,East,Evening,Wednesday,Rainy,Low,No,24.0,14,32,236,10,1,High
6581,Theft,East,Morning,Friday,Sunny,High,No,8.0,7,17,101,1,15,High
6582,Assault,South,Morning,Sunday,Cloudy,Medium,Yes,16.0,5,22,68,9,18,High
6583,Accident,West,Afternoon,Sunday,Rainy,Low,No,7.0,10,10,157,9,7,High
6584,Fire,South,Morning,Wednesday,Rainy,Medium,No,7.0,25,26,436,7,16,High
6585,Accident,West,Evening,Wednesday,Sunny,High,Yes,23.0,24,26,361,4,5,Medium
6586,Theft,South,Morning,Thursday,Cloudy,Medium,No,14.0,27,20,16,6,13,High
6587,Theft,South,Afternoon,Tuesday,Sunny,Low,Yes,18.0,23,12,66,4,18,High
6588,Fire,Central,Night,Sunday,Sunny,High,Yes,24.0,12,13,458,8,0,High
6589,Theft,West,Morning,Monday,Cloudy,Medium,Yes,23.0,16,12,16,7,1,Medium
6590,Assault,West,Evening,Tuesday,Sunny,Low,No,21.0,26,35,415,1,12,High
6591,Assault,East,Afternoon,Monday,Rainy,High,No,18.0,20,17,341,4,20,High
6592,Accident,South,Night,Friday,Sunny,Medium,No,19.0,28,5,83,8,5,High
6593,Medical,North,Morning,Friday,Sunny,High,Yes,20.0,6,31,378,3,6,Medium
6594,Assault,East,Afternoon,Thursday,Sunny,Low,No,13.0,27,12,154,8,10,High
6595,Fire,West,Afternoon,Friday,Rainy,Medium,Yes,8.0,28,16,470,2,1,Medium
6596,Theft,South,Afternoon,Saturday,Cloudy,Low,Yes,7.0,20,34,201,2,19,High
6597,Assault,East,Night,Monday,Rainy,High,No,21.0,5,19,336,7,8,High
6598,Theft,North,Morning,Friday,Rainy,Medium,No,10.0,7,5,303,3,20,High
6599,Theft,South,Morning,Saturday,Rainy,Low,No,11.0,14,35,192,1,15,High
6600,Medical,South,Afternoon,Tuesday,Cloudy,Medium,Yes,22.0,5,34,248,5,9,High
6601,Fire,North,Evening,Sunday,Rainy,Medium,Yes,10.0,17,13,456,4,15,High
6602,Medical,South,Morning,Friday,Cloudy,Medium,No,8.0,17,30,360,1,14,High
6603,Fire,East,Afternoon,Friday,Rainy,Medium,Yes,6.0,21,31,488,3,20,High
6604,Fire,East,Afternoon,Saturday,Rainy,High,Yes,18.0,14,15,136,10,17,High
6605,Medical,South,Night,Tuesday,Rainy,Medium,No,11.0,9,28,427,10,6,High
6606,Accident,East,Evening,Saturday,Cloudy,High,No,11.0,8,5,108,9,0,High
6607,Assault,South,Night,Thursday,Rainy,High,No,10.0,25,33,36,1,19,High
6608,Fire,East,Evening,Saturday,Cloudy,High,No,3.0,30,35,379,7,17,High
6609,Assault,East,Evening,Sunday,Sunny,Low,No,6.0,19,5,12,2,14,High
6610,Accident,West,Evening,Sunday,Sunny,Low,Yes,7.0,11,8,244,5,4,Medium
6611,Medical,West,Night,Sunday,Rainy,Medium,Yes,15.0,16,35,469,1,14,High
6612,Assault,West,Night,Saturday,Sunny,Low,No,12.0,27,21,154,4,7,Medium
6613,Medical,West,Morning,Tuesday,Sunny,Medium,No,24.0,12,32,198,10,13,High
6614,Theft,East,Evening,Sunday,Sunny,Medium,Yes,16.0,20,20,253,10,15,High
6615,Theft,East,Evening,Thursday,Rainy,Low,Yes,22.0,26,11,425,6,2,High
6616,Assault,South,Evening,Saturday,Cloudy,Low,No,6.0,25,16,343,8,17,High
6617,Medical,South,Evening,Sunday,Cloudy,Low,Yes,22.0,12,16,247,7,15,High
6618,Fire,North,Evening,Monday,Sunny,Medium,Yes,24.0,10,28,287,8,12,High
6619,Theft,East,Morning,Tuesday,Sunny,Low,Yes,17.0,21,24,353,4,19,High
6620,Assault,Central,Evening,Tuesday,Cloudy,Low,No,18.0,20,18,13,10,12,High
6621,Accident,East,Evening,Friday,Cloudy,Medium,Yes,16.0,8,11,475,5,14,High
6622,Theft,North,Evening,Sunday,Sunny,Low,Yes,3.0,5,11,448,9,9,High
6623,Assault,Central,Night,Saturday,Sunny,High,No,16.0,28,30,11,5,15,High
6624,Assault,South,Afternoon,Monday,Sunny,Medium,No,9.0,12,16,149,7,11,High
6625,Assault,West,Night,Tuesday,Cloudy,Medium,Yes,9.0,7,6,205,8,0,High
6626,Accident,North,Afternoon,Thursday,Rainy,Medium,Yes,11.0,7,21,296,4,13,High
6627,Accident,South,Evening,Monday,Sunny,Low,No,4.0,24,16,235,3,4,Medium
6628,Theft,East,Night,Wednesday,Cloudy,High,No,15.0,20,7,175,6,9,High
6629,Medical,West,Morning,Tuesday,Rainy,Low,Yes,7.0,30,5,420,1,3,Medium
6630,Theft,North,Afternoon,Monday,Sunny,Medium,Yes,16.0,7,6,101,7,17,High
6631,Medical,North,Morning,Sunday,Cloudy,Medium,No,7.0,30,32,386,6,20,High
6632,Theft,Central,Night,Tuesday,Cloudy,Medium,Yes,16.0,11,22,261,1,17,High
6633,Medical,North,Evening,Thursday,Cloudy,Low,Yes,17.0,14,28,134,10,8,High
6634,Assault,West,Evening,Tuesday,Cloudy,High,Yes,20.0,11,24,340,3,2,Medium
6635,Theft,Central,Evening,Monday,Rainy,High,No,7.0,27,21,168,4,12,High
6636,Assault,Central,Night,Friday,Cloudy,High,No,23.0,23,15,51,4,17,High
6637,Fire,West,Evening,Thursday,Cloudy,High,Yes,21.0,17,33,263,7,15,High
6638,Accident,South,Morning,Thursday,Sunny,High,No,24.0,18,31,166,9,19,High
6639,Medical,North,Morning,Monday,,,Yes,,28,21,244,9,17,High
6640,Accident,North,Morning,Tuesday,Sunny,Low,No,24.0,28,28,146,9,4,High
6641,Medical,Central,Morning,Saturday,Cloudy,Low,No,21.0,15,34,123,9,10,High
6642,Assault,West,Morning,Thursday,Cloudy,High,No,17.0,12,15,193,3,5,Medium
6643,Assault,Central,Afternoon,Sunday,Rainy,Low,Yes,14.0,5,9,204,1,4,Low
6644,Assault,North,Night,Saturday,Cloudy,High,Yes,25.0,6,24,488,10,17,High
6645,Fire,West,Evening,Saturday,Rainy,High,Yes,9.0,18,35,126,3,4,Medium
6646,Theft,North,Afternoon,Monday,Cloudy,Low,No,18.0,11,11,385,2,18,High
6647,Assault,East,Morning,Friday,Cloudy,Low,Yes,15.0,12,8,92,3,3,Medium
6648,Medical,West,Afternoon,Wednesday,Rainy,Medium,Yes,11.0,5,25,125,8,7,High
6649,Fire,East,Afternoon,Friday,Cloudy,High,No,15.0,29,31,401,4,4,Medium
6650,Accident,South,Night,Thursday,Sunny,Low,Yes,21.0,5,32,420,7,7,High
6651,Fire,West,Morning,Saturday,Cloudy,High,No,3.0,5,15,76,3,16,High
6652,Assault,South,Afternoon,Thursday,Sunny,Low,Yes,5.0,14,8,320,1,6,Medium
6653,Accident,East,Night,Wednesday,Sunny,High,No,20.0,7,20,112,10,6,High
6654,Fire,East,Morning,Sunday,Rainy,Medium,Yes,24.0,15,32,124,3,16,High
6655,Assault,North,Morning,Tuesday,Sunny,Low,No,24.0,29,18,73,4,4,Medium
6656,Theft,East,Afternoon,Tuesday,Cloudy,Medium,Yes,10.0,24,4,160,7,9,High
6657,Theft,Central,Morning,Monday,Sunny,High,Yes,24.0,18,27,355,4,4,Medium
6658,Assault,East,Evening,Friday,Sunny,Low,Yes,20.0,24,18,158,9,20,High
6659,Fire,East,Night,Friday,Cloudy,Low,No,21.0,23,8,199,1,14,Medium
6660,Theft,West,Evening,Thursday,Sunny,Medium,No,15.0,7,13,197,1,11,Medium
6661,Assault,South,Night,Sunday,Rainy,High,Yes,4.0,18,32,109,3,9,Medium
6662,Theft,West,Afternoon,Sunday,Cloudy,Medium,Yes,20.0,24,35,214,9,12,High
6663,Theft,West,Afternoon,Sunday,Sunny,High,No,19.0,24,17,276,2,0,Low
6664,Fire,North,Evening,Thursday,Rainy,High,Yes,14.0,12,23,485,10,18,High
6665,Accident,West,Evening,Tuesday,Cloudy,High,Yes,8.0,17,32,115,8,11,High
6666,Assault,North,Morning,Sunday,Sunny,Medium,No,4.0,30,16,125,6,20,High
6667,Theft,Central,Evening,Monday,Sunny,High,No,6.0,5,5,423,1,10,Medium
6668,Theft,West,Night,Wednesday,Sunny,Low,No,16.0,9,32,203,3,8,Medium
6669,Assault,South,Afternoon,Friday,Rainy,Medium,Yes,11.0,7,27,126,10,10,High
6670,Medical,Central,Morning,Friday,Cloudy,High,No,12.0,9,24,408,5,14,High
6671,Theft,Central,Evening,Thursday,Cloudy,Medium,No,12.0,18,24,456,10,15,High
6672,Fire,Central,Evening,Saturday,Cloudy,High,No,15.0,5,17,468,4,3,Medium
6673,Fire,West,Afternoon,Saturday,Cloudy,Medium,Yes,12.0,8,35,425,9,19,High
6674,Fire,North,Evening,Tuesday,Cloudy,High,Yes,19.0,5,14,283,9,4,High
6675,Medical,Central,Morning,Wednesday,Sunny,High,No,4.0,5,12,179,3,4,Medium
6676,Medical,South,Evening,Tuesday,Rainy,Medium,No,4.0,22,34,356,10,17,High
6677,Theft,West,Morning,Thursday,Sunny,Low,Yes,17.0,26,25,301,1,18,High
6678,Assault,South,Night,Thursday,Rainy,High,No,17.0,21,9,482,3,3,Medium
6679,Medical,East,Evening,Wednesday,Rainy,Low,Yes,8.0,12,18,388,5,4,High
6680,Assault,North,Morning,Thursday,Sunny,Medium,No,12.0,24,27,291,8,10,High
6681,Assault,North,Evening,Wednesday,Sunny,High,Yes,5.0,16,16,333,5,20,High
6682,Assault,West,Morning,Wednesday,Cloudy,Low,No,7.0,8,11,469,2,7,Medium
6683,Fire,West,Morning,Thursday,Rainy,High,No,3.0,6,35,428,7,3,High
6684,Accident,North,Morning,Wednesday,Cloudy,High,No,4.0,25,31,216,2,9,Medium
6685,Assault,South,Evening,Sunday,Sunny,High,Yes,7.0,21,14,178,5,3,Medium
6686,Medical,West,Afternoon,Saturday,Rainy,High,Yes,16.0,30,22,433,2,13,High
6687,Medical,East,Morning,Sunday,,,No,,20,23,162,3,19,High
6688,Accident,Central,Afternoon,Sunday,Sunny,High,Yes,9.0,12,20,298,6,18,High
6689,Assault,West,Evening,Thursday,Cloudy,High,Yes,15.0,23,20,251,9,3,High
6690,Assault,Central,Morning,Thursday,Sunny,Medium,No,12.0,25,33,322,10,5,High
6691,Theft,East,Evening,Thursday,Sunny,Medium,No,23.0,7,16,227,10,11,High
6692,Theft,West,Afternoon,Friday,Rainy,High,No,6.0,11,31,490,7,4,High
6693,Fire,East,Evening,Wednesday,Cloudy,Medium,No,8.0,30,35,239,5,20,High
6694,Accident,North,Morning,Friday,Rainy,High,Yes,20.0,29,35,301,10,18,High
6695,Medical,Central,Night,Monday,Sunny,Medium,No,15.0,29,17,368,4,7,High
6696,Assault,North,Evening,Saturday,Rainy,Medium,No,24.0,28,33,59,8,11,High
6697,Assault,East,Morning,Friday,Rainy,Low,Yes,11.0,6,33,202,10,2,High
6698,Fire,Central,Afternoon,Sunday,Sunny,Low,No,13.0,12,27,130,7,0,Medium
6699,Accident,West,Afternoon,Monday,Cloudy,Medium,No,9.0,27,7,301,7,15,High
6700,Theft,West,Morning,Thursday,Rainy,High,Yes,7.0,26,31,418,6,7,High
6701,Assault,Central,Morning,Friday,Sunny,Medium,No,23.0,10,14,143,10,11,High
6702,Medical,Central,Night,Tuesday,Cloudy,Low,Yes,4.0,6,30,440,5,15,High
6703,Assault,South,Afternoon,Thursday,,,No,,5,26,214,10,20,High
6704,Fire,Central,Afternoon,Sunday,Rainy,Low,Yes,8.0,19,9,76,7,17,High
6705,Fire,East,Evening,Monday,Rainy,Medium,No,15.0,29,33,375,1,18,High
6706,Theft,East,Afternoon,Tuesday,Cloudy,Low,Yes,5.0,18,13,478,9,16,High
6707,Assault,East,Afternoon,Saturday,Rainy,High,No,6.0,29,33,249,8,6,High
6708,Fire,East,Afternoon,Thursday,Rainy,High,Yes,24.0,22,34,245,4,17,High
6709,Medical,North,Evening,Tuesday,Sunny,Medium,No,13.0,6,25,13,5,12,High
6710,Medical,Central,Night,Wednesday,Sunny,High,No,22.0,25,20,25,8,11,High
6711,Fire,Central,Evening,Wednesday,Rainy,High,Yes,23.0,25,17,248,1,20,High
6712,Theft,North,Afternoon,Tuesday,Cloudy,Low,No,5.0,25,34,71,3,16,High
6713,Assault,East,Afternoon,Tuesday,Rainy,Medium,Yes,11.0,23,34,110,1,6,Medium
6714,Medical,North,Night,Thursday,Cloudy,High,Yes,12.0,15,21,264,6,17,High
6715,Theft,Central,Night,Sunday,Cloudy,Medium,No,10.0,27,10,258,4,4,Medium
6716,Fire,East,Night,Thursday,Sunny,High,Yes,24.0,21,19,232,5,10,High
6717,Medical,West,Night,Thursday,Rainy,Low,Yes,17.0,5,29,85,9,5,High
6718,Theft,West,Night,Monday,Cloudy,Low,Yes,8.0,23,24,417,9,9,High
6719,Assault,South,Night,Saturday,Sunny,Low,Yes,24.0,6,20,277,7,2,High
6720,Fire,North,Evening,Saturday,Cloudy,Low,Yes,12.0,17,8,454,2,11,High
6721,Fire,North,Evening,Saturday,Sunny,High,No,23.0,18,32,275,3,20,High
6722,Theft,North,Evening,Saturday,Cloudy,Low,Yes,23.0,18,24,491,10,4,High
6723,Fire,North,Morning,Friday,Rainy,Low,Yes,9.0,7,24,93,1,20,High
6724,Medical,East,Afternoon,Wednesday,Cloudy,High,No,7.0,6,11,474,5,19,High
6725,Accident,West,Afternoon,Thursday,Sunny,High,Yes,19.0,6,30,7,4,19,High
6726,Assault,South,Afternoon,Saturday,Rainy,Medium,No,20.0,14,27,214,2,10,Medium
6727,Assault,East,Night,Friday,Sunny,Medium,No,10.0,18,4,378,1,11,Medium
6728,Fire,North,Night,Saturday,Rainy,Low,No,19.0,29,27,426,1,19,High
6729,Accident,West,Night,Monday,Cloudy,Medium,No,21.0,10,18,476,3,4,Medium
6730,Accident,South,Morning,Saturday,Rainy,Medium,No,9.0,9,32,39,7,14,High
6731,Theft,North,Evening,Thursday,Cloudy,High,No,11.0,25,4,435,8,20,High
6732,Medical,West,Morning,Thursday,Sunny,Low,No,14.0,11,26,300,7,19,High
6733,Accident,South,Morning,Sunday,Cloudy,Medium,No,24.0,20,28,282,1,8,Medium
6734,Fire,Central,Morning,Sunday,Cloudy,Medium,Yes,17.0,8,7,95,3,9,Medium
6735,Medical,South,Night,Monday,Cloudy,Medium,Yes,12.0,27,24,53,8,1,High
6736,Medical,West,Evening,Sunday,Sunny,Low,Yes,13.0,6,33,373,1,14,High
6737,Assault,East,Morning,Friday,Cloudy,Low,Yes,16.0,18,35,260,8,0,High
6738,Medical,East,Afternoon,Sunday,Rainy,Low,Yes,25.0,26,31,205,2,6,Medium
6739,Accident,East,Night,Wednesday,Rainy,Low,No,21.0,8,19,42,7,17,High
6740,Theft,East,Night,Thursday,Sunny,High,Yes,20.0,8,20,282,3,15,High
6741,Theft,Central,Evening,Thursday,Sunny,High,No,15.0,29,35,19,9,5,High
6742,Accident,North,Morning,Wednesday,Rainy,Low,No,5.0,28,30,348,8,15,High
6743,Assault,South,Afternoon,Tuesday,Cloudy,Low,Yes,7.0,23,18,297,10,2,High
6744,Fire,East,Night,Tuesday,Cloudy,Low,No,19.0,5,8,230,10,19,High
6745,Assault,West,Evening,Monday,Cloudy,Medium,No,20.0,28,31,466,8,7,High
6746,Medical,South,Night,Wednesday,Cloudy,High,Yes,17.0,5,19,228,4,12,High
6747,Accident,North,Evening,Tuesday,Sunny,High,Yes,10.0,24,32,119,5,17,High
6748,Assault,West,Morning,Wednesday,Sunny,Low,Yes,4.0,8,22,423,4,12,High
6749,Accident,Central,Morning,Tuesday,Rainy,Low,No,8.0,28,14,27,8,7,High
6750,Assault,West,Afternoon,Friday,Rainy,Low,Yes,14.0,16,32,230,4,8,High
6751,Medical,South,Night,Thursday,Rainy,High,No,18.0,15,21,494,10,4,High
6752,Theft,Central,Afternoon,Wednesday,Cloudy,Medium,No,8.0,19,7,310,8,5,High
6753,Fire,South,Night,Monday,Cloudy,Low,Yes,18.0,24,28,314,6,10,High
6754,Theft,West,Evening,Monday,Cloudy,Low,No,3.0,22,33,61,6,14,High
6755,Accident,South,Evening,Tuesday,Cloudy,Low,No,15.0,7,17,105,1,14,Medium
6756,Accident,East,Evening,Tuesday,Cloudy,High,No,13.0,12,20,453,10,8,High
6757,Fire,Central,Night,Saturday,Cloudy,High,Yes,23.0,19,26,143,3,8,Medium
6758,Fire,West,Afternoon,Wednesday,Cloudy,High,No,19.0,9,14,46,1,9,Medium
6759,Theft,North,Morning,Thursday,Rainy,Medium,No,3.0,17,30,211,9,10,High
6760,Accident,East,Evening,Friday,Sunny,High,Yes,14.0,5,19,49,6,2,Medium
6761,Assault,West,Night,Saturday,Sunny,High,Yes,23.0,5,26,213,1,12,Medium
6762,Fire,Central,Morning,Monday,Cloudy,Medium,Yes,3.0,6,21,494,4,13,High
6763,Fire,West,Morning,Monday,Cloudy,High,No,18.0,21,12,309,10,7,High
6764,Assault,South,Morning,Saturday,Cloudy,High,Yes,5.0,23,10,232,9,5,High
6765,Theft,East,Night,Tuesday,Sunny,Medium,Yes,16.0,22,6,170,7,2,High
6766,Accident,Central,Night,Monday,Rainy,Low,Yes,3.0,24,17,242,6,1,Medium
6767,Theft,North,Night,Friday,Cloudy,Low,Yes,13.0,26,27,27,1,11,Medium
6768,Fire,South,Afternoon,Wednesday,Rainy,High,No,21.0,24,20,477,6,5,High
6769,Fire,South,Morning,Tuesday,Cloudy,Medium,Yes,11.0,24,14,331,4,6,High
6770,Fire,North,Afternoon,Thursday,Cloudy,Low,Yes,19.0,26,16,73,1,10,Medium
6771,Accident,West,Evening,Wednesday,Rainy,High,Yes,16.0,28,4,72,3,15,High
6772,Theft,West,Morning,Sunday,Cloudy,High,No,19.0,8,11,310,1,20,High
6773,Accident,South,Afternoon,Wednesday,Cloudy,High,Yes,18.0,21,23,423,7,12,High
6774,Assault,North,Morning,Saturday,Sunny,High,Yes,19.0,14,18,180,4,14,High
6775,Fire,West,Evening,Monday,Rainy,Low,No,5.0,11,29,102,4,12,High
6776,Assault,South,Night,Friday,Rainy,Medium,No,14.0,8,11,113,1,7,Medium
6777,Fire,East,Afternoon,Sunday,Rainy,Low,Yes,14.0,12,4,212,4,5,Medium
6778,Medical,Central,Afternoon,Thursday,Sunny,High,No,8.0,9,29,428,8,7,High
6779,Theft,Central,Night,Wednesday,Sunny,Low,Yes,22.0,14,4,67,1,5,Low
6780,Theft,Central,Night,Wednesday,Rainy,Medium,No,22.0,25,20,292,3,7,Medium
6781,Assault,North,Afternoon,Monday,Sunny,Low,Yes,22.0,26,9,141,7,11,High
6782,Theft,South,Evening,Saturday,Sunny,Low,Yes,8.0,28,14,150,9,9,High
6783,Theft,North,Evening,Saturday,Sunny,High,No,10.0,29,6,395,2,7,Medium
6784,Medical,South,Morning,Friday,Rainy,High,No,3.0,29,12,1,7,6,High
6785,Accident,South,Morning,Monday,Cloudy,Low,No,3.0,29,32,14,3,5,Medium
6786,Theft,West,Afternoon,Tuesday,Cloudy,Low,No,9.0,7,31,202,6,19,High
6787,Assault,South,Morning,Wednesday,Sunny,Medium,No,12.0,14,18,270,4,15,High
6788,Theft,Central,Night,Thursday,Sunny,High,Yes,16.0,12,4,484,3,15,High
6789,Assault,West,Evening,Friday,Cloudy,Low,Yes,24.0,12,32,71,6,14,High
6790,Assault,East,Night,Friday,Rainy,Low,No,7.0,5,18,49,10,8,High
6791,Medical,Central,Night,Saturday,Cloudy,Medium,Yes,3.0,8,19,36,4,9,High
6792,Assault,North,Evening,Sunday,Sunny,High,No,25.0,29,16,189,10,7,High
6793,Assault,South,Morning,Tuesday,Cloudy,High,No,25.0,25,27,406,1,17,High
6794,Theft,West,Evening,Friday,Cloudy,Medium,Yes,4.0,6,22,36,3,4,Medium
6795,Theft,South,Afternoon,Monday,Cloudy,Medium,Yes,15.0,13,34,181,6,18,High
6796,Fire,South,Evening,Friday,Rainy,Low,Yes,4.0,28,21,315,4,11,High
6797,Assault,Central,Morning,Tuesday,Rainy,High,No,20.0,27,6,211,2,18,High
6798,Accident,West,Afternoon,Thursday,Rainy,Medium,No,7.0,9,21,351,4,12,High
6799,Fire,East,Evening,Sunday,Sunny,Medium,Yes,24.0,19,12,187,2,15,High
6800,Assault,North,Evening,Friday,Cloudy,Medium,No,12.0,19,15,144,8,17,High
6801,Assault,North,Night,Saturday,Cloudy,Medium,No,10.0,15,18,51,7,14,High
6802,Accident,North,Morning,Saturday,Sunny,Medium,Yes,16.0,28,35,376,8,0,High
6803,Theft,West,Morning,Monday,Sunny,Medium,No,17.0,25,7,326,3,16,High
6804,Medical,West,Morning,Monday,Cloudy,High,Yes,9.0,9,26,28,9,4,High
6805,Assault,East,Evening,Monday,Cloudy,Low,Yes,20.0,25,23,269,5,9,High
6806,Theft,West,Morning,Tuesday,Cloudy,Low,Yes,7.0,24,30,367,5,5,High
6807,Theft,Central,Night,Thursday,Rainy,High,Yes,22.0,15,13,365,8,5,High
6808,Assault,West,Night,Saturday,Rainy,High,No,16.0,20,24,409,4,18,High
6809,Medical,East,Evening,Friday,Cloudy,Medium,Yes,17.0,22,34,204,9,7,High
6810,Accident,Central,Morning,Friday,Cloudy,Medium,Yes,22.0,20,12,395,2,16,High
6811,Accident,West,Afternoon,Saturday,Rainy,Medium,Yes,18.0,25,33,102,7,6,High
6812,Assault,North,Evening,Saturday,,,Yes,,8,18,428,3,12,High
6813,Fire,North,Afternoon,Saturday,Cloudy,Low,Yes,18.0,27,29,158,7,1,Medium
6814,Fire,East,Morning,Saturday,Sunny,Low,No,21.0,15,30,158,8,20,High
6815,Accident,North,Evening,Tuesday,Sunny,Medium,Yes,7.0,12,8,308,6,3,High
6816,Accident,South,Evening,Tuesday,Cloudy,Low,No,13.0,28,11,436,6,8,High
6817,Theft,East,Morning,Monday,Sunny,Medium,Yes,15.0,26,12,29,1,16,High
6818,Medical,South,Evening,Friday,Rainy,Low,Yes,22.0,29,12,304,6,9,High
6819,Theft,West,Night,Saturday,Cloudy,High,Yes,17.0,6,30,426,6,4,High
6820,Fire,West,Morning,Thursday,Cloudy,Low,Yes,15.0,14,13,308,5,15,High
6821,Theft,West,Night,Friday,Cloudy,Low,Yes,8.0,12,22,160,3,5,Medium
6822,Accident,East,Night,Monday,Cloudy,Low,Yes,4.0,16,14,235,2,1,Low
6823,Theft,Central,Evening,Monday,Sunny,Medium,Yes,6.0,20,14,386,3,15,High
6824,Theft,North,Night,Monday,Rainy,High,No,5.0,16,14,139,10,6,High
6825,Accident,West,Afternoon,Thursday,Cloudy,High,No,15.0,27,9,177,3,20,High
6826,Theft,East,Evening,Thursday,Cloudy,Medium,Yes,23.0,26,25,343,5,12,High
6827,Assault,West,Evening,Friday,Sunny,High,Yes,19.0,16,18,477,7,5,High
6828,Fire,West,Afternoon,Wednesday,Rainy,Low,Yes,5.0,30,8,491,9,15,High
6829,Assault,North,Night,Saturday,Rainy,Medium,No,5.0,27,13,125,4,3,Medium
6830,Accident,Central,Night,Friday,Cloudy,Low,Yes,9.0,30,5,453,8,16,High
6831,Assault,North,Evening,Saturday,Sunny,Low,No,10.0,20,11,21,4,6,Medium
6832,Theft,Central,Afternoon,Sunday,Sunny,High,No,16.0,13,22,225,7,1,Medium
6833,Accident,North,Night,Friday,Cloudy,Low,No,25.0,25,9,226,8,13,High
6834,Fire,East,Night,Wednesday,Sunny,High,No,12.0,9,30,23,1,11,Medium
6835,Theft,South,Afternoon,Wednesday,Cloudy,High,Yes,11.0,14,22,227,2,9,Medium
6836,Fire,West,Afternoon,Tuesday,Cloudy,Low,No,13.0,9,29,398,4,11,High
6837,Accident,South,Morning,Monday,Sunny,Medium,Yes,22.0,24,6,254,2,15,High
6838,Theft,West,Night,Monday,Rainy,Low,No,22.0,25,26,2,2,10,Medium
6839,Medical,North,Night,Sunday,Sunny,Low,Yes,17.0,8,31,220,9,16,High
6840,Medical,North,Morning,Wednesday,Cloudy,High,Yes,8.0,6,6,30,2,19,High
6841,Medical,Central,Evening,Thursday,Cloudy,Low,Yes,20.0,16,5,352,2,12,High
6842,Assault,North,Morning,Friday,Rainy,Low,Yes,15.0,24,4,470,7,8,High
6843,Medical,South,Afternoon,Tuesday,Rainy,Low,No,7.0,26,17,267,4,4,Medium
6844,Accident,Central,Afternoon,Sunday,Cloudy,Medium,Yes,7.0,19,6,167,6,15,High
6845,Fire,North,Night,Friday,Rainy,Medium,No,23.0,22,32,487,2,17,High
6846,Theft,South,Morning,Friday,Cloudy,Medium,Yes,17.0,22,34,208,8,15,High
6847,Assault,South,Afternoon,Friday,Rainy,Medium,No,3.0,6,29,255,10,4,High
6848,Assault,West,Morning,Thursday,Cloudy,Low,No,19.0,29,19,225,6,9,High
6849,Accident,North,Evening,Tuesday,Cloudy,High,Yes,9.0,21,8,5,6,0,Medium
6850,Theft,East,Afternoon,Wednesday,,,No,,16,4,182,2,6,Medium
6851,Accident,East,Night,Monday,Rainy,Low,No,20.0,14,15,165,9,20,High
6852,Theft,Central,Afternoon,Tuesday,Rainy,Medium,Yes,17.0,17,5,155,9,6,High
6853,Accident,South,Evening,Saturday,Cloudy,Medium,Yes,25.0,26,18,306,7,11,High
6854,Medical,Central,Morning,Wednesday,Cloudy,High,Yes,25.0,10,24,27,7,8,High
6855,Medical,Central,Morning,Saturday,Cloudy,High,No,21.0,30,24,315,2,7,Medium
6856,Assault,East,Afternoon,Wednesday,Cloudy,Low,No,11.0,14,27,367,4,5,Medium
6857,Medical,West,Evening,Tuesday,Cloudy,High,Yes,5.0,10,13,182,10,20,High
6858,Medical,West,Evening,Tuesday,Sunny,High,Yes,4.0,18,13,83,9,3,High
6859,Theft,South,Afternoon,Saturday,Cloudy,Medium,No,10.0,15,6,361,1,14,High
6860,Accident,Central,Afternoon,Tuesday,Rainy,Low,Yes,12.0,30,9,331,1,9,Medium
6861,Accident,West,Afternoon,Friday,Sunny,High,No,22.0,15,27,451,3,10,High
6862,Accident,North,Afternoon,Saturday,Rainy,Low,No,15.0,5,26,87,5,20,High
6863,Accident,South,Evening,Friday,Rainy,Medium,Yes,11.0,29,19,314,10,3,High
6864,Assault,West,Afternoon,Thursday,Sunny,Medium,Yes,18.0,6,19,83,8,0,Medium
6865,Assault,South,Night,Wednesday,Cloudy,High,Yes,23.0,10,34,50,1,11,Medium
6866,Medical,Central,Morning,Wednesday,Sunny,High,Yes,11.0,22,35,273,2,9,Medium
6867,Theft,South,Evening,Sunday,Rainy,High,No,12.0,6,5,435,9,9,High
6868,Fire,North,Afternoon,Tuesday,Sunny,Low,No,17.0,11,11,79,9,10,High
6869,Accident,South,Afternoon,Saturday,Cloudy,Medium,Yes,14.0,14,6,477,4,20,High
6870,Theft,West,Morning,Friday,Cloudy,Low,Yes,24.0,19,27,214,2,8,Medium
6871,Medical,East,Morning,Monday,Sunny,High,Yes,20.0,17,26,36,8,19,High
6872,Medical,South,Afternoon,Sunday,Sunny,Low,No,11.0,22,10,206,5,10,High
6873,Theft,Central,Morning,Thursday,,,No,,15,5,181,2,5,Medium
6874,Theft,West,Afternoon,Tuesday,Rainy,Low,Yes,12.0,19,6,161,10,0,High
6875,Assault,East,Morning,Friday,Sunny,Low,Yes,13.0,24,8,417,8,15,High
6876,Assault,North,Night,Saturday,Cloudy,Low,No,25.0,14,21,452,7,0,High
6877,Accident,South,Night,Tuesday,Cloudy,High,Yes,18.0,24,28,27,7,11,High
6878,Medical,Central,Afternoon,Tuesday,Sunny,High,No,8.0,28,24,375,2,3,Medium
6879,Accident,East,Evening,Monday,Rainy,High,No,7.0,26,22,57,1,13,Medium
6880,Theft,Central,Evening,Friday,Rainy,High,No,3.0,12,20,111,2,15,High
6881,Assault,East,Afternoon,Friday,,,Yes,,6,12,63,4,10,High
6882,Medical,East,Morning,Thursday,Sunny,Low,No,14.0,13,24,52,10,12,High
6883,Theft,West,Afternoon,Wednesday,Sunny,High,Yes,22.0,15,29,378,3,15,High
6884,Assault,Central,Afternoon,Sunday,Sunny,Low,No,3.0,9,7,326,4,7,High
6885,Medical,North,Afternoon,Wednesday,Cloudy,Medium,No,12.0,15,14,403,4,16,High
6886,Assault,West,Morning,Monday,Sunny,High,Yes,7.0,12,13,476,8,10,High
6887,Accident,North,Afternoon,Wednesday,Rainy,Low,Yes,16.0,10,4,61,2,16,High
6888,Fire,Central,Evening,Tuesday,Cloudy,Medium,No,23.0,23,29,451,1,18,High
6889,Fire,East,Evening,Thursday,Sunny,Low,No,3.0,20,5,256,10,15,High
6890,Theft,West,Morning,Friday,Rainy,Medium,No,18.0,13,13,170,6,4,Medium
6891,Accident,East,Evening,Sunday,Cloudy,Low,No,6.0,26,4,403,10,9,High
6892,Medical,South,Evening,Monday,Cloudy,High,No,19.0,28,13,155,6,15,High
6893,Theft,North,Night,Wednesday,Cloudy,High,Yes,24.0,8,32,207,7,2,Medium
6894,Theft,South,Morning,Wednesday,Rainy,Medium,No,20.0,6,13,213,1,2,Low
6895,Fire,East,Afternoon,Saturday,Rainy,High,No,8.0,8,30,441,8,10,High
6896,Accident,East,Night,Friday,Cloudy,High,Yes,3.0,19,31,497,5,11,High
6897,Assault,East,Morning,Sunday,Rainy,Low,No,22.0,12,33,407,6,11,High
6898,Theft,South,Morning,Sunday,Sunny,Medium,Yes,12.0,9,14,11,9,15,High
6899,Fire,South,Afternoon,Tuesday,Sunny,High,Yes,6.0,14,24,7,7,0,Medium
6900,Assault,Central,Afternoon,Saturday,Cloudy,Medium,Yes,4.0,13,10,69,5,20,High
6901,Medical,East,Night,Thursday,Sunny,High,Yes,3.0,20,8,150,9,6,High
6902,Medical,North,Afternoon,Tuesday,Sunny,Low,Yes,6.0,25,21,367,4,10,High
6903,Assault,South,Morning,Saturday,Rainy,Low,Yes,4.0,30,26,100,10,12,High
6904,Fire,Central,Night,Wednesday,Cloudy,Low,No,18.0,18,15,185,2,13,High
6905,Theft,Central,Morning,Tuesday,Sunny,High,Yes,6.0,27,28,485,4,0,Medium
6906,Fire,East,Morning,Saturday,Rainy,Medium,No,11.0,10,29,225,9,18,High
6907,Medical,Central,Afternoon,Tuesday,Sunny,High,Yes,13.0,29,29,191,6,2,Medium
6908,Medical,North,Morning,Thursday,Rainy,High,Yes,8.0,21,4,458,9,2,High
6909,Theft,West,Evening,Thursday,Rainy,High,No,8.0,20,33,295,2,16,High
6910,Theft,West,Night,Saturday,Cloudy,High,No,16.0,8,13,225,9,12,High
6911,Assault,East,Afternoon,Sunday,Rainy,Medium,Yes,14.0,17,27,160,5,3,Medium
6912,Medical,North,Morning,Sunday,Sunny,Low,No,5.0,11,13,482,5,17,High
6913,Assault,South,Evening,Tuesday,Rainy,Medium,Yes,24.0,13,24,258,6,8,High
6914,Fire,North,Morning,Wednesday,Rainy,High,No,23.0,23,9,56,8,9,High
6915,Accident,West,Evening,Wednesday,Rainy,Low,Yes,4.0,28,20,256,3,9,High
6916,Assault,East,Morning,Tuesday,Cloudy,Medium,No,10.0,21,15,295,3,1,Medium
6917,Fire,West,Morning,Saturday,Sunny,High,No,7.0,17,18,294,3,18,High
6918,Fire,South,Afternoon,Thursday,Cloudy,Medium,Yes,24.0,24,9,36,2,6,Low
6919,Theft,Central,Night,Saturday,Rainy,Low,Yes,7.0,16,9,284,6,8,High
6920,Theft,South,Afternoon,Friday,Rainy,Medium,No,13.0,21,17,62,4,17,High
6921,Theft,Central,Morning,Wednesday,Cloudy,Medium,No,3.0,24,32,103,1,9,Medium
6922,Accident,Central,Morning,Friday,Rainy,Low,Yes,7.0,25,32,486,4,12,High
6923,Assault,East,Afternoon,Sunday,Cloudy,Medium,No,13.0,9,34,372,8,17,High
6924,Theft,West,Evening,Saturday,Cloudy,Medium,Yes,21.0,9,29,163,9,3,High
6925,Theft,South,Morning,Thursday,Sunny,Low,Yes,8.0,26,7,360,8,9,High
6926,Theft,East,Morning,Wednesday,Cloudy,Medium,No,6.0,8,35,42,9,3,High
6927,Fire,North,Night,Saturday,Sunny,Low,Yes,19.0,6,27,244,4,9,High
6928,Theft,West,Afternoon,Monday,Rainy,Low,No,21.0,20,7,470,8,7,High
6929,Theft,Central,Night,Saturday,Rainy,Medium,No,4.0,19,34,484,9,2,High
6930,Accident,Central,Evening,Sunday,Cloudy,High,No,15.0,6,29,34,5,12,High
6931,Accident,Central,Night,Wednesday,Rainy,Low,No,12.0,15,7,137,5,4,Medium
6932,Assault,East,Afternoon,Thursday,Rainy,Medium,No,13.0,8,15,383,9,9,High
6933,Accident,East,Morning,Saturday,Rainy,High,Yes,13.0,16,15,486,4,3,Medium
6934,Medical,West,Evening,Monday,Rainy,Low,No,7.0,17,10,46,3,2,Low
6935,Medical,West,Night,Monday,Sunny,Medium,No,24.0,15,30,494,6,16,High
6936,Accident,South,Evening,Tuesday,Sunny,Medium,Yes,8.0,18,19,259,7,17,High
6937,Theft,East,Afternoon,Wednesday,,,No,,20,4,448,9,16,High
6938,Theft,Central,Afternoon,Monday,Sunny,High,No,13.0,22,29,244,3,5,Medium
6939,Accident,South,Night,Monday,Rainy,High,No,11.0,28,33,364,1,17,High
6940,Fire,West,Evening,Thursday,Cloudy,Low,Yes,5.0,29,28,60,8,5,High
6941,Medical,South,Night,Friday,Cloudy,Medium,Yes,16.0,8,11,17,3,0,Low
6942,Fire,South,Afternoon,Saturday,Rainy,Low,Yes,12.0,30,4,356,10,15,High
6943,Medical,West,Afternoon,Sunday,Cloudy,Low,No,23.0,13,27,443,6,16,High
6944,Assault,Central,Morning,Wednesday,Rainy,Medium,No,12.0,23,8,32,7,14,High
6945,Accident,West,Evening,Sunday,Sunny,High,Yes,16.0,29,7,100,2,19,High
6946,Assault,East,Afternoon,Tuesday,Sunny,Medium,No,7.0,15,20,95,5,8,High
6947,Fire,Central,Evening,Friday,Cloudy,Medium,Yes,20.0,30,27,230,2,13,High
6948,Assault,Central,Night,Tuesday,Cloudy,Low,Yes,17.0,19,13,377,9,8,High
6949,Theft,East,Night,Wednesday,Sunny,High,No,5.0,14,4,500,8,14,High
6950,Theft,Central,Evening,Thursday,Cloudy,Medium,Yes,18.0,12,31,278,10,3,High
6951,Accident,South,Morning,Saturday,Sunny,Low,Yes,8.0,8,28,454,5,11,High
6952,Medical,East,Afternoon,Monday,Cloudy,Low,Yes,22.0,15,20,87,9,20,High
6953,Fire,South,Afternoon,Friday,Sunny,High,No,21.0,14,31,493,2,11,High
6954,Assault,Central,Morning,Monday,Rainy,Medium,Yes,11.0,9,32,344,10,17,High
6955,Fire,South,Night,Monday,Cloudy,Low,Yes,4.0,27,25,319,7,20,High
6956,Accident,North,Evening,Saturday,Sunny,Medium,No,22.0,21,30,117,7,19,High
6957,Accident,East,Evening,Tuesday,Sunny,High,Yes,15.0,27,7,95,7,18,High
6958,Accident,Central,Evening,Monday,Rainy,Medium,No,18.0,8,15,86,10,12,High
6959,Accident,East,Night,Monday,Sunny,High,No,3.0,19,19,260,1,7,Medium
6960,Assault,Central,Evening,Sunday,Rainy,Medium,No,4.0,25,34,236,10,8,High
6961,Medical,South,Afternoon,Wednesday,Cloudy,High,No,13.0,30,25,354,10,4,High
6962,Theft,South,Afternoon,Monday,Cloudy,High,No,16.0,22,7,164,10,9,High
6963,Assault,East,Evening,Friday,Rainy,Low,No,14.0,11,8,141,7,12,High
6964,Fire,Central,Afternoon,Wednesday,Sunny,High,No,10.0,14,11,66,5,6,Medium
6965,Medical,West,Evening,Thursday,Rainy,Low,Yes,13.0,10,29,124,1,14,Medium
6966,Assault,Central,Afternoon,Tuesday,Sunny,Medium,No,6.0,11,20,330,7,19,High
6967,Medical,North,Morning,Thursday,Sunny,Low,No,15.0,11,21,479,7,2,High
6968,Accident,South,Afternoon,Wednesday,Rainy,High,Yes,18.0,14,11,90,2,10,Medium
6969,Medical,North,Evening,Wednesday,Rainy,Low,Yes,22.0,21,10,439,7,7,High
6970,Medical,West,Morning,Monday,Cloudy,Medium,No,23.0,24,19,2,7,19,High
6971,Assault,North,Night,Thursday,Sunny,Low,Yes,13.0,29,4,393,10,6,High
6972,Accident,Central,Night,Wednesday,Rainy,High,No,5.0,8,19,234,1,11,Medium
6973,Fire,South,Evening,Monday,Sunny,Medium,Yes,10.0,10,7,58,9,0,High
6974,Accident,South,Morning,Tuesday,Rainy,High,No,13.0,24,24,287,3,2,Medium
6975,Theft,East,Afternoon,Thursday,Cloudy,Low,No,25.0,5,22,129,8,0,Medium
6976,Fire,West,Morning,Thursday,Cloudy,Low,No,14.0,21,33,60,2,18,High
6977,Accident,West,Afternoon,Tuesday,Cloudy,Medium,Yes,9.0,6,6,191,1,2,Low
6978,Fire,South,Morning,Thursday,Rainy,Low,No,6.0,21,14,232,3,18,High
6979,Assault,East,Evening,Friday,,,No,,28,8,307,3,18,High
6980,Theft,East,Night,Monday,Sunny,Low,Yes,10.0,16,13,333,3,7,Medium
6981,Medical,South,Night,Monday,Cloudy,Medium,No,12.0,17,34,452,5,15,High
6982,Medical,West,Night,Sunday,Cloudy,High,Yes,4.0,11,26,118,2,14,High
6983,Assault,Central,Night,Thursday,Cloudy,High,Yes,23.0,14,10,254,9,16,High
6984,Medical,East,Evening,Sunday,Rainy,Low,Yes,16.0,24,18,393,10,6,High
6985,Theft,East,Morning,Monday,Rainy,Medium,Yes,13.0,10,11,27,3,6,Medium
6986,Fire,North,Afternoon,Friday,Rainy,Low,No,21.0,28,18,453,4,17,High
6987,Accident,Central,Afternoon,Thursday,Cloudy,Low,Yes,13.0,27,12,70,10,6,High
6988,Theft,North,Afternoon,Saturday,Sunny,Low,No,15.0,10,25,51,5,14,High
6989,Medical,West,Night,Tuesday,Sunny,Low,Yes,11.0,5,18,430,5,1,Medium
6990,Theft,East,Afternoon,Monday,Cloudy,High,Yes,11.0,12,9,314,7,1,High
6991,Theft,Central,Evening,Sunday,Sunny,Low,No,7.0,13,22,1,3,12,High
6992,Theft,Central,Evening,Thursday,Cloudy,Medium,No,24.0,7,25,375,7,9,High
6993,Accident,South,Morning,Wednesday,Sunny,Low,Yes,5.0,25,18,424,9,2,High
6994,Medical,South,Afternoon,Tuesday,Rainy,High,No,10.0,24,12,133,2,18,High
6995,Fire,East,Night,Monday,Cloudy,High,Yes,8.0,29,31,142,4,15,High
6996,Assault,South,Morning,Friday,Rainy,High,Yes,13.0,10,32,49,10,13,High
6997,Medical,North,Morning,Saturday,Sunny,High,No,10.0,17,22,450,5,0,Medium
6998,Assault,West,Evening,Monday,Rainy,Low,No,25.0,13,28,5,5,13,High
6999,Fire,South,Night,Wednesday,Cloudy,Medium,No,10.0,10,11,469,8,10,High
7000,Theft,North,Morning,Saturday,Rainy,High,Yes,11.0,23,16,133,5,3,Medium
7001,Fire,North,Afternoon,Tuesday,Cloudy,High,Yes,8.0,13,4,476,4,17,High
7002,Assault,West,Afternoon,Monday,Cloudy,High,Yes,11.0,14,27,104,5,12,High
7003,Accident,Central,Evening,Monday,Rainy,Medium,No,13.0,22,7,219,7,18,High
7004,Theft,West,Afternoon,Saturday,Sunny,Low,Yes,5.0,15,33,209,5,11,High
7005,Medical,South,Evening,Sunday,Rainy,Medium,No,9.0,30,21,270,3,16,High
7006,Medical,North,Afternoon,Saturday,Rainy,High,No,23.0,10,13,244,1,9,Medium
7007,Accident,West,Night,Thursday,Cloudy,Low,Yes,3.0,7,4,16,5,1,Medium
7008,Accident,South,Afternoon,Sunday,Sunny,Medium,No,22.0,17,23,426,7,8,High
7009,Medical,West,Night,Sunday,Cloudy,Low,No,25.0,21,31,311,9,5,High
7010,Accident,West,Afternoon,Tuesday,Cloudy,Low,Yes,22.0,18,16,446,9,10,High
7011,Medical,East,Morning,Wednesday,Rainy,Medium,Yes,4.0,16,33,65,6,12,High
7012,Assault,East,Morning,Tuesday,Rainy,Medium,No,14.0,14,23,19,1,2,Low
7013,Medical,North,Morning,Tuesday,Sunny,High,Yes,25.0,22,21,245,4,18,High
7014,Assault,Central,Night,Saturday,Sunny,Medium,Yes,18.0,25,7,438,3,16,High
7015,Medical,North,Evening,Saturday,Rainy,Medium,Yes,14.0,26,7,340,3,4,Medium
7016,Assault,North,Morning,Thursday,Rainy,Medium,Yes,8.0,12,12,92,3,4,Medium
7017,Fire,North,Morning,Tuesday,Rainy,Low,Yes,19.0,29,17,320,7,16,High
7018,Assault,North,Evening,Sunday,Rainy,Medium,No,23.0,24,6,283,5,6,High
7019,Theft,South,Afternoon,Saturday,Cloudy,High,No,14.0,20,16,225,3,16,High
7020,Accident,West,Night,Tuesday,Sunny,High,Yes,25.0,19,9,150,9,15,High
7021,Theft,North,Afternoon,Sunday,Sunny,Medium,No,10.0,28,32,79,10,3,High
7022,Assault,East,Afternoon,Wednesday,Sunny,High,Yes,6.0,18,22,466,1,6,Medium
7023,Accident,North,Evening,Monday,Sunny,Low,No,17.0,25,31,445,6,20,High
7024,Theft,Central,Evening,Monday,Rainy,Low,No,22.0,22,12,474,5,10,High
7025,Medical,Central,Morning,Friday,Rainy,Medium,Yes,19.0,18,9,389,7,7,High
7026,Fire,East,Evening,Wednesday,Cloudy,High,No,9.0,9,26,454,4,1,Medium
7027,Assault,North,Morning,Saturday,Rainy,High,No,8.0,5,24,306,4,14,High
7028,Medical,West,Afternoon,Friday,Rainy,Medium,Yes,8.0,9,27,2,3,19,High
7029,Theft,North,Afternoon,Saturday,Sunny,Low,Yes,4.0,17,5,412,8,2,High
7030,Fire,South,Night,Saturday,Rainy,Medium,Yes,10.0,16,23,109,3,5,Medium
7031,Assault,West,Evening,Monday,Sunny,Low,No,15.0,6,12,360,7,10,High
7032,Medical,West,Afternoon,Tuesday,Sunny,High,No,8.0,13,24,495,4,16,High
7033,Theft,Central,Night,Saturday,Sunny,Medium,Yes,11.0,11,31,143,3,17,High
7034,Accident,North,Night,Monday,Cloudy,Low,Yes,3.0,16,10,444,10,2,High
7035,Medical,Central,Evening,Saturday,Cloudy,Low,No,9.0,27,25,388,7,11,High
7036,Medical,South,Evening,Tuesday,Rainy,Low,No,4.0,27,14,321,4,4,Medium
7037,Fire,Central,Morning,Monday,Cloudy,Medium,No,25.0,7,24,170,10,0,High
7038,Assault,West,Afternoon,Sunday,Cloudy,Low,No,6.0,25,24,472,9,13,High
7039,Medical,South,Night,Tuesday,Cloudy,High,No,23.0,17,21,363,7,19,High
7040,Assault,Central,Afternoon,Sunday,,,No,,27,30,6,9,3,High
7041,Accident,Central,Evening,Wednesday,Sunny,High,Yes,11.0,30,14,229,5,12,High
7042,Accident,North,Afternoon,Thursday,Rainy,High,Yes,9.0,9,25,47,9,16,High
7043,Medical,West,Afternoon,Monday,Sunny,Medium,Yes,8.0,19,14,332,8,17,High
7044,Medical,West,Afternoon,Monday,Rainy,Medium,Yes,3.0,10,12,202,9,13,High
7045,Theft,South,Evening,Monday,Rainy,Medium,Yes,11.0,6,22,365,2,5,Medium
7046,Assault,Central,Afternoon,Friday,Rainy,Medium,Yes,9.0,20,34,250,10,3,High
7047,Medical,West,Night,Saturday,Rainy,Medium,No,11.0,9,6,239,5,0,Medium
7048,Theft,North,Afternoon,Tuesday,Rainy,High,No,24.0,13,19,187,4,18,High
7049,Fire,North,Night,Sunday,Sunny,High,No,24.0,15,20,167,2,7,Medium
7050,Assault,South,Evening,Friday,Sunny,Low,Yes,8.0,9,8,318,1,17,High
7051,Assault,East,Afternoon,Friday,Sunny,Medium,Yes,12.0,25,5,5,5,16,High
7052,Medical,West,Evening,Wednesday,Sunny,Low,Yes,7.0,15,12,72,7,7,High
7053,Theft,South,Afternoon,Sunday,Sunny,High,Yes,7.0,20,31,108,4,4,Medium
7054,Assault,East,Afternoon,Saturday,Cloudy,Medium,No,19.0,29,6,410,7,10,High
7055,Assault,South,Morning,Friday,Cloudy,Low,No,21.0,21,31,72,2,19,High
7056,Medical,North,Evening,Thursday,Sunny,Medium,Yes,22.0,19,29,126,9,0,High
7057,Medical,South,Night,Thursday,Rainy,Low,Yes,6.0,22,25,243,8,7,High
7058,Fire,South,Afternoon,Saturday,Rainy,High,Yes,23.0,6,24,305,6,8,High
7059,Accident,South,Afternoon,Saturday,Cloudy,High,Yes,3.0,17,22,436,4,10,High
7060,Fire,West,Morning,Sunday,Rainy,Medium,No,18.0,28,9,166,3,8,Medium
7061,Medical,West,Afternoon,Thursday,Cloudy,High,No,23.0,18,34,283,5,11,High
7062,Theft,North,Afternoon,Thursday,Sunny,Medium,Yes,18.0,29,7,57,6,4,Medium
7063,Accident,West,Evening,Monday,Rainy,Medium,Yes,13.0,15,23,7,8,20,High
7064,Theft,East,Evening,Monday,Cloudy,Medium,Yes,25.0,22,30,91,5,7,Medium
7065,Accident,Central,Morning,Wednesday,Cloudy,Low,Yes,20.0,10,13,327,4,20,High
7066,Accident,North,Evening,Saturday,Rainy,High,Yes,24.0,8,5,500,1,3,Low
7067,Medical,North,Morning,Saturday,Cloudy,Medium,Yes,12.0,15,6,53,9,13,High
7068,Assault,South,Evening,Saturday,Rainy,Medium,No,21.0,20,13,183,6,3,Medium
7069,Assault,Central,Afternoon,Saturday,Cloudy,Medium,No,8.0,14,35,191,7,17,High
7070,Accident,North,Morning,Saturday,Sunny,Medium,Yes,7.0,9,7,302,6,15,High
7071,Assault,West,Night,Thursday,Cloudy,Low,Yes,19.0,14,31,72,1,13,Medium
7072,Assault,West,Evening,Wednesday,Rainy,High,No,17.0,17,19,68,1,18,High
7073,Assault,West,Night,Monday,Sunny,Medium,Yes,10.0,8,16,439,10,9,High
7074,Medical,West,Afternoon,Sunday,Cloudy,High,Yes,8.0,9,18,104,6,10,High
7075,Accident,Central,Afternoon,Saturday,Rainy,High,Yes,21.0,11,33,244,9,20,High
7076,Medical,West,Afternoon,Sunday,Sunny,Medium,Yes,9.0,7,24,182,8,3,High
7077,Assault,Central,Evening,Wednesday,Cloudy,High,Yes,21.0,13,34,438,4,16,High
7078,Accident,North,Morning,Tuesday,Sunny,Medium,No,14.0,12,17,300,8,8,High
7079,Theft,West,Night,Thursday,Cloudy,Low,Yes,23.0,22,24,355,7,5,High
7080,Accident,East,Morning,Tuesday,Rainy,Medium,Yes,17.0,14,4,490,7,8,High
7081,Assault,North,Evening,Sunday,Rainy,High,No,3.0,15,27,460,2,13,High
7082,Medical,West,Afternoon,Wednesday,Rainy,Medium,No,10.0,20,15,469,2,4,Medium
7083,Fire,Central,Morning,Friday,Rainy,Medium,No,22.0,18,26,130,7,4,High
7084,Assault,Central,Night,Thursday,Rainy,High,No,11.0,28,10,255,2,14,High
7085,Theft,West,Morning,Monday,Cloudy,Low,No,15.0,8,25,290,9,19,High
7086,Accident,North,Morning,Monday,Rainy,High,No,14.0,28,18,486,5,6,High
7087,Fire,East,Evening,Tuesday,Sunny,Low,No,23.0,18,5,405,1,14,High
7088,Accident,South,Morning,Tuesday,Cloudy,Low,Yes,14.0,9,34,144,4,2,Medium
7089,Medical,North,Morning,Sunday,Cloudy,Low,No,22.0,14,19,490,4,1,Medium
7090,Fire,West,Morning,Monday,Sunny,Medium,No,17.0,14,10,395,6,6,High
7091,Fire,North,Night,Tuesday,Rainy,High,No,15.0,7,20,176,5,16,High
7092,Accident,South,Night,Wednesday,,,Yes,,29,13,67,9,0,High
7093,Fire,North,Afternoon,Wednesday,Sunny,Medium,No,20.0,14,7,161,1,6,Low
7094,Assault,West,Afternoon,Tuesday,Cloudy,Low,No,22.0,15,23,201,2,2,Low
7095,Assault,North,Morning,Tuesday,Cloudy,Low,No,14.0,26,6,55,5,17,High
7096,Assault,West,Evening,Friday,Rainy,High,No,10.0,16,22,134,2,13,High
7097,Assault,Central,Afternoon,Saturday,Cloudy,Medium,No,16.0,10,4,395,5,14,High
7098,Theft,Central,Night,Thursday,Sunny,Medium,No,3.0,26,15,109,8,14,High
7099,Assault,South,Afternoon,Wednesday,Rainy,Low,No,12.0,28,9,71,4,13,High
7100,Medical,South,Morning,Friday,Sunny,Low,Yes,13.0,5,11,284,6,16,High
7101,Theft,North,Morning,Thursday,Cloudy,Low,No,10.0,23,6,88,1,12,Medium
7102,Fire,Central,Morning,Thursday,Cloudy,Low,No,10.0,14,4,388,9,17,High
7103,Medical,West,Morning,Tuesday,Rainy,Medium,Yes,20.0,19,15,428,8,2,High
7104,Theft,South,Evening,Wednesday,Rainy,High,No,19.0,28,14,280,6,20,High
7105,Fire,East,Night,Thursday,Cloudy,High,Yes,18.0,14,15,315,4,20,High
7106,Accident,South,Afternoon,Sunday,Sunny,Low,Yes,7.0,8,21,159,1,20,High
7107,Medical,West,Afternoon,Tuesday,Rainy,Medium,Yes,5.0,23,17,111,2,1,Low
7108,Fire,West,Morning,Wednesday,Rainy,Medium,No,6.0,7,22,176,4,13,High
7109,Fire,East,Evening,Tuesday,Sunny,High,No,20.0,22,13,301,3,14,High
7110,Medical,North,Evening,Friday,Cloudy,Low,No,25.0,30,28,448,5,9,High
7111,Medical,Central,Morning,Monday,Rainy,Medium,Yes,18.0,8,31,103,7,9,High
7112,Accident,East,Morning,Thursday,Rainy,Low,Yes,16.0,24,29,493,1,17,High
7113,Theft,East,Morning,Thursday,Rainy,Low,No,15.0,28,23,102,3,11,High
7114,Accident,North,Afternoon,Thursday,Sunny,High,Yes,13.0,14,19,42,3,0,Low
7115,Fire,Central,Morning,Monday,Cloudy,High,Yes,23.0,20,13,457,5,18,High
7116,Medical,Central,Morning,Saturday,Cloudy,Low,Yes,14.0,26,24,229,8,17,High
7117,Theft,South,Afternoon,Wednesday,Rainy,High,No,16.0,23,31,400,2,14,High
7118,Assault,North,Evening,Saturday,Cloudy,Low,Yes,16.0,30,9,210,3,8,Medium
7119,Accident,North,Morning,Saturday,Rainy,High,No,13.0,5,19,211,9,0,High
7120,Assault,West,Night,Monday,Sunny,Medium,No,25.0,13,5,488,2,3,Medium
7121,Assault,East,Night,Sunday,Rainy,Medium,Yes,7.0,17,16,18,1,16,High
7122,Accident,West,Night,Tuesday,Sunny,High,Yes,4.0,25,32,340,3,11,High
7123,Theft,North,Night,Friday,Rainy,High,No,24.0,15,18,380,9,6,High
7124,Accident,West,Evening,Monday,Sunny,Medium,Yes,21.0,23,12,227,1,2,Low
7125,Medical,West,Evening,Sunday,Cloudy,Medium,No,9.0,14,15,152,5,0,Medium
7126,Theft,West,Night,Thursday,Sunny,Low,No,6.0,29,7,464,4,3,Medium
7127,Accident,North,Evening,Thursday,Cloudy,Low,Yes,16.0,7,26,47,10,4,High
7128,Theft,North,Afternoon,Tuesday,Rainy,High,No,12.0,22,11,303,4,6,Medium
7129,Accident,South,Afternoon,Monday,Rainy,Medium,Yes,9.0,8,34,394,4,18,High
7130,Fire,West,Night,Saturday,Cloudy,High,No,21.0,29,9,185,2,15,High
7131,Assault,South,Night,Saturday,Cloudy,Low,No,22.0,9,7,424,4,14,High
7132,Theft,South,Morning,Monday,Cloudy,Medium,Yes,23.0,10,35,39,9,15,High
7133,Accident,South,Morning,Sunday,Cloudy,Low,Yes,12.0,30,17,26,6,17,High
7134,Medical,North,Evening,Wednesday,Rainy,Medium,Yes,8.0,22,14,355,2,17,High
7135,Theft,South,Evening,Friday,Cloudy,Medium,No,10.0,11,15,472,6,9,High
7136,Medical,South,Afternoon,Monday,Rainy,High,Yes,12.0,27,17,73,4,8,Medium
7137,Theft,Central,Morning,Thursday,Cloudy,Medium,Yes,20.0,23,21,170,1,0,Low
7138,Accident,North,Morning,Thursday,Sunny,High,No,15.0,23,19,478,4,6,High
7139,Accident,West,Night,Sunday,Cloudy,Medium,Yes,12.0,25,17,163,2,6,Medium
7140,Theft,West,Evening,Wednesday,Rainy,Medium,Yes,22.0,14,30,148,6,0,Medium
7141,Theft,East,Morning,Tuesday,Sunny,Low,No,6.0,21,35,285,8,1,High
7142,Fire,Central,Afternoon,Thursday,Sunny,High,Yes,21.0,18,10,152,4,1,Medium
7143,Medical,West,Night,Thursday,Rainy,Low,Yes,6.0,16,32,57,7,17,High
7144,Medical,North,Evening,Thursday,Rainy,Medium,Yes,13.0,6,32,272,8,16,High
7145,Theft,North,Afternoon,Tuesday,Sunny,High,Yes,10.0,11,24,388,4,0,Medium
7146,Accident,Central,Afternoon,Wednesday,Sunny,High,No,6.0,27,14,404,1,3,Medium
7147,Theft,East,Morning,Monday,Sunny,High,Yes,7.0,7,14,466,9,4,High
7148,Assault,East,Afternoon,Wednesday,Rainy,Low,No,13.0,6,28,278,10,18,High
7149,Fire,Central,Night,Monday,Rainy,High,Yes,6.0,14,26,13,1,17,High
7150,Assault,East,Evening,Tuesday,Sunny,Medium,No,11.0,20,5,248,2,9,Medium
7151,Fire,Central,Morning,Thursday,Sunny,Low,No,21.0,19,29,332,10,17,High
7152,Accident,Central,Night,Monday,Cloudy,Low,No,5.0,27,30,292,7,9,High
7153,Fire,East,Evening,Monday,Cloudy,High,No,14.0,6,30,475,3,19,High
7154,Accident,East,Evening,Thursday,Rainy,Medium,Yes,13.0,12,5,270,8,20,High
7155,Accident,South,Afternoon,Wednesday,Sunny,High,No,15.0,12,12,482,9,20,High
7156,Medical,North,Night,Tuesday,Rainy,High,No,7.0,19,20,446,2,3,Medium
7157,Theft,East,Afternoon,Tuesday,Cloudy,Low,No,13.0,18,30,468,3,0,Medium
7158,Accident,West,Morning,Tuesday,Cloudy,Medium,No,15.0,11,13,206,5,11,High
7159,Medical,North,Afternoon,Friday,Cloudy,Low,Yes,17.0,27,30,414,2,19,High
7160,Theft,South,Afternoon,Sunday,Rainy,Medium,Yes,20.0,20,23,332,3,1,Medium
7161,Medical,East,Night,Friday,Cloudy,Low,No,5.0,24,5,378,1,7,Medium
7162,Accident,South,Morning,Thursday,Rainy,Medium,No,8.0,5,28,139,9,4,High
7163,Medical,North,Morning,Sunday,Cloudy,High,No,16.0,12,34,93,1,11,Medium
7164,Fire,South,Evening,Wednesday,Rainy,Medium,No,17.0,9,32,28,10,19,High
7165,Fire,South,Night,Monday,Cloudy,High,Yes,3.0,21,27,285,5,8,High
7166,Assault,West,Afternoon,Sunday,Cloudy,High,No,3.0,17,25,76,8,13,High
7167,Medical,West,Night,Friday,Sunny,Medium,Yes,8.0,14,10,76,8,16,High
7168,Accident,Central,Night,Thursday,Cloudy,Low,No,19.0,26,14,276,9,15,High
7169,Accident,West,Morning,Thursday,Rainy,Low,No,14.0,14,11,462,2,19,High
7170,Accident,West,Night,Sunday,Rainy,Medium,No,8.0,30,12,195,10,14,High
7171,Theft,East,Afternoon,Monday,Cloudy,High,No,14.0,24,18,135,2,13,High
7172,Theft,East,Afternoon,Monday,Rainy,High,No,20.0,23,19,82,4,3,Medium
7173,Assault,West,Morning,Friday,Sunny,Medium,No,9.0,12,6,135,6,17,High
7174,Medical,West,Evening,Saturday,Rainy,Medium,No,19.0,26,31,187,3,2,Low
7175,Accident,North,Night,Saturday,Rainy,High,No,23.0,16,12,427,2,14,High
7176,Accident,West,Evening,Saturday,Cloudy,High,No,23.0,29,18,491,2,7,Medium
7177,Theft,North,Night,Monday,Sunny,Low,No,12.0,7,26,25,1,9,Medium
7178,Fire,East,Night,Monday,Rainy,High,No,10.0,29,28,266,10,9,High
7179,Accident,North,Evening,Friday,Rainy,High,Yes,18.0,24,16,280,6,16,High
7180,Theft,West,Night,Monday,Sunny,High,Yes,5.0,11,34,364,9,8,High
7181,Medical,South,Night,Saturday,Sunny,Medium,Yes,11.0,7,11,392,1,2,Low
7182,Assault,Central,Night,Thursday,Rainy,High,No,25.0,28,9,271,7,5,High
7183,Fire,North,Evening,Monday,Cloudy,Low,Yes,18.0,30,23,11,8,10,High
7184,Assault,North,Night,Tuesday,Sunny,Low,Yes,5.0,21,13,491,1,1,Low
7185,Theft,Central,Morning,Friday,Sunny,Medium,Yes,15.0,22,34,309,10,0,High
7186,Accident,East,Night,Wednesday,Rainy,Low,No,23.0,18,18,77,4,13,High
7187,Fire,East,Afternoon,Tuesday,Sunny,Low,Yes,21.0,26,22,361,1,15,High
7188,Theft,West,Night,Wednesday,Cloudy,Low,No,13.0,30,12,320,4,20,High
7189,Medical,South,Night,Monday,Sunny,Medium,No,14.0,18,11,111,10,4,High
7190,Assault,South,Morning,Wednesday,Cloudy,Medium,No,5.0,25,30,157,8,9,High
7191,Assault,Central,Afternoon,Thursday,Cloudy,Low,No,11.0,20,9,421,9,20,High
7192,Medical,North,Evening,Saturday,Sunny,Medium,No,8.0,26,29,193,6,17,High
7193,Assault,North,Morning,Wednesday,Cloudy,Low,Yes,23.0,14,25,471,1,2,Low
7194,Medical,North,Morning,Saturday,Sunny,High,No,10.0,19,25,98,8,20,High
7195,Medical,East,Evening,Thursday,Sunny,Low,No,19.0,21,17,118,2,3,Low
7196,Medical,East,Afternoon,Wednesday,Cloudy,Low,No,5.0,26,27,50,1,13,Medium
7197,Medical,East,Afternoon,Monday,Cloudy,Medium,No,10.0,19,4,447,3,11,High
7198,Accident,North,Morning,Saturday,Cloudy,High,No,21.0,15,21,425,10,18,High
7199,Theft,East,Evening,Sunday,Cloudy,High,No,23.0,26,12,311,9,4,High
7200,Assault,South,Evening,Monday,Cloudy,High,Yes,10.0,24,34,6,4,16,High
7201,Accident,Central,Morning,Monday,Sunny,Medium,Yes,21.0,15,19,288,4,20,High
7202,Accident,East,Evening,Friday,Cloudy,High,No,12.0,23,18,280,10,13,High
7203,Fire,Central,Afternoon,Tuesday,Sunny,High,No,13.0,14,27,230,1,10,Medium
7204,Assault,East,Afternoon,Friday,Sunny,Medium,No,17.0,6,24,290,1,3,Low
7205,Medical,Central,Night,Thursday,,,No,,19,26,77,9,17,High
7206,Fire,North,Evening,Thursday,Cloudy,Low,Yes,4.0,16,11,284,10,2,High
7207,Accident,East,Night,Tuesday,Sunny,Medium,Yes,15.0,28,17,322,4,16,High
7208,Medical,Central,Morning,Monday,Cloudy,Medium,No,13.0,28,22,77,7,16,High
7209,Medical,Central,Morning,Wednesday,Sunny,High,No,17.0,12,30,185,8,16,High
7210,Accident,West,Morning,Friday,Cloudy,Medium,Yes,6.0,15,15,161,5,3,Medium
7211,Theft,North,Afternoon,Wednesday,Cloudy,Low,No,3.0,29,16,335,1,1,Low
7212,Medical,West,Afternoon,Tuesday,Rainy,High,No,17.0,25,15,498,6,3,High
7213,Theft,South,Evening,Saturday,Cloudy,High,No,10.0,18,6,253,9,16,High
7214,Accident,West,Morning,Thursday,Cloudy,Low,No,8.0,30,8,376,6,17,High
7215,Medical,Central,Night,Sunday,,,No,,8,17,43,1,17,High
7216,Assault,Central,Night,Thursday,Cloudy,High,No,10.0,17,4,351,3,17,High
7217,Theft,West,Afternoon,Tuesday,Sunny,Low,Yes,21.0,14,19,280,5,15,High
7218,Assault,South,Night,Wednesday,Sunny,Medium,No,11.0,27,5,436,7,5,High
7219,Accident,South,Evening,Tuesday,Sunny,Medium,Yes,7.0,21,35,293,7,6,High
7220,Theft,Central,Afternoon,Saturday,Cloudy,Medium,No,21.0,5,26,147,3,1,Low
7221,Medical,South,Night,Sunday,Cloudy,Low,No,10.0,16,4,101,1,14,High
7222,Accident,East,Morning,Friday,Cloudy,High,Yes,18.0,16,9,219,3,2,Medium
7223,Fire,North,Afternoon,Thursday,Cloudy,Low,Yes,17.0,6,7,478,3,16,High
7224,Fire,Central,Night,Sunday,Cloudy,Medium,No,8.0,11,13,297,10,18,High
7225,Theft,West,Night,Thursday,Sunny,Medium,No,7.0,19,30,49,6,5,High
7226,Assault,North,Night,Thursday,Sunny,Low,No,24.0,9,4,148,5,20,High
7227,Fire,Central,Evening,Monday,Sunny,High,No,10.0,12,9,314,10,4,High
7228,Theft,South,Night,Tuesday,Rainy,Medium,No,7.0,11,8,178,1,8,Medium
7229,Assault,East,Night,Saturday,,,Yes,,17,29,497,9,19,High
7230,Fire,East,Afternoon,Wednesday,Rainy,High,Yes,24.0,7,21,232,6,10,High
7231,Theft,East,Evening,Sunday,Cloudy,Medium,No,20.0,16,8,341,6,0,Medium
7232,Accident,South,Evening,Sunday,Sunny,Medium,No,24.0,14,31,441,6,0,Medium
7233,Fire,West,Morning,Tuesday,Cloudy,Medium,No,20.0,5,18,78,3,16,High
7234,Medical,West,Afternoon,Tuesday,Rainy,Low,Yes,17.0,24,31,13,9,10,High
7235,Theft,North,Morning,Saturday,Cloudy,Medium,No,22.0,19,29,267,2,17,High
7236,Accident,South,Evening,Saturday,Cloudy,High,Yes,19.0,18,31,20,4,5,Medium
7237,Medical,North,Night,Tuesday,Sunny,Medium,No,20.0,16,33,426,9,18,High
7238,Accident,North,Evening,Monday,Sunny,High,Yes,23.0,12,26,275,9,5,High
7239,Medical,Central,Morning,Wednesday,Cloudy,High,Yes,17.0,12,7,207,5,13,High
7240,Assault,East,Night,Monday,Sunny,Low,Yes,18.0,29,12,48,9,5,High
7241,Theft,North,Evening,Friday,Rainy,Medium,No,16.0,12,11,188,2,13,High
7242,Medical,North,Afternoon,Wednesday,Sunny,Low,No,22.0,26,18,332,10,6,High
7243,Medical,East,Night,Monday,Rainy,High,Yes,21.0,17,21,208,8,12,High
7244,Theft,West,Afternoon,Saturday,Sunny,Medium,Yes,13.0,10,32,59,1,9,Medium
7245,Accident,North,Afternoon,Monday,Cloudy,Low,No,9.0,21,32,476,2,2,Medium
7246,Medical,Central,Night,Monday,Rainy,Medium,No,13.0,27,26,247,2,7,Medium
7247,Theft,North,Night,Tuesday,Rainy,High,No,16.0,17,22,442,3,3,Medium
7248,Medical,West,Afternoon,Friday,Cloudy,High,Yes,14.0,13,33,492,4,8,High
7249,Accident,Central,Evening,Sunday,Rainy,Low,No,9.0,20,13,429,9,19,High
7250,Theft,North,Evening,Friday,Sunny,High,Yes,9.0,20,24,307,9,17,High
7251,Accident,West,Evening,Saturday,Rainy,Medium,Yes,24.0,12,29,255,3,0,Low
7252,Assault,East,Evening,Tuesday,Rainy,Medium,No,18.0,10,16,185,1,4,Low
7253,Assault,North,Night,Wednesday,Cloudy,Medium,Yes,6.0,15,15,285,8,1,High
7254,Medical,East,Night,Friday,Sunny,High,No,9.0,23,35,264,6,16,High
7255,Accident,East,Evening,Wednesday,Sunny,Low,Yes,21.0,25,9,491,7,10,High
7256,Accident,South,Night,Wednesday,Sunny,High,No,11.0,25,11,64,4,4,Medium
7257,Accident,East,Evening,Saturday,Cloudy,Low,No,14.0,30,28,289,9,3,High
7258,Assault,Central,Afternoon,Friday,Cloudy,Medium,Yes,3.0,13,11,235,4,5,Medium
7259,Medical,Central,Morning,Monday,Rainy,Low,No,13.0,5,22,62,5,16,High
7260,Fire,East,Morning,Friday,Sunny,High,Yes,25.0,20,29,7,8,16,High
7261,Assault,South,Afternoon,Friday,Rainy,Low,Yes,3.0,26,15,324,4,1,Medium
7262,Assault,South,Morning,Friday,Sunny,Medium,No,7.0,27,29,253,6,0,Medium
7263,Theft,West,Evening,Tuesday,Rainy,Low,No,17.0,20,18,410,2,11,High
7264,Fire,West,Morning,Sunday,Cloudy,Medium,Yes,23.0,24,6,395,9,12,High
7265,Medical,Central,Afternoon,Tuesday,Rainy,High,Yes,20.0,10,14,371,10,13,High
7266,Theft,North,Afternoon,Monday,Cloudy,Medium,No,6.0,20,17,173,10,14,High
7267,Medical,Central,Night,Sunday,Rainy,High,Yes,13.0,22,29,129,5,2,Medium
7268,Fire,North,Afternoon,Saturday,Cloudy,Low,Yes,23.0,22,17,233,9,10,High
7269,Theft,Central,Afternoon,Saturday,Rainy,Low,No,10.0,25,13,168,2,15,High
7270,Assault,South,Morning,Monday,Sunny,High,Yes,18.0,23,22,73,3,16,High
7271,Theft,North,Afternoon,Tuesday,Rainy,Low,No,19.0,8,30,446,1,9,Medium
7272,Medical,Central,Night,Thursday,Sunny,High,No,4.0,8,27,403,8,20,High
7273,Theft,South,Night,Thursday,Cloudy,High,Yes,16.0,25,19,82,6,20,High
7274,Medical,Central,Night,Thursday,Rainy,Low,Yes,24.0,19,17,71,4,20,High
7275,Fire,Central,Afternoon,Saturday,Cloudy,High,Yes,17.0,14,8,35,10,6,High
7276,Theft,Central,Afternoon,Tuesday,Cloudy,Low,No,18.0,11,25,177,8,12,High
7277,Accident,Central,Morning,Sunday,Rainy,Medium,Yes,3.0,8,12,337,8,7,High
7278,Accident,West,Night,Tuesday,Sunny,Medium,Yes,9.0,25,17,51,5,17,High
7279,Fire,East,Afternoon,Thursday,Sunny,Low,Yes,11.0,27,34,10,10,3,High
7280,Medical,North,Morning,Wednesday,Sunny,Medium,No,20.0,26,4,293,9,11,High
7281,Fire,North,Night,Friday,Rainy,Medium,Yes,19.0,18,12,491,9,18,High
7282,Theft,East,Afternoon,Tuesday,Rainy,High,Yes,23.0,22,21,141,7,7,High
7283,Theft,West,Night,Wednesday,Sunny,Medium,Yes,21.0,25,6,448,1,4,Medium
7284,Fire,East,Afternoon,Saturday,Rainy,Medium,No,17.0,29,14,135,8,15,High
7285,Assault,East,Morning,Tuesday,Sunny,Medium,Yes,19.0,26,22,225,5,19,High
7286,Accident,South,Night,Sunday,Rainy,Medium,Yes,25.0,6,10,197,5,16,High
7287,Assault,East,Evening,Thursday,Cloudy,High,Yes,4.0,12,6,410,10,12,High
7288,Medical,Central,Morning,Friday,Rainy,High,No,10.0,9,15,329,10,13,High
7289,Fire,South,Night,Monday,Sunny,Low,No,10.0,25,20,462,8,12,High
7290,Assault,West,Morning,Thursday,Sunny,High,No,6.0,24,18,20,4,13,High
7291,Theft,West,Night,Saturday,Cloudy,High,Yes,23.0,7,33,373,9,1,High
7292,Assault,West,Afternoon,Wednesday,Sunny,Medium,No,4.0,15,25,333,5,2,Medium
7293,Fire,West,Morning,Sunday,Rainy,High,Yes,23.0,19,22,18,3,20,High
7294,Medical,West,Night,Saturday,Sunny,Medium,Yes,15.0,30,23,225,4,10,High
7295,Theft,West,Evening,Friday,Sunny,High,No,21.0,12,28,142,7,17,High
7296,Medical,North,Night,Monday,Sunny,Medium,Yes,14.0,8,14,31,1,4,Low
7297,Theft,South,Afternoon,Monday,Sunny,Low,Yes,5.0,29,11,135,4,9,High
7298,Fire,Central,Afternoon,Thursday,Sunny,High,No,23.0,23,12,211,2,0,Low
7299,Medical,South,Afternoon,Saturday,Sunny,Low,Yes,10.0,12,13,477,3,13,High
7300,Theft,South,Evening,Monday,Sunny,Medium,Yes,25.0,15,14,88,4,17,High
7301,Theft,North,Night,Wednesday,Cloudy,High,Yes,18.0,14,29,139,3,3,Medium
7302,Medical,North,Afternoon,Thursday,Rainy,High,Yes,22.0,5,14,233,5,13,High
7303,Theft,South,Night,Saturday,Cloudy,Low,No,4.0,26,15,460,5,10,High
7304,Fire,Central,Afternoon,Saturday,Rainy,Medium,No,18.0,10,25,85,9,19,High
7305,Assault,Central,Evening,Sunday,Cloudy,Low,No,4.0,7,15,228,4,8,High
7306,Assault,East,Afternoon,Monday,Sunny,Medium,Yes,7.0,25,4,150,7,6,High
7307,Assault,East,Evening,Wednesday,Rainy,Low,No,17.0,24,7,456,9,5,High
7308,Fire,South,Night,Thursday,Sunny,Medium,Yes,11.0,8,17,380,9,10,High
7309,Medical,West,Afternoon,Saturday,Cloudy,Low,No,4.0,26,8,94,6,7,High
7310,Accident,East,Afternoon,Wednesday,Sunny,High,Yes,7.0,29,4,154,10,10,High
7311,Medical,Central,Morning,Saturday,Rainy,Medium,Yes,24.0,20,16,86,6,13,High
7312,Assault,South,Evening,Wednesday,Cloudy,Low,Yes,25.0,22,34,62,4,20,High
7313,Assault,West,Night,Friday,Rainy,Low,Yes,3.0,27,14,419,3,4,Medium
7314,Fire,West,Afternoon,Saturday,,,Yes,,20,5,378,8,0,High
7315,Theft,South,Morning,Sunday,Sunny,Low,Yes,4.0,6,4,438,9,5,High
7316,Theft,North,Afternoon,Sunday,Cloudy,High,No,21.0,10,14,26,9,1,High
7317,Assault,Central,Afternoon,Thursday,Rainy,Medium,Yes,6.0,14,10,54,9,10,High
7318,Fire,Central,Evening,Saturday,Rainy,Medium,Yes,8.0,28,22,447,2,12,High
7319,Accident,East,Afternoon,Tuesday,Cloudy,High,Yes,21.0,20,9,247,9,1,High
7320,Assault,North,Evening,Friday,Rainy,Medium,No,7.0,27,18,282,6,6,High
7321,Accident,South,Evening,Thursday,Rainy,Low,No,15.0,11,15,405,5,19,High
7322,Fire,South,Morning,Sunday,Cloudy,Low,Yes,11.0,21,21,93,8,19,High
7323,Theft,North,Night,Saturday,Sunny,High,No,10.0,30,10,382,2,9,Medium
7324,Accident,South,Morning,Tuesday,Rainy,Low,Yes,17.0,25,6,378,1,13,High
7325,Accident,East,Afternoon,Tuesday,Sunny,Medium,No,25.0,30,4,17,6,16,High
7326,Fire,East,Afternoon,Saturday,Cloudy,High,Yes,6.0,22,11,39,5,11,High
7327,Medical,Central,Morning,Wednesday,Sunny,Medium,Yes,17.0,28,19,43,6,8,High
7328,Assault,Central,Evening,Saturday,Sunny,High,Yes,18.0,9,34,338,6,10,High
7329,Fire,West,Afternoon,Wednesday,Sunny,High,No,8.0,17,11,66,7,17,High
7330,Medical,East,Afternoon,Tuesday,Cloudy,Medium,No,17.0,26,16,295,2,2,Low
7331,Accident,West,Afternoon,Saturday,Sunny,Low,Yes,13.0,28,24,372,5,0,Medium
7332,Assault,Central,Night,Monday,Sunny,High,No,15.0,29,12,11,8,0,Medium
7333,Assault,Central,Night,Saturday,Sunny,High,No,16.0,6,35,444,5,15,High
7334,Medical,Central,Evening,Sunday,Sunny,Medium,Yes,9.0,12,16,482,8,9,High
7335,Accident,South,Evening,Saturday,Rainy,High,Yes,15.0,27,14,293,5,20,High
7336,Fire,North,Afternoon,Monday,Sunny,Medium,Yes,13.0,12,25,361,4,3,Medium
7337,Accident,North,Night,Wednesday,Sunny,Low,Yes,13.0,26,34,155,2,16,High
7338,Theft,East,Evening,Thursday,Sunny,Medium,No,21.0,19,19,66,7,2,Medium
7339,Assault,North,Morning,Friday,Cloudy,High,No,19.0,26,31,96,5,10,High
7340,Medical,North,Morning,Thursday,Rainy,High,No,6.0,18,4,460,7,3,High
7341,Theft,East,Morning,Friday,,,Yes,,22,29,182,3,9,Medium
7342,Theft,West,Morning,Wednesday,Rainy,Medium,Yes,20.0,5,16,26,2,20,High
7343,Fire,West,Morning,Tuesday,Sunny,Low,No,20.0,19,7,164,1,14,Medium
7344,Fire,West,Night,Thursday,Sunny,Medium,Yes,5.0,6,7,466,3,14,High
7345,Accident,Central,Evening,Saturday,,,No,,21,8,285,3,15,High
7346,Medical,Central,Morning,Wednesday,Sunny,Medium,Yes,23.0,15,24,202,1,18,High
7347,Theft,West,Morning,Wednesday,Sunny,High,No,24.0,6,5,355,8,10,High
7348,Fire,North,Morning,Sunday,Sunny,Low,Yes,5.0,17,14,143,5,7,High
7349,Medical,South,Afternoon,Wednesday,Sunny,High,No,23.0,10,6,346,5,11,High
7350,Theft,North,Evening,Friday,Rainy,Low,No,24.0,22,18,274,9,16,High
7351,Theft,South,Morning,Sunday,Cloudy,Low,No,11.0,13,21,209,8,17,High
7352,Assault,Central,Evening,Tuesday,Rainy,High,Yes,7.0,25,11,196,1,4,Low
7353,Medical,North,Afternoon,Friday,Sunny,Medium,No,3.0,29,17,78,4,0,Medium
7354,Medical,South,Morning,Monday,Sunny,Low,Yes,12.0,27,13,181,3,19,High
7355,Accident,East,Afternoon,Saturday,Sunny,Medium,Yes,3.0,7,15,303,6,15,High
7356,Fire,Central,Morning,Thursday,Sunny,Low,Yes,18.0,12,15,164,3,13,High
7357,Theft,Central,Afternoon,Wednesday,Sunny,Medium,No,13.0,15,23,27,3,19,High
7358,Theft,West,Night,Wednesday,Rainy,High,Yes,20.0,6,17,55,10,8,High
7359,Fire,Central,Night,Wednesday,Cloudy,Medium,No,23.0,24,6,373,1,0,Low
7360,Medical,South,Afternoon,Tuesday,,,Yes,,13,15,197,8,2,High
7361,Fire,West,Afternoon,Saturday,Sunny,Medium,Yes,18.0,7,23,356,1,8,Medium
7362,Accident,Central,Morning,Sunday,Rainy,Low,Yes,12.0,30,10,309,4,11,High
7363,Assault,North,Night,Sunday,Sunny,Low,Yes,11.0,9,24,77,2,16,High
7364,Theft,South,Night,Thursday,Sunny,Medium,No,16.0,9,27,382,7,17,High
7365,Medical,East,Afternoon,Monday,Sunny,Low,No,14.0,16,4,3,10,11,High
7366,Assault,East,Afternoon,Monday,Cloudy,Medium,No,11.0,11,7,210,5,19,High
7367,Theft,South,Afternoon,Thursday,Cloudy,High,No,17.0,21,4,39,9,4,High
7368,Medical,East,Evening,Tuesday,Sunny,Medium,Yes,4.0,18,14,484,2,19,High
7369,Assault,North,Afternoon,Friday,Rainy,Medium,Yes,4.0,18,25,420,1,6,Medium
7370,Theft,South,Night,Sunday,Sunny,Medium,No,19.0,5,5,341,4,9,High
7371,Accident,East,Afternoon,Thursday,Sunny,High,Yes,6.0,13,15,133,8,4,High
7372,Fire,Central,Night,Tuesday,Rainy,High,No,15.0,23,15,164,5,14,High
7373,Theft,West,Night,Sunday,Cloudy,High,No,3.0,20,13,479,8,20,High
7374,Accident,South,Morning,Saturday,Cloudy,Medium,No,10.0,6,20,29,10,11,High
7375,Medical,North,Night,Monday,Sunny,High,No,23.0,24,27,202,1,7,Medium
7376,Fire,East,Morning,Sunday,Sunny,High,Yes,10.0,12,35,32,5,14,High
7377,Medical,South,Evening,Friday,Sunny,Medium,No,5.0,21,30,103,10,6,High
7378,Fire,Central,Morning,Saturday,Cloudy,High,Yes,15.0,28,28,125,10,12,High
7379,Assault,South,Afternoon,Sunday,Sunny,High,No,19.0,27,4,299,1,3,Low
7380,Fire,East,Night,Monday,Rainy,High,Yes,5.0,24,35,140,2,20,High
7381,Theft,West,Evening,Saturday,Rainy,High,No,13.0,14,27,387,8,15,High
7382,Theft,North,Afternoon,Friday,Cloudy,High,No,18.0,20,7,14,9,9,High
7383,Fire,Central,Afternoon,Monday,Sunny,Medium,Yes,17.0,7,9,228,10,17,High
7384,Theft,East,Night,Friday,Rainy,High,Yes,15.0,17,28,298,6,9,High
7385,Medical,North,Afternoon,Saturday,Sunny,High,No,15.0,24,21,298,9,4,High
7386,Theft,East,Evening,Wednesday,Sunny,Low,No,11.0,25,7,302,3,11,High
7387,Theft,West,Night,Wednesday,Sunny,High,No,12.0,28,19,452,3,3,Medium
7388,Theft,South,Morning,Thursday,Cloudy,Medium,Yes,24.0,28,20,102,1,12,Medium
7389,Theft,South,Evening,Friday,Cloudy,Medium,No,8.0,8,5,96,4,12,High
7390,Accident,South,Morning,Friday,Cloudy,Low,No,13.0,16,10,290,3,3,Medium
7391,Fire,West,Morning,Thursday,Rainy,Low,Yes,20.0,7,33,110,3,0,Low
7392,Accident,West,Afternoon,Sunday,Cloudy,High,Yes,12.0,13,8,66,5,1,Medium
7393,Medical,Central,Evening,Sunday,Cloudy,Low,Yes,24.0,24,22,80,8,15,High
7394,Assault,South,Afternoon,Sunday,Cloudy,High,No,21.0,10,28,317,9,16,High
7395,Accident,West,Morning,Monday,Sunny,High,Yes,19.0,25,30,129,8,1,High
7396,Medical,South,Evening,Saturday,Rainy,Low,No,3.0,12,23,176,10,15,High
7397,Assault,West,Afternoon,Thursday,Cloudy,High,Yes,4.0,20,35,244,2,12,High
7398,Assault,South,Evening,Thursday,Rainy,Medium,No,4.0,23,23,184,10,5,High
7399,Accident,East,Morning,Friday,Sunny,Low,Yes,16.0,11,17,178,2,9,Medium
7400,Fire,Central,Evening,Tuesday,Sunny,Medium,No,21.0,7,23,15,9,5,High
7401,Fire,North,Evening,Thursday,Rainy,Low,Yes,13.0,16,33,30,9,2,High
7402,Medical,North,Night,Wednesday,Sunny,High,Yes,22.0,9,30,452,8,2,High
7403,Fire,Central,Morning,Thursday,Cloudy,Medium,Yes,3.0,21,19,199,10,14,High
7404,Assault,South,Afternoon,Wednesday,Sunny,High,Yes,19.0,20,9,272,4,4,Medium
7405,Medical,West,Morning,Saturday,Sunny,Low,Yes,9.0,18,14,457,6,3,High
7406,Accident,South,Morning,Tuesday,Rainy,Medium,No,18.0,19,5,433,4,18,High
7407,Fire,Central,Night,Saturday,Cloudy,Low,Yes,19.0,21,19,209,2,6,Medium
7408,Theft,North,Morning,Friday,Cloudy,Low,No,11.0,27,8,238,6,10,High
7409,Theft,South,Morning,Wednesday,Rainy,Low,No,20.0,23,10,420,7,0,High
7410,Accident,East,Morning,Saturday,Sunny,Low,No,4.0,8,9,283,4,9,High
7411,Assault,North,Evening,Wednesday,Sunny,Low,No,21.0,6,7,487,10,13,High
7412,Medical,Central,Night,Friday,Sunny,Low,Yes,17.0,7,30,374,3,15,High
7413,Medical,East,Afternoon,Saturday,Rainy,High,No,8.0,17,7,254,8,13,High
7414,Medical,West,Afternoon,Thursday,Cloudy,Low,No,22.0,16,29,126,6,15,High
7415,Assault,Central,Evening,Friday,Cloudy,High,Yes,3.0,14,11,74,10,17,High
7416,Fire,West,Night,Thursday,Sunny,Low,Yes,13.0,6,5,122,1,7,Medium
7417,Medical,East,Night,Sunday,Sunny,Low,No,13.0,6,17,445,9,10,High
7418,Assault,South,Night,Thursday,Sunny,Low,Yes,18.0,11,8,333,9,19,High
7419,Accident,Central,Night,Wednesday,Cloudy,Low,Yes,25.0,5,22,477,1,3,Low
7420,Theft,Central,Morning,Thursday,Sunny,Medium,Yes,3.0,20,18,56,1,5,Low
7421,Fire,East,Night,Sunday,Rainy,Low,No,3.0,9,33,11,2,10,Medium
7422,Fire,West,Morning,Saturday,Sunny,Medium,Yes,13.0,22,23,439,2,19,High
7423,Accident,South,Evening,Friday,Sunny,Low,Yes,20.0,26,13,288,6,11,High
7424,Assault,South,Afternoon,Friday,Sunny,Medium,Yes,15.0,10,17,170,9,14,High
7425,Medical,East,Evening,Sunday,Sunny,Medium,No,3.0,9,23,381,4,10,High
7426,Medical,Central,Morning,Thursday,Cloudy,Low,No,25.0,30,7,485,9,14,High
7427,Theft,East,Evening,Monday,Sunny,Medium,Yes,21.0,21,13,402,8,4,High
7428,Theft,West,Evening,Tuesday,Sunny,High,No,6.0,10,32,92,9,19,High
7429,Assault,Central,Evening,Monday,Cloudy,Low,No,20.0,6,7,172,10,20,High
7430,Fire,South,Morning,Sunday,Sunny,Medium,No,23.0,6,8,447,1,5,Medium
7431,Accident,Central,Evening,Friday,Cloudy,High,Yes,10.0,21,33,393,8,4,High
7432,Fire,East,Morning,Friday,Sunny,Low,No,3.0,27,12,293,7,16,High
7433,Accident,South,Morning,Wednesday,Sunny,Medium,No,5.0,11,34,362,8,17,High
7434,Theft,East,Night,Sunday,Sunny,Medium,Yes,14.0,9,11,291,1,19,High
7435,Accident,West,Night,Saturday,Cloudy,Low,No,3.0,26,23,62,7,3,High
7436,Accident,North,Morning,Tuesday,Rainy,High,Yes,9.0,14,4,400,10,8,High
7437,Accident,East,Afternoon,Tuesday,Rainy,Medium,No,17.0,30,24,157,10,11,High
7438,Accident,South,Evening,Monday,,,No,,5,26,299,3,10,High
7439,Fire,Central,Afternoon,Wednesday,Rainy,Medium,Yes,3.0,30,14,167,2,9,Medium
7440,Medical,South,Evening,Wednesday,Rainy,High,No,14.0,28,22,231,10,5,High
7441,Accident,North,Morning,Tuesday,Sunny,High,Yes,9.0,14,27,96,8,13,High
7442,Assault,Central,Afternoon,Friday,Rainy,Medium,Yes,17.0,10,28,372,10,20,High
7443,Accident,North,Night,Tuesday,Sunny,High,No,19.0,15,5,260,10,4,High
7444,Fire,North,Morning,Sunday,Cloudy,Low,Yes,6.0,5,13,409,4,9,High
7445,Fire,South,Night,Friday,Rainy,High,No,10.0,9,28,408,2,2,Medium
7446,Accident,Central,Morning,Sunday,Rainy,High,Yes,15.0,20,16,214,7,16,High
7447,Medical,North,Evening,Tuesday,Cloudy,High,No,8.0,10,9,412,10,2,High
7448,Accident,South,Night,Sunday,Cloudy,Medium,No,16.0,23,7,467,1,10,Medium
7449,Fire,North,Morning,Monday,Rainy,Medium,Yes,22.0,13,23,371,5,12,High
7450,Theft,South,Afternoon,Thursday,Cloudy,Low,No,4.0,16,17,313,10,20,High
7451,Accident,North,Evening,Wednesday,Rainy,Medium,No,17.0,8,6,324,2,17,High
7452,Fire,Central,Evening,Monday,Sunny,Medium,No,20.0,23,13,273,4,18,High
7453,Assault,South,Evening,Friday,Sunny,Medium,No,21.0,6,25,440,10,15,High
7454,Assault,East,Morning,Sunday,Sunny,Medium,Yes,6.0,21,14,221,2,7,Medium
7455,Theft,East,Morning,Saturday,Rainy,High,No,22.0,25,5,172,2,6,Medium
7456,Assault,Central,Morning,Tuesday,Cloudy,High,Yes,23.0,29,11,393,5,16,High
7457,Accident,Central,Morning,Sunday,Sunny,High,Yes,21.0,12,34,451,1,7,Medium
7458,Medical,Central,Evening,Wednesday,Cloudy,Medium,No,5.0,19,5,430,2,4,Medium
7459,Theft,South,Morning,Thursday,Sunny,Medium,Yes,9.0,13,11,276,2,2,Low
7460,Theft,West,Night,Monday,Rainy,Medium,No,9.0,18,8,392,9,10,High
7461,Fire,West,Morning,Thursday,Rainy,Low,Yes,13.0,27,11,4,8,5,High
7462,Medical,North,Morning,Sunday,Rainy,High,Yes,13.0,27,35,276,7,20,High
7463,Fire,North,Evening,Wednesday,Sunny,High,No,5.0,18,31,304,9,9,High
7464,Medical,North,Evening,Saturday,Rainy,Low,Yes,25.0,20,32,235,7,12,High
7465,Accident,South,Evening,Monday,Cloudy,Medium,Yes,22.0,7,9,341,7,12,High
7466,Medical,West,Night,Thursday,Cloudy,Medium,Yes,22.0,29,30,72,5,13,High
7467,Assault,North,Evening,Monday,Sunny,Medium,No,8.0,21,11,240,1,17,High
7468,Theft,South,Afternoon,Wednesday,Sunny,Low,Yes,12.0,23,34,344,5,1,Medium
7469,Assault,West,Morning,Monday,Cloudy,Low,Yes,5.0,16,26,449,2,3,Medium
7470,Accident,East,Night,Monday,Cloudy,High,No,22.0,5,15,260,8,9,High
7471,Theft,South,Afternoon,Tuesday,Cloudy,High,Yes,3.0,8,16,472,4,4,High
7472,Theft,South,Afternoon,Sunday,Cloudy,Medium,No,10.0,16,32,139,6,1,Medium
7473,Fire,North,Night,Saturday,Cloudy,Medium,No,17.0,22,8,83,8,20,High
7474,Medical,West,Morning,Saturday,Rainy,Medium,Yes,5.0,15,22,422,4,11,High
7475,Theft,South,Evening,Tuesday,Rainy,High,No,16.0,13,35,361,8,13,High
7476,Medical,West,Evening,Monday,Cloudy,Medium,No,19.0,15,22,113,9,8,High
7477,Fire,West,Night,Saturday,Sunny,Medium,Yes,3.0,15,18,268,10,1,High
7478,Medical,Central,Afternoon,Sunday,Cloudy,Low,Yes,4.0,7,32,490,7,7,High
7479,Fire,South,Evening,Friday,Cloudy,High,No,8.0,20,19,173,10,19,High
7480,Assault,North,Morning,Sunday,Rainy,Medium,Yes,13.0,8,8,118,9,8,High
7481,Fire,South,Night,Tuesday,Cloudy,Low,No,9.0,21,13,335,6,3,High
7482,Theft,East,Afternoon,Monday,Cloudy,Medium,Yes,10.0,13,28,262,6,17,High
7483,Fire,Central,Evening,Monday,Rainy,High,No,24.0,19,8,75,6,12,High
7484,Theft,Central,Afternoon,Friday,Cloudy,Low,No,22.0,14,33,146,10,1,High
7485,Accident,East,Evening,Saturday,Cloudy,High,Yes,15.0,18,10,4,9,15,High
7486,Theft,South,Night,Wednesday,Sunny,Low,Yes,17.0,6,5,54,7,16,High
7487,Assault,Central,Morning,Tuesday,Rainy,Medium,No,9.0,16,32,33,1,13,Medium
7488,Assault,Central,Evening,Tuesday,Sunny,High,Yes,21.0,22,26,437,3,10,High
7489,Accident,East,Morning,Wednesday,Sunny,Low,Yes,19.0,15,17,263,3,19,High
7490,Assault,South,Afternoon,Wednesday,Sunny,Medium,Yes,15.0,19,18,129,10,5,High
7491,Medical,North,Evening,Wednesday,Sunny,Low,Yes,23.0,12,5,23,2,8,Medium
7492,Assault,East,Evening,Saturday,Rainy,Medium,Yes,22.0,6,22,88,1,10,Medium
7493,Theft,Central,Evening,Thursday,Cloudy,High,Yes,14.0,23,24,56,8,7,High
7494,Fire,West,Morning,Friday,Cloudy,Low,No,12.0,20,9,77,8,16,High
7495,Medical,South,Afternoon,Tuesday,Sunny,Low,No,5.0,24,35,404,3,9,High
7496,Theft,South,Evening,Wednesday,Sunny,High,Yes,17.0,29,29,177,6,19,High
7497,Theft,West,Night,Saturday,Sunny,Low,Yes,7.0,19,31,358,1,4,Medium
7498,Theft,West,Afternoon,Saturday,Cloudy,Medium,Yes,20.0,16,25,274,3,1,Low
7499,Medical,South,Evening,Wednesday,Sunny,Medium,Yes,5.0,23,31,361,4,3,Medium
7500,Theft,East,Night,Wednesday,Sunny,Low,Yes,11.0,5,28,329,6,12,High
7501,Medical,North,Evening,Thursday,Cloudy,Low,No,22.0,15,4,262,1,17,High
7502,Fire,South,Afternoon,Sunday,Sunny,Medium,Yes,25.0,12,30,2,6,13,High
7503,Theft,South,Afternoon,Wednesday,Cloudy,Medium,No,15.0,15,16,126,6,16,High
7504,Accident,East,Night,Saturday,Sunny,Low,No,11.0,7,21,32,3,18,High
7505,Fire,West,Afternoon,Sunday,Sunny,Low,Yes,18.0,25,33,158,3,10,Medium
7506,Medical,South,Morning,Thursday,Rainy,Low,No,19.0,6,14,56,2,20,High
7507,Fire,North,Night,Wednesday,Sunny,Medium,No,22.0,6,18,428,8,5,High
7508,Assault,West,Morning,Monday,Rainy,Low,No,10.0,28,16,328,7,14,High
7509,Assault,East,Night,Tuesday,Sunny,Medium,No,25.0,27,35,338,8,17,High
7510,Fire,North,Morning,Friday,Sunny,Medium,Yes,4.0,16,5,189,1,15,High
7511,Accident,North,Night,Sunday,Sunny,High,Yes,15.0,27,14,262,6,6,High
7512,Fire,West,Night,Wednesday,Rainy,High,Yes,14.0,25,27,471,5,20,High
7513,Fire,Central,Afternoon,Thursday,Sunny,Low,Yes,8.0,29,12,156,5,6,High
7514,Theft,East,Evening,Friday,Rainy,Low,Yes,9.0,10,12,95,1,15,High
7515,Accident,West,Afternoon,Sunday,Sunny,Medium,Yes,9.0,14,22,140,1,11,Medium
7516,Accident,South,Afternoon,Wednesday,Rainy,Medium,Yes,7.0,20,15,37,9,15,High
7517,Fire,West,Night,Sunday,Sunny,High,Yes,25.0,13,22,136,1,17,High
7518,Medical,East,Afternoon,Saturday,Rainy,Medium,No,21.0,24,23,348,6,11,High
7519,Medical,East,Morning,Tuesday,Sunny,Low,No,20.0,20,31,189,6,19,High
7520,Medical,North,Night,Friday,Sunny,Low,Yes,7.0,12,25,28,2,13,High
7521,Medical,East,Night,Saturday,Rainy,High,No,15.0,26,22,382,5,8,High
7522,Assault,West,Afternoon,Wednesday,Cloudy,Medium,Yes,3.0,10,5,358,7,13,High
7523,Fire,West,Afternoon,Wednesday,Cloudy,High,No,21.0,18,11,374,4,1,Medium
7524,Theft,Central,Evening,Saturday,Rainy,Low,No,24.0,14,23,413,8,19,High
7525,Fire,West,Morning,Wednesday,Rainy,Medium,No,21.0,25,24,347,6,8,High
7526,Accident,East,Morning,Wednesday,Cloudy,Low,Yes,13.0,21,33,152,10,2,High
7527,Medical,Central,Night,Thursday,Cloudy,Low,Yes,13.0,7,27,81,3,19,High
7528,Accident,Central,Morning,Sunday,Cloudy,Medium,No,14.0,5,11,360,7,10,High
7529,Medical,North,Morning,Wednesday,Cloudy,High,No,14.0,19,21,289,10,3,High
7530,Assault,West,Afternoon,Tuesday,Rainy,High,Yes,24.0,5,13,23,10,16,High
7531,Accident,Central,Night,Friday,Rainy,Medium,No,12.0,9,35,399,10,7,High
7532,Theft,East,Night,Tuesday,,,Yes,,16,25,85,3,16,High
7533,Theft,East,Afternoon,Monday,Sunny,Medium,Yes,22.0,15,12,72,8,18,High
7534,Accident,Central,Night,Saturday,Cloudy,Low,No,10.0,28,35,72,5,13,High
7535,Assault,West,Morning,Wednesday,Sunny,High,No,14.0,21,25,322,7,16,High
7536,Fire,Central,Afternoon,Sunday,Cloudy,High,Yes,21.0,20,27,187,8,19,High
7537,Medical,East,Morning,Wednesday,Rainy,High,No,23.0,26,10,271,9,20,High
7538,Medical,Central,Afternoon,Wednesday,Cloudy,Low,No,8.0,23,9,372,7,11,High
7539,Medical,South,Morning,Wednesday,Rainy,Low,No,4.0,19,28,461,9,6,High
7540,Theft,West,Afternoon,Sunday,,,No,,9,11,73,1,8,Medium
7541,Medical,East,Evening,Monday,Rainy,Low,Yes,11.0,12,30,376,3,14,High
7542,Fire,East,Evening,Saturday,Sunny,Medium,No,7.0,30,15,484,4,9,High
7543,Assault,South,Morning,Friday,Cloudy,Low,Yes,25.0,8,7,191,1,15,High
7544,Theft,South,Evening,Friday,Cloudy,Medium,Yes,6.0,6,20,59,1,20,High
7545,Fire,East,Morning,Friday,Sunny,High,Yes,15.0,5,12,306,5,20,High
7546,Accident,South,Night,Monday,Rainy,Low,Yes,20.0,21,24,54,2,19,High
7547,Fire,East,Afternoon,Sunday,Rainy,High,No,25.0,17,11,21,8,4,High
7548,Assault,North,Afternoon,Sunday,Sunny,Low,Yes,11.0,6,15,476,7,0,High
7549,Accident,East,Morning,Sunday,Sunny,High,Yes,21.0,16,13,264,1,8,Medium
7550,Accident,East,Night,Thursday,Rainy,High,No,24.0,28,17,343,6,3,High
7551,Assault,Central,Morning,Monday,Rainy,High,Yes,17.0,24,13,259,8,18,High
7552,Fire,South,Night,Thursday,Sunny,High,Yes,15.0,17,29,356,7,8,High
7553,Assault,Central,Afternoon,Wednesday,Rainy,High,No,22.0,19,33,278,9,4,High
7554,Fire,West,Afternoon,Wednesday,Rainy,Medium,No,5.0,17,31,432,9,10,High
7555,Theft,East,Evening,Sunday,Sunny,Medium,Yes,13.0,10,23,389,9,9,High
7556,Assault,South,Afternoon,Sunday,Cloudy,Low,Yes,8.0,8,23,62,4,8,Medium
7557,Accident,North,Afternoon,Thursday,Rainy,Low,Yes,13.0,15,23,231,3,1,Medium
7558,Medical,Central,Afternoon,Monday,Cloudy,High,No,3.0,28,25,115,5,4,Medium
7559,Assault,West,Morning,Saturday,Cloudy,Low,No,23.0,13,13,431,10,0,High
7560,Fire,Central,Evening,Saturday,Sunny,High,No,12.0,25,27,213,8,6,High
7561,Fire,North,Morning,Tuesday,Cloudy,Low,No,25.0,26,10,4,9,6,High
7562,Accident,South,Morning,Saturday,Sunny,Medium,No,13.0,16,29,204,10,16,High
7563,Theft,East,Afternoon,Friday,Sunny,Low,Yes,3.0,10,11,430,9,0,High
7564,Fire,North,Evening,Friday,Sunny,High,Yes,15.0,20,5,160,7,3,High
7565,Theft,West,Night,Saturday,Sunny,Medium,Yes,11.0,5,10,263,8,6,High
7566,Medical,South,Morning,Saturday,,,Yes,,22,25,63,3,1,Low
7567,Medical,North,Afternoon,Wednesday,Sunny,High,No,19.0,25,13,140,9,6,High
7568,Fire,West,Evening,Tuesday,Cloudy,Low,Yes,6.0,21,34,351,2,20,High
7569,Assault,South,Morning,Monday,Rainy,High,No,16.0,7,16,239,2,11,Medium
7570,Medical,North,Night,Friday,Sunny,High,No,23.0,16,23,410,10,11,High
7571,Assault,South,Evening,Tuesday,Sunny,Medium,No,10.0,13,11,253,6,12,High
7572,Fire,Central,Afternoon,Monday,Cloudy,Medium,No,25.0,11,32,332,1,5,Low
7573,Medical,Central,Night,Monday,Cloudy,High,Yes,6.0,26,12,496,8,8,High
7574,Fire,East,Afternoon,Monday,Rainy,High,Yes,3.0,15,20,246,8,18,High
7575,Assault,Central,Night,Saturday,Sunny,High,No,18.0,10,10,253,3,14,High
7576,Theft,South,Morning,Saturday,Sunny,Low,No,15.0,15,4,488,9,4,High
7577,Accident,South,Night,Thursday,Sunny,High,Yes,16.0,18,14,263,5,7,High
7578,Theft,South,Morning,Wednesday,Rainy,High,No,21.0,15,16,399,3,6,Medium
7579,Theft,East,Morning,Monday,Rainy,High,Yes,21.0,25,18,80,3,6,Medium
7580,Medical,West,Afternoon,Tuesday,Cloudy,Low,Yes,4.0,25,34,374,9,10,High
7581,Theft,Central,Evening,Monday,Sunny,Low,Yes,20.0,27,32,297,9,3,High
7582,Fire,South,Morning,Tuesday,Rainy,Low,No,22.0,8,10,281,9,20,High
7583,Theft,South,Night,Friday,Sunny,Medium,Yes,18.0,13,29,98,1,7,Medium
7584,Accident,West,Night,Friday,Sunny,High,Yes,22.0,12,22,31,9,15,High
7585,Assault,Central,Morning,Wednesday,Rainy,Medium,Yes,5.0,23,19,81,1,6,Medium
7586,Medical,South,Afternoon,Wednesday,Cloudy,High,Yes,5.0,24,20,253,1,18,High
7587,Accident,Central,Night,Friday,Sunny,Medium,No,9.0,26,7,91,1,15,High
7588,Theft,North,Morning,Saturday,Rainy,Medium,Yes,11.0,12,4,55,1,9,Medium
7589,Theft,West,Evening,Tuesday,Rainy,Low,No,7.0,26,8,453,6,3,High
7590,Fire,West,Evening,Wednesday,Cloudy,Medium,Yes,10.0,18,27,350,5,5,High
7591,Fire,East,Morning,Wednesday,Cloudy,Medium,No,8.0,17,23,326,3,17,High
7592,Medical,East,Evening,Saturday,Rainy,Low,Yes,12.0,17,24,260,2,19,High
7593,Medical,South,Evening,Tuesday,Rainy,Low,Yes,6.0,10,34,43,1,13,Medium
7594,Assault,Central,Afternoon,Tuesday,Sunny,Low,No,3.0,19,11,423,2,10,High
7595,Fire,North,Morning,Wednesday,Rainy,Low,No,15.0,19,24,44,2,8,Medium
7596,Theft,South,Night,Sunday,Cloudy,Medium,No,6.0,13,19,230,6,1,Medium
7597,Accident,East,Morning,Wednesday,Sunny,High,Yes,6.0,26,12,337,10,18,High
7598,Accident,North,Morning,Friday,Rainy,Low,No,3.0,6,25,130,3,5,Medium
7599,Fire,West,Afternoon,Saturday,Sunny,High,Yes,18.0,17,22,354,10,13,High
7600,Theft,South,Night,Wednesday,Sunny,High,No,14.0,18,15,104,2,5,Medium
7601,Fire,Central,Night,Thursday,,,Yes,,8,31,364,1,10,Medium
7602,Medical,West,Morning,Thursday,Rainy,Medium,No,21.0,12,21,64,7,13,High
7603,Theft,West,Evening,Saturday,Cloudy,Low,Yes,25.0,21,15,232,9,20,High
7604,Accident,Central,Afternoon,Saturday,Rainy,Low,No,3.0,13,28,174,8,15,High
7605,Fire,North,Night,Wednesday,Cloudy,Low,No,9.0,20,30,389,4,1,Medium
7606,Theft,Central,Afternoon,Thursday,Sunny,Medium,No,6.0,30,13,130,8,7,High
7607,Fire,North,Night,Sunday,Cloudy,Medium,Yes,24.0,20,24,115,8,9,High
7608,Assault,North,Morning,Wednesday,Rainy,High,No,17.0,28,25,335,7,8,High
7609,Theft,East,Afternoon,Friday,Sunny,Low,No,17.0,24,31,54,5,11,High
7610,Medical,Central,Night,Tuesday,Sunny,Low,No,8.0,6,32,359,3,17,High
7611,Fire,South,Night,Friday,Rainy,High,No,8.0,9,11,438,4,8,High
7612,Theft,Central,Afternoon,Sunday,Cloudy,Medium,No,21.0,22,28,85,4,10,High
7613,Accident,East,Afternoon,Tuesday,Cloudy,High,Yes,22.0,21,19,280,6,11,High
7614,Accident,North,Night,Thursday,Cloudy,Low,Yes,24.0,5,22,306,2,8,Medium
7615,Medical,East,Morning,Wednesday,Sunny,High,No,12.0,21,20,39,8,11,High
7616,Assault,West,Afternoon,Sunday,Rainy,Low,No,16.0,26,4,473,3,7,High
7617,Medical,West,Evening,Thursday,Rainy,Low,Yes,15.0,21,24,484,5,0,Medium
7618,Assault,West,Evening,Wednesday,Rainy,Medium,Yes,7.0,14,25,444,6,15,High
7619,Medical,South,Morning,Saturday,Rainy,Low,Yes,21.0,23,34,465,10,16,High
7620,Fire,South,Night,Saturday,Sunny,Low,No,16.0,6,27,204,5,13,High
7621,Theft,West,Evening,Saturday,Sunny,High,Yes,3.0,15,14,58,8,6,High
7622,Assault,West,Afternoon,Wednesday,Rainy,High,Yes,17.0,28,4,332,10,2,High
7623,Accident,North,Morning,Wednesday,Rainy,High,Yes,25.0,7,11,443,1,5,Medium
7624,Medical,Central,Night,Monday,Rainy,High,Yes,19.0,11,18,251,7,6,High
7625,Theft,South,Night,Monday,Cloudy,Low,Yes,8.0,20,34,209,6,7,High
7626,Accident,West,Night,Sunday,Cloudy,Medium,No,18.0,15,12,259,9,20,High
7627,Medical,West,Evening,Tuesday,Rainy,Medium,Yes,10.0,19,35,208,3,8,Medium
7628,Assault,Central,Evening,Saturday,Cloudy,High,No,5.0,29,11,483,2,14,High
7629,Medical,East,Evening,Sunday,Cloudy,Low,No,15.0,11,23,286,10,5,High
7630,Medical,Central,Morning,Wednesday,Cloudy,High,No,14.0,30,21,444,4,14,High
7631,Theft,North,Morning,Friday,Cloudy,High,No,25.0,13,11,391,2,2,Low
7632,Medical,East,Night,Monday,Sunny,Medium,Yes,24.0,5,26,193,3,18,High
7633,Medical,East,Morning,Saturday,Cloudy,Low,No,25.0,17,31,65,10,12,High
7634,Theft,South,Evening,Sunday,Rainy,High,No,11.0,20,18,98,1,18,High
7635,Assault,West,Evening,Monday,Sunny,Low,No,6.0,14,35,254,1,11,Medium
7636,Assault,South,Morning,Friday,Cloudy,Medium,Yes,16.0,30,5,129,8,3,High
7637,Accident,East,Night,Saturday,Rainy,Low,Yes,20.0,22,12,460,5,15,High
7638,Medical,West,Afternoon,Thursday,Cloudy,Medium,Yes,12.0,6,13,322,9,5,High
7639,Theft,East,Evening,Friday,Sunny,High,No,4.0,22,32,160,7,15,High
7640,Assault,East,Night,Friday,Rainy,Low,Yes,3.0,30,13,247,1,6,Medium
7641,Fire,West,Evening,Friday,Rainy,High,Yes,3.0,6,21,184,1,1,Low
7642,Fire,South,Afternoon,Sunday,Rainy,Low,No,14.0,13,15,173,8,8,High
7643,Medical,West,Afternoon,Tuesday,Sunny,Medium,Yes,12.0,19,12,129,10,6,High
7644,Theft,West,Morning,Friday,Cloudy,Medium,No,14.0,23,29,360,10,18,High
7645,Assault,East,Morning,Saturday,Cloudy,Medium,Yes,20.0,21,12,377,9,3,High
7646,Assault,South,Afternoon,Monday,Sunny,Medium,No,18.0,9,23,190,3,9,Medium
7647,Fire,North,Evening,Tuesday,Cloudy,High,No,3.0,23,21,355,9,9,High
7648,Accident,East,Night,Monday,Cloudy,High,No,18.0,26,6,216,7,9,High
7649,Assault,North,Night,Monday,Sunny,Low,Yes,16.0,24,27,116,2,1,Low
7650,Fire,West,Afternoon,Saturday,Rainy,Medium,Yes,19.0,20,24,338,3,20,High
7651,Assault,North,Night,Monday,Sunny,High,Yes,9.0,16,8,289,7,10,High
7652,Fire,West,Morning,Tuesday,Sunny,High,Yes,6.0,19,13,40,3,7,Medium
7653,Theft,Central,Night,Wednesday,Cloudy,Medium,Yes,22.0,15,23,24,1,3,Low
7654,Accident,West,Night,Tuesday,Rainy,High,No,16.0,19,5,105,4,8,Medium
7655,Assault,Central,Evening,Thursday,Sunny,High,Yes,4.0,10,15,495,2,9,High
7656,Theft,Central,Morning,Tuesday,Cloudy,High,Yes,12.0,27,29,140,10,16,High
7657,Fire,West,Night,Sunday,Sunny,Low,Yes,20.0,29,22,289,4,16,High
7658,Theft,West,Evening,Saturday,Sunny,Low,No,23.0,7,25,105,9,20,High
7659,Medical,North,Afternoon,Monday,Rainy,Low,Yes,11.0,21,29,481,3,0,Medium
7660,Medical,Central,Afternoon,Tuesday,Sunny,Medium,No,13.0,6,30,377,10,4,High
7661,Fire,North,Evening,Thursday,Cloudy,Medium,Yes,16.0,25,31,339,6,20,High
7662,Assault,West,Evening,Wednesday,Sunny,High,Yes,6.0,16,11,381,5,2,Medium
7663,Accident,West,Evening,Saturday,Cloudy,High,Yes,25.0,8,12,275,2,3,Low
7664,Assault,North,Night,Thursday,Sunny,Low,Yes,22.0,24,7,276,8,17,High
7665,Theft,North,Afternoon,Monday,Rainy,Low,Yes,8.0,21,13,86,10,5,High
7666,Theft,Central,Afternoon,Tuesday,Sunny,Medium,No,12.0,8,33,352,5,16,High
7667,Theft,West,Evening,Monday,Cloudy,Medium,No,22.0,7,26,225,2,14,High
7668,Assault,North,Evening,Friday,Cloudy,High,No,9.0,17,4,67,4,0,Low
7669,Accident,East,Night,Saturday,Cloudy,Medium,No,17.0,21,20,427,1,6,Medium
7670,Theft,South,Morning,Saturday,Cloudy,Low,Yes,6.0,28,22,347,7,6,High
7671,Medical,North,Morning,Monday,Rainy,Low,No,21.0,14,35,91,3,7,Medium
7672,Fire,West,Evening,Thursday,Cloudy,High,Yes,15.0,26,29,59,8,11,High
7673,Fire,East,Afternoon,Friday,Sunny,Medium,No,23.0,24,35,19,2,18,High
7674,Assault,West,Afternoon,Monday,,,Yes,,11,12,454,1,11,Medium
7675,Fire,West,Morning,Friday,Sunny,Medium,No,17.0,9,12,384,6,18,High
7676,Accident,Central,Afternoon,Monday,Cloudy,Medium,Yes,20.0,21,20,340,3,20,High
7677,Medical,North,Afternoon,Tuesday,Sunny,Medium,No,24.0,29,6,307,5,12,High
7678,Medical,West,Evening,Monday,Rainy,Medium,Yes,7.0,24,13,449,3,12,High
7679,Medical,North,Afternoon,Saturday,Rainy,Medium,No,7.0,14,27,460,3,16,High
7680,Medical,West,Afternoon,Wednesday,Sunny,Low,No,14.0,21,16,299,10,17,High
7681,Accident,North,Evening,Saturday,Rainy,Low,No,17.0,10,24,153,7,2,Medium
7682,Medical,East,Afternoon,Monday,Rainy,Medium,Yes,14.0,10,17,104,6,8,High
7683,Accident,Central,Night,Saturday,Cloudy,High,No,4.0,28,27,470,2,2,Medium
7684,Fire,East,Afternoon,Thursday,Cloudy,Low,Yes,11.0,8,19,88,3,7,Medium
7685,Accident,East,Evening,Saturday,Rainy,Low,Yes,22.0,16,30,163,7,3,High
7686,Fire,Central,Night,Sunday,Rainy,Low,No,6.0,24,35,207,6,12,High
7687,Theft,West,Night,Friday,Rainy,High,Yes,24.0,15,33,337,7,20,High
7688,Medical,West,Night,Tuesday,Rainy,Low,Yes,9.0,9,27,2,3,1,Low
7689,Theft,Central,Morning,Tuesday,Cloudy,Medium,No,25.0,21,34,211,2,18,High
7690,Fire,South,Night,Friday,Rainy,Low,Yes,9.0,22,12,57,8,15,High
7691,Accident,North,Afternoon,Sunday,Sunny,Low,No,23.0,20,8,401,1,5,Medium
7692,Assault,South,Night,Thursday,,,No,,20,16,21,10,2,High
7693,Fire,North,Morning,Tuesday,Cloudy,Medium,Yes,15.0,6,6,25,3,17,High
7694,Medical,West,Afternoon,Wednesday,Cloudy,High,Yes,11.0,25,33,330,7,9,High
7695,Medical,East,Night,Saturday,Rainy,Low,No,5.0,19,20,101,3,20,High
7696,Assault,East,Evening,Saturday,Cloudy,High,Yes,9.0,8,23,416,3,0,Medium
7697,Medical,South,Night,Sunday,Rainy,High,No,12.0,20,19,44,7,15,High
7698,Medical,Central,Evening,Thursday,Rainy,Medium,Yes,9.0,14,21,58,8,16,High
7699,Accident,West,Morning,Sunday,Rainy,High,Yes,16.0,15,27,188,6,7,High
7700,Accident,North,Night,Sunday,Cloudy,Low,Yes,21.0,28,12,104,4,16,High
7701,Medical,South,Evening,Monday,Sunny,Medium,Yes,10.0,8,15,214,1,17,High
7702,Theft,West,Night,Monday,Rainy,Low,No,22.0,6,35,459,4,10,High
7703,Fire,North,Night,Sunday,Sunny,Low,No,25.0,27,28,441,3,11,High
7704,Theft,North,Morning,Sunday,Cloudy,High,Yes,8.0,24,9,35,9,6,High
7705,Accident,Central,Afternoon,Thursday,Sunny,Medium,No,25.0,14,7,311,8,17,High
7706,Theft,Central,Evening,Friday,Sunny,Medium,No,15.0,16,15,313,10,16,High
7707,Assault,South,Morning,Thursday,Cloudy,Low,Yes,9.0,25,10,465,6,0,Medium
7708,Accident,North,Afternoon,Sunday,Cloudy,High,Yes,20.0,15,33,305,6,18,High
7709,Medical,South,Afternoon,Saturday,Rainy,Low,Yes,18.0,18,23,422,6,6,High
7710,Theft,North,Morning,Saturday,Cloudy,Medium,No,3.0,26,32,440,5,4,High
7711,Assault,East,Night,Thursday,Cloudy,Medium,No,6.0,21,6,114,4,18,High
7712,Fire,North,Night,Sunday,Rainy,Low,Yes,7.0,23,16,105,10,5,High
7713,Accident,Central,Morning,Thursday,Cloudy,Medium,No,10.0,7,6,282,3,19,High
7714,Fire,West,Night,Sunday,Cloudy,High,Yes,17.0,9,8,209,1,6,Medium
7715,Accident,Central,Night,Tuesday,Cloudy,Low,No,20.0,10,15,311,6,5,High
7716,Assault,East,Evening,Saturday,Rainy,Low,Yes,6.0,18,9,308,7,14,High
7717,Theft,South,Morning,Monday,Sunny,Low,No,6.0,16,8,17,4,16,High
7718,Theft,East,Evening,Sunday,Sunny,Medium,Yes,22.0,28,11,323,9,18,High
7719,Theft,South,Evening,Sunday,Rainy,Medium,No,5.0,15,28,295,5,8,High
7720,Accident,West,Evening,Saturday,Rainy,Low,Yes,17.0,11,33,289,4,0,Medium
7721,Accident,North,Morning,Tuesday,Rainy,Low,No,22.0,14,4,401,2,5,Medium
7722,Medical,Central,Night,Tuesday,Sunny,High,Yes,14.0,5,13,315,2,15,High
7723,Assault,South,Night,Wednesday,Rainy,Medium,No,12.0,24,26,135,8,11,High
7724,Assault,South,Afternoon,Saturday,Rainy,Low,No,8.0,7,28,284,8,6,High
7725,Assault,South,Morning,Monday,Rainy,Medium,Yes,24.0,21,16,461,6,13,High
7726,Accident,North,Night,Saturday,Cloudy,High,Yes,14.0,24,8,398,7,11,High
7727,Theft,South,Morning,Wednesday,Sunny,Low,No,25.0,30,25,119,8,7,High
7728,Fire,West,Afternoon,Tuesday,Rainy,Low,Yes,22.0,21,12,45,3,19,High
7729,Assault,North,Afternoon,Tuesday,Cloudy,Low,Yes,7.0,24,7,151,4,8,High
7730,Theft,West,Afternoon,Tuesday,Sunny,Medium,No,9.0,26,4,400,3,10,High
7731,Theft,South,Night,Sunday,Rainy,High,No,11.0,6,25,453,5,8,High
7732,Theft,East,Night,Saturday,Sunny,Medium,Yes,11.0,30,4,184,1,10,Medium
7733,Theft,Central,Afternoon,Sunday,Sunny,Low,Yes,12.0,24,18,333,10,8,High
7734,Fire,South,Afternoon,Sunday,Sunny,Low,No,24.0,10,15,179,2,6,Medium
7735,Accident,West,Morning,Friday,Cloudy,Low,No,8.0,17,22,485,2,12,High
7736,Fire,Central,Evening,Thursday,Cloudy,Low,No,23.0,7,8,226,9,4,High
7737,Theft,North,Afternoon,Friday,Cloudy,Low,No,18.0,13,16,94,1,5,Low
7738,Accident,West,Afternoon,Thursday,,,No,,12,9,116,6,12,High
7739,Fire,South,Afternoon,Sunday,Rainy,Low,No,23.0,18,4,227,8,4,High
7740,Assault,West,Morning,Tuesday,Sunny,High,Yes,21.0,25,5,177,4,18,High
7741,Theft,East,Afternoon,Wednesday,Sunny,Low,No,4.0,21,10,394,8,10,High
7742,Fire,North,Morning,Friday,Cloudy,High,No,16.0,16,12,66,3,18,High
7743,Fire,East,Morning,Friday,Sunny,Low,Yes,18.0,7,16,377,5,8,High
7744,Fire,East,Afternoon,Thursday,Cloudy,Low,Yes,15.0,6,28,389,7,17,High
7745,Medical,West,Night,Sunday,Rainy,Medium,Yes,11.0,21,32,50,9,16,High
7746,Fire,South,Morning,Thursday,Cloudy,Medium,Yes,4.0,26,19,16,2,18,High
7747,Medical,East,Night,Tuesday,Cloudy,Medium,Yes,9.0,7,28,436,6,15,High
7748,Theft,Central,Morning,Monday,Sunny,Low,No,14.0,22,13,314,7,2,High
7749,Assault,South,Afternoon,Thursday,Rainy,High,No,20.0,6,15,240,7,10,High
7750,Medical,Central,Afternoon,Thursday,Rainy,Medium,No,5.0,27,26,396,10,6,High
7751,Medical,West,Afternoon,Saturday,Sunny,Medium,No,15.0,21,25,173,9,16,High
7752,Fire,South,Evening,Sunday,Sunny,Medium,Yes,10.0,12,33,450,5,9,High
7753,Theft,Central,Night,Saturday,Cloudy,High,No,22.0,26,10,111,10,18,High
7754,Accident,Central,Night,Wednesday,Cloudy,High,No,6.0,12,35,450,3,3,Medium
7755,Fire,South,Evening,Tuesday,Cloudy,Low,Yes,18.0,24,33,18,3,12,High
7756,Medical,North,Morning,Monday,Cloudy,Low,Yes,23.0,16,22,491,7,18,High
7757,Medical,South,Evening,Saturday,Rainy,Medium,Yes,6.0,10,10,461,9,0,High
7758,Medical,Central,Evening,Friday,Cloudy,High,Yes,21.0,19,18,31,4,5,Medium
7759,Medical,South,Morning,Tuesday,Sunny,High,Yes,4.0,11,18,384,8,9,High
7760,Theft,North,Evening,Monday,,,Yes,,27,20,445,10,1,High
7761,Fire,Central,Evening,Sunday,Cloudy,Low,Yes,6.0,12,4,113,10,11,High
7762,Accident,South,Afternoon,Friday,Cloudy,High,No,23.0,6,17,98,2,6,Medium
7763,Accident,West,Evening,Monday,Cloudy,High,No,12.0,12,12,284,2,5,Medium
7764,Accident,East,Night,Friday,Cloudy,High,Yes,25.0,26,22,151,9,13,High
7765,Accident,South,Morning,Saturday,Rainy,Medium,No,15.0,16,21,462,4,6,High
7766,Assault,East,Afternoon,Tuesday,Rainy,Low,Yes,21.0,20,27,154,4,14,High
7767,Theft,East,Afternoon,Tuesday,Sunny,High,No,22.0,24,28,417,3,18,High
7768,Theft,East,Afternoon,Thursday,Cloudy,Medium,No,7.0,8,33,407,2,2,Medium
7769,Assault,South,Evening,Monday,Cloudy,Medium,No,12.0,11,16,485,1,17,High
7770,Assault,West,Morning,Thursday,Cloudy,Low,No,17.0,22,14,23,10,19,High
7771,Accident,South,Night,Wednesday,Cloudy,Low,No,23.0,28,35,75,5,1,Medium
7772,Theft,North,Morning,Thursday,Rainy,High,No,12.0,9,27,252,8,16,High
7773,Assault,East,Night,Sunday,Rainy,Medium,Yes,5.0,23,29,228,9,2,High
7774,Medical,West,Morning,Thursday,Cloudy,Medium,No,24.0,30,33,197,2,4,Low
7775,Fire,Central,Afternoon,Thursday,Sunny,Medium,No,12.0,6,19,44,6,10,High
7776,Medical,North,Afternoon,Friday,,,No,,30,29,124,6,13,High
7777,Accident,North,Morning,Sunday,Cloudy,Medium,No,14.0,15,21,355,2,9,Medium
7778,Medical,Central,Afternoon,Monday,Rainy,Medium,Yes,14.0,21,17,400,6,18,High
7779,Assault,South,Evening,Thursday,Rainy,Low,Yes,23.0,18,23,464,10,11,High
7780,Fire,West,Evening,Wednesday,Cloudy,Low,No,13.0,13,22,260,1,10,Medium
7781,Assault,Central,Afternoon,Friday,Cloudy,High,No,21.0,5,34,391,5,15,High
7782,Accident,West,Night,Saturday,,,No,,20,11,51,10,13,High
7783,Accident,North,Night,Tuesday,,,No,,27,17,16,9,12,High
7784,Medical,South,Night,Sunday,Rainy,Medium,No,20.0,22,7,413,8,15,High
7785,Fire,South,Morning,Friday,Sunny,High,Yes,8.0,6,5,235,2,14,High
7786,Accident,North,Morning,Sunday,Rainy,Low,No,5.0,30,21,26,3,0,Low
7787,Medical,North,Afternoon,Thursday,Sunny,Low,No,3.0,30,5,435,5,9,High
7788,Theft,East,Night,Friday,Rainy,High,Yes,7.0,14,18,83,8,9,High
7789,Fire,North,Morning,Thursday,Rainy,High,Yes,4.0,22,13,331,6,17,High
7790,Accident,East,Night,Wednesday,Sunny,Low,No,9.0,23,25,147,9,12,High
7791,Medical,West,Morning,Monday,Cloudy,Low,Yes,6.0,19,27,484,1,17,High
7792,Medical,North,Evening,Monday,Rainy,High,No,17.0,24,23,22,9,8,High
7793,Medical,North,Afternoon,Sunday,Cloudy,Low,Yes,19.0,9,27,465,9,16,High
7794,Accident,North,Night,Friday,Cloudy,Medium,Yes,19.0,8,8,84,8,10,High
7795,Fire,Central,Evening,Monday,Rainy,Medium,Yes,9.0,8,18,180,7,14,High
7796,Assault,West,Night,Monday,Cloudy,High,Yes,23.0,9,29,239,10,8,High
7797,Medical,West,Morning,Friday,Cloudy,High,No,25.0,17,13,100,3,6,Medium
7798,Fire,North,Evening,Tuesday,Cloudy,Low,No,21.0,14,35,255,1,20,High
7799,Fire,Central,Afternoon,Thursday,Rainy,High,No,4.0,22,28,181,8,20,High
7800,Theft,North,Afternoon,Wednesday,Cloudy,Low,No,20.0,13,16,406,10,20,High
7801,Medical,Central,Evening,Thursday,Sunny,Medium,Yes,10.0,17,30,335,1,8,Medium
7802,Accident,South,Afternoon,Monday,Rainy,Medium,Yes,10.0,15,31,265,2,11,High
7803,Assault,North,Morning,Saturday,Cloudy,High,No,10.0,29,23,316,2,13,High
7804,Assault,Central,Night,Tuesday,Cloudy,Low,Yes,19.0,17,5,352,6,18,High
7805,Assault,Central,Afternoon,Saturday,Cloudy,High,No,18.0,27,13,19,5,10,High
7806,Theft,West,Morning,Sunday,Cloudy,High,No,13.0,7,29,122,9,15,High
7807,Assault,South,Morning,Monday,Cloudy,Medium,No,13.0,7,26,446,1,6,Medium
7808,Accident,Central,Afternoon,Saturday,Sunny,Low,No,7.0,13,18,405,7,11,High
7809,Fire,East,Evening,Thursday,Cloudy,Low,No,12.0,15,18,9,6,12,High
7810,Medical,Central,Night,Sunday,Rainy,Medium,No,19.0,27,25,53,1,7,Low
7811,Fire,South,Afternoon,Wednesday,Cloudy,Medium,No,25.0,21,26,452,9,0,High
7812,Accident,Central,Evening,Saturday,Rainy,Low,Yes,16.0,10,14,73,4,7,Medium
7813,Theft,North,Morning,Thursday,Rainy,High,No,15.0,21,21,363,5,1,Medium
7814,Fire,North,Morning,Monday,Sunny,Medium,Yes,21.0,24,8,358,8,3,High
7815,Accident,North,Morning,Saturday,Cloudy,High,Yes,14.0,16,29,96,9,1,High
7816,Theft,East,Afternoon,Tuesday,Sunny,Low,No,3.0,28,34,336,10,14,High
7817,Accident,South,Evening,Sunday,Rainy,Medium,Yes,6.0,24,34,35,7,5,High
7818,Accident,West,Afternoon,Saturday,Rainy,Low,Yes,9.0,16,22,274,8,17,High
7819,Accident,East,Morning,Friday,Cloudy,Low,No,3.0,22,30,440,2,4,Medium
7820,Accident,Central,Evening,Thursday,Sunny,Medium,Yes,12.0,11,4,54,1,19,High
7821,Assault,North,Afternoon,Saturday,Rainy,Low,Yes,13.0,8,18,133,5,3,Medium
7822,Medical,South,Night,Monday,Cloudy,Low,No,6.0,10,34,475,7,0,High
7823,Fire,West,Afternoon,Sunday,Cloudy,Medium,No,24.0,13,4,24,7,5,High
7824,Accident,South,Morning,Monday,Sunny,Medium,Yes,21.0,30,27,279,9,14,High
7825,Theft,Central,Afternoon,Tuesday,Sunny,High,No,22.0,18,34,35,10,13,High
7826,Accident,North,Morning,Monday,Rainy,Low,No,14.0,5,16,487,9,4,High
7827,Medical,North,Night,Monday,Rainy,Low,Yes,4.0,5,19,206,8,9,High
7828,Fire,South,Night,Wednesday,Cloudy,Medium,No,8.0,13,20,210,3,2,Medium
7829,Assault,South,Evening,Thursday,Sunny,Medium,Yes,16.0,21,14,264,9,18,High
7830,Medical,Central,Night,Friday,Rainy,Low,Yes,13.0,24,35,222,5,5,Medium
7831,Fire,Central,Afternoon,Tuesday,Rainy,Low,Yes,3.0,17,34,430,6,10,High
7832,Medical,Central,Night,Tuesday,Cloudy,High,No,9.0,11,9,490,6,5,High
7833,Accident,Central,Afternoon,Friday,,,Yes,,22,35,400,8,0,High
7834,Medical,Central,Morning,Tuesday,Sunny,Low,No,5.0,26,33,405,2,6,Medium
7835,Theft,West,Evening,Friday,Rainy,High,No,9.0,11,26,367,6,11,High
7836,Theft,Central,Evening,Thursday,Sunny,Medium,Yes,23.0,18,35,278,7,9,High
7837,Assault,South,Evening,Sunday,Sunny,Medium,Yes,24.0,18,11,191,10,2,High
7838,Theft,South,Afternoon,Saturday,Sunny,Medium,Yes,17.0,9,16,129,10,14,High
7839,Assault,East,Night,Thursday,Sunny,High,Yes,12.0,25,24,488,5,6,High
7840,Fire,North,Afternoon,Tuesday,Rainy,Low,No,14.0,27,34,97,6,18,High
7841,Assault,North,Evening,Sunday,Sunny,Low,No,8.0,23,7,156,1,12,Medium
7842,Assault,South,Evening,Wednesday,Sunny,Medium,No,14.0,25,14,245,3,10,High
7843,Accident,Central,Afternoon,Friday,Cloudy,High,No,16.0,12,14,43,1,7,Low
7844,Assault,Central,Morning,Sunday,Rainy,High,Yes,14.0,23,31,237,6,2,Medium
7845,Theft,West,Morning,Tuesday,Sunny,Medium,Yes,16.0,7,29,30,6,8,High
7846,Assault,South,Morning,Thursday,Cloudy,Low,No,6.0,7,24,408,5,15,High
7847,Theft,South,Night,Wednesday,Rainy,High,No,9.0,8,15,330,7,2,High
7848,Theft,South,Afternoon,Wednesday,Rainy,High,Yes,6.0,28,28,122,9,10,High
7849,Medical,South,Morning,Friday,Sunny,Medium,No,15.0,11,17,295,2,4,Medium
7850,Theft,North,Evening,Thursday,Sunny,Medium,Yes,7.0,22,18,332,9,4,High
7851,Theft,West,Morning,Wednesday,Cloudy,High,Yes,14.0,15,31,214,9,18,High
7852,Theft,South,Morning,Tuesday,Cloudy,High,Yes,22.0,29,12,284,9,19,High
7853,Assault,South,Night,Wednesday,Rainy,Medium,No,24.0,19,17,361,9,5,High
7854,Fire,North,Evening,Friday,Sunny,Low,No,14.0,29,20,301,7,12,High
7855,Accident,West,Night,Monday,Sunny,High,No,12.0,14,30,4,6,20,High
7856,Medical,East,Morning,Thursday,Rainy,High,No,22.0,22,26,344,3,19,High
7857,Medical,West,Morning,Wednesday,Sunny,Medium,No,12.0,8,28,33,10,8,High
7858,Theft,South,Morning,Friday,Sunny,High,Yes,22.0,23,25,330,4,8,High
7859,Accident,East,Afternoon,Tuesday,Sunny,High,No,4.0,5,8,138,5,18,High
7860,Assault,East,Night,Wednesday,Cloudy,Medium,Yes,9.0,26,4,355,4,5,Medium
7861,Assault,East,Morning,Tuesday,Cloudy,High,No,3.0,8,7,406,5,20,High
7862,Medical,North,Evening,Thursday,Rainy,Medium,No,21.0,19,14,98,8,11,High
7863,Accident,North,Night,Wednesday,Cloudy,High,No,22.0,12,12,420,7,9,High
7864,Medical,Central,Night,Saturday,Sunny,Low,No,23.0,5,8,95,5,15,High
7865,Assault,West,Evening,Wednesday,Sunny,Medium,No,19.0,6,29,234,9,18,High
7866,Assault,South,Morning,Wednesday,,,Yes,,18,31,17,4,7,Medium
7867,Assault,West,Afternoon,Thursday,Sunny,High,Yes,9.0,17,26,320,1,11,Medium
7868,Medical,Central,Evening,Wednesday,Sunny,Medium,Yes,15.0,7,12,259,7,15,High
7869,Fire,Central,Night,Friday,Sunny,High,No,10.0,18,5,119,6,20,High
7870,Accident,Central,Evening,Sunday,Rainy,Medium,Yes,20.0,20,16,162,8,15,High
7871,Accident,West,Evening,Sunday,Rainy,Low,Yes,24.0,16,18,90,5,16,High
7872,Fire,East,Night,Wednesday,Rainy,Low,Yes,13.0,9,35,458,7,13,High
7873,Assault,West,Night,Saturday,Sunny,Medium,No,25.0,17,28,41,1,15,Medium
7874,Accident,Central,Afternoon,Wednesday,Rainy,High,No,23.0,28,32,456,4,0,Medium
7875,Theft,North,Afternoon,Thursday,Sunny,Low,Yes,15.0,22,7,332,8,12,High
7876,Accident,East,Evening,Thursday,Cloudy,High,Yes,13.0,7,12,71,8,13,High
7877,Fire,North,Morning,Friday,Cloudy,Low,No,10.0,13,7,469,6,4,High
7878,Assault,Central,Evening,Wednesday,,,No,,30,32,108,5,13,High
7879,Accident,North,Afternoon,Monday,,,No,,26,6,417,5,19,High
7880,Theft,Central,Morning,Saturday,Rainy,High,No,24.0,26,15,194,4,18,High
7881,Medical,East,Night,Friday,Sunny,High,Yes,19.0,17,29,43,8,0,Medium
7882,Medical,North,Night,Friday,Cloudy,Medium,Yes,21.0,9,33,285,3,6,Medium
7883,Fire,North,Morning,Wednesday,Rainy,Low,Yes,16.0,23,4,387,8,16,High
7884,Assault,West,Morning,Thursday,Sunny,Low,No,22.0,26,10,435,10,14,High
7885,Theft,West,Afternoon,Sunday,Rainy,Medium,Yes,24.0,8,10,53,1,16,High
7886,Fire,West,Morning,Monday,Rainy,High,Yes,14.0,27,11,264,8,8,High
7887,Assault,Central,Evening,Monday,Rainy,Medium,No,9.0,14,32,358,9,17,High
7888,Medical,East,Night,Thursday,Sunny,Medium,No,3.0,21,31,228,10,16,High
7889,Theft,West,Morning,Thursday,Rainy,Low,Yes,9.0,14,28,85,8,7,High
7890,Accident,North,Morning,Friday,Cloudy,High,No,18.0,22,31,31,3,6,Medium
7891,Medical,Central,Night,Friday,Rainy,High,No,5.0,19,16,139,8,15,High
7892,Assault,Central,Night,Monday,Cloudy,Medium,No,20.0,10,21,212,9,7,High
7893,Assault,South,Morning,Wednesday,Sunny,High,Yes,5.0,10,35,35,6,7,High
7894,Theft,South,Morning,Saturday,Rainy,High,Yes,11.0,11,29,312,6,0,Medium
7895,Theft,South,Evening,Saturday,Cloudy,High,Yes,25.0,14,25,109,7,19,High
7896,Assault,Central,Morning,Sunday,Sunny,High,No,19.0,24,9,390,4,0,Medium
7897,Medical,South,Evening,Tuesday,Sunny,High,No,17.0,9,20,341,10,16,High
7898,Theft,South,Afternoon,Friday,Cloudy,High,Yes,5.0,17,35,442,8,9,High
7899,Medical,West,Night,Friday,Cloudy,High,No,23.0,23,35,363,4,19,High
7900,Accident,South,Night,Saturday,Rainy,Medium,Yes,9.0,20,12,404,3,8,High
7901,Theft,North,Night,Tuesday,Sunny,Medium,No,16.0,12,33,375,4,11,High
7902,Medical,East,Afternoon,Wednesday,Rainy,Low,No,23.0,26,4,401,2,6,Medium
7903,Assault,South,Morning,Friday,Rainy,Low,No,4.0,28,33,180,4,6,Medium
7904,Medical,East,Afternoon,Friday,Cloudy,High,No,23.0,30,35,150,4,10,High
7905,Fire,South,Evening,Thursday,Cloudy,High,Yes,14.0,12,11,61,5,6,Medium
7906,Theft,South,Evening,Thursday,Sunny,Low,Yes,10.0,19,7,252,10,16,High
7907,Fire,North,Morning,Tuesday,Cloudy,Medium,No,19.0,12,17,493,1,7,Medium
7908,Assault,Central,Night,Thursday,Cloudy,Low,No,13.0,10,35,427,5,8,High
7909,Assault,South,Night,Friday,Cloudy,High,Yes,9.0,20,31,261,3,5,Medium
7910,Theft,South,Afternoon,Saturday,Rainy,High,No,16.0,18,34,115,2,1,Low
7911,Assault,East,Evening,Saturday,Rainy,High,Yes,10.0,11,16,289,9,8,High
7912,Medical,North,Night,Thursday,Sunny,Medium,No,22.0,16,20,126,8,20,High
7913,Medical,South,Afternoon,Wednesday,Cloudy,Medium,Yes,8.0,28,31,14,2,16,High
7914,Accident,West,Afternoon,Tuesday,Cloudy,Medium,Yes,7.0,8,25,138,10,15,High
7915,Medical,South,Morning,Tuesday,Cloudy,Medium,Yes,25.0,26,27,444,6,16,High
7916,Theft,East,Morning,Friday,Cloudy,Medium,Yes,19.0,8,20,428,3,6,Medium
7917,Accident,West,Morning,Friday,Rainy,Low,No,6.0,26,13,117,2,6,Medium
7918,Accident,East,Night,Monday,Sunny,High,No,16.0,15,22,310,9,7,High
7919,Accident,East,Night,Tuesday,Rainy,Medium,Yes,14.0,11,33,242,3,16,High
7920,Theft,North,Morning,Monday,Sunny,High,Yes,20.0,17,22,308,5,4,Medium
7921,Theft,West,Night,Saturday,Sunny,Medium,No,8.0,28,9,14,10,1,High
7922,Theft,Central,Afternoon,Tuesday,Cloudy,High,Yes,3.0,15,10,1,10,4,High
7923,Accident,South,Morning,Sunday,,,Yes,,22,26,91,2,11,Medium
7924,Fire,Central,Afternoon,Friday,Cloudy,Medium,No,20.0,25,19,172,4,4,Medium
7925,Fire,North,Afternoon,Tuesday,Rainy,High,No,18.0,24,28,288,8,13,High
7926,Assault,Central,Afternoon,Wednesday,Sunny,High,No,3.0,5,21,30,1,1,Low
7927,Accident,South,Afternoon,Saturday,Sunny,Medium,No,4.0,19,30,330,2,10,High
7928,Accident,North,Afternoon,Friday,Cloudy,High,Yes,21.0,8,30,369,1,3,Low
7929,Assault,North,Morning,Saturday,Sunny,High,No,6.0,16,12,427,7,11,High
7930,Assault,West,Evening,Tuesday,Rainy,High,No,7.0,24,31,1,5,3,Medium
7931,Medical,South,Afternoon,Sunday,Rainy,Medium,Yes,16.0,20,9,463,5,15,High
7932,Medical,Central,Morning,Sunday,Rainy,Medium,Yes,24.0,9,26,61,3,7,Medium
7933,Accident,South,Night,Thursday,Sunny,Low,Yes,18.0,5,31,301,3,4,Medium
7934,Medical,North,Evening,Saturday,Cloudy,Low,Yes,9.0,19,13,405,2,4,Medium
7935,Medical,West,Evening,Thursday,Rainy,Medium,Yes,19.0,11,25,390,3,19,High
7936,Medical,East,Afternoon,Saturday,Cloudy,High,Yes,3.0,13,19,431,3,9,High
7937,Accident,Central,Afternoon,Thursday,Cloudy,Low,Yes,24.0,7,9,425,4,11,High
7938,Medical,South,Afternoon,Wednesday,Rainy,Medium,Yes,8.0,21,27,323,5,11,High
7939,Assault,North,Morning,Sunday,Sunny,Medium,Yes,5.0,7,20,88,4,2,Medium
7940,Medical,North,Morning,Saturday,Cloudy,High,Yes,15.0,12,9,459,4,18,High
7941,Medical,East,Evening,Thursday,Rainy,Low,Yes,7.0,12,35,324,8,13,High
7942,Assault,East,Afternoon,Monday,Sunny,Low,Yes,4.0,7,31,334,4,20,High
7943,Assault,West,Afternoon,Friday,Rainy,High,No,15.0,12,14,427,1,13,High
7944,Accident,West,Evening,Monday,Sunny,Medium,No,19.0,27,28,126,9,4,High
7945,Fire,Central,Afternoon,Tuesday,Sunny,Low,No,21.0,18,18,15,4,10,High
7946,Medical,South,Afternoon,Wednesday,Cloudy,Medium,No,16.0,28,22,254,8,7,High
7947,Accident,West,Evening,Friday,Rainy,High,Yes,23.0,28,25,45,9,15,High
7948,Theft,Central,Night,Saturday,Cloudy,High,No,23.0,17,28,194,7,16,High
7949,Medical,West,Afternoon,Tuesday,Sunny,High,No,15.0,18,17,248,1,11,Medium
7950,Medical,East,Morning,Saturday,Rainy,High,No,24.0,7,33,395,2,1,Low
7951,Assault,South,Afternoon,Saturday,Cloudy,Low,Yes,4.0,11,24,342,7,13,High
7952,Assault,Central,Evening,Thursday,Sunny,Low,No,14.0,20,9,398,6,10,High
7953,Accident,West,Morning,Saturday,Sunny,Low,No,24.0,18,33,475,2,8,Medium
7954,Accident,South,Evening,Wednesday,Cloudy,High,No,24.0,8,6,487,6,12,High
7955,Accident,Central,Night,Wednesday,Cloudy,High,No,5.0,18,35,379,3,9,High
7956,Medical,South,Morning,Friday,Sunny,Low,Yes,15.0,6,20,118,9,18,High
7957,Theft,West,Morning,Sunday,Cloudy,Medium,No,12.0,21,27,425,9,3,High
7958,Medical,Central,Afternoon,Wednesday,,,Yes,,18,6,130,4,8,High
7959,Theft,Central,Morning,Thursday,Cloudy,Low,Yes,18.0,22,17,85,3,19,High
7960,Medical,East,Evening,Sunday,Sunny,Low,No,24.0,23,7,418,10,6,High
7961,Accident,North,Afternoon,Thursday,Sunny,High,Yes,18.0,6,26,349,8,14,High
7962,Assault,West,Evening,Saturday,Cloudy,Low,No,12.0,27,34,196,10,4,High
7963,Assault,East,Evening,Wednesday,Sunny,Low,Yes,23.0,20,26,137,4,19,High
7964,Accident,East,Evening,Sunday,Rainy,Low,Yes,11.0,15,27,292,6,17,High
7965,Accident,North,Morning,Sunday,Cloudy,High,No,17.0,23,10,426,3,2,Medium
7966,Theft,West,Morning,Tuesday,Cloudy,Medium,Yes,18.0,7,30,98,5,11,High
7967,Accident,East,Evening,Thursday,Cloudy,High,No,4.0,9,20,474,8,4,High
7968,Accident,Central,Afternoon,Friday,Rainy,Low,No,11.0,9,21,221,3,2,Medium
7969,Medical,Central,Night,Monday,Cloudy,Low,No,8.0,11,7,458,6,15,High
7970,Theft,West,Afternoon,Thursday,Sunny,Low,No,15.0,16,27,145,10,8,High
7971,Medical,Central,Afternoon,Wednesday,,,No,,9,16,346,3,7,Medium
7972,Medical,South,Night,Wednesday,Cloudy,Low,No,18.0,27,30,195,7,6,High
7973,Medical,North,Morning,Wednesday,Cloudy,Low,No,18.0,12,27,144,10,6,High
7974,Assault,West,Afternoon,Thursday,Sunny,High,No,21.0,13,35,352,10,20,High
7975,Accident,Central,Afternoon,Tuesday,Sunny,Medium,Yes,20.0,18,16,135,3,17,High
7976,Assault,North,Evening,Tuesday,Sunny,Medium,No,24.0,25,16,253,4,11,High
7977,Accident,North,Morning,Friday,Rainy,High,Yes,19.0,22,13,241,4,13,High
7978,Assault,North,Afternoon,Wednesday,Cloudy,High,Yes,21.0,15,22,441,3,5,Medium
7979,Medical,Central,Afternoon,Friday,Cloudy,High,Yes,15.0,27,23,301,2,5,Medium
7980,Accident,Central,Night,Thursday,Sunny,High,Yes,12.0,24,20,233,2,8,Medium
7981,Theft,Central,Night,Tuesday,Cloudy,Low,Yes,6.0,23,29,55,2,4,Low
7982,Theft,Central,Afternoon,Tuesday,Cloudy,High,Yes,22.0,10,33,7,2,4,Low
7983,Accident,North,Night,Wednesday,Sunny,Medium,No,11.0,17,35,401,10,9,High
7984,Assault,North,Evening,Monday,Sunny,Medium,No,24.0,9,20,364,2,4,Medium
7985,Accident,East,Morning,Thursday,Rainy,Medium,Yes,23.0,29,31,412,4,19,High
7986,Assault,Central,Night,Friday,Sunny,High,Yes,6.0,19,33,208,5,3,Medium
7987,Medical,West,Afternoon,Friday,Rainy,Low,No,20.0,29,16,16,2,19,High
7988,Fire,North,Evening,Sunday,Rainy,Low,No,18.0,14,10,380,4,13,High
7989,Medical,South,Night,Sunday,Sunny,High,Yes,7.0,13,16,130,8,8,High
7990,Assault,East,Morning,Saturday,Sunny,Medium,Yes,6.0,26,17,473,1,15,High
7991,Medical,East,Evening,Thursday,Sunny,Low,No,14.0,13,31,105,9,10,High
7992,Medical,East,Evening,Monday,Sunny,Medium,Yes,10.0,29,26,362,10,5,High
7993,Assault,North,Afternoon,Thursday,Cloudy,High,Yes,23.0,27,27,364,6,8,High
7994,Fire,South,Afternoon,Saturday,Rainy,Low,Yes,12.0,19,28,75,10,3,High
7995,Medical,East,Night,Monday,Rainy,Medium,Yes,23.0,30,6,457,4,3,Medium
7996,Medical,West,Evening,Friday,Cloudy,High,Yes,21.0,23,17,496,7,10,High
7997,Assault,West,Afternoon,Thursday,Sunny,High,No,20.0,23,29,61,9,16,High
7998,Assault,South,Evening,Sunday,Cloudy,Low,Yes,25.0,7,23,341,1,16,High
7999,Fire,South,Afternoon,Saturday,Cloudy,High,Yes,21.0,7,31,327,6,15,High
8000,Fire,East,Afternoon,Friday,Sunny,High,Yes,5.0,21,28,269,10,2,High
8001,Medical,West,Evening,Monday,Sunny,Low,No,4.0,27,16,366,2,16,High
8002,Assault,East,Morning,Friday,Rainy,High,Yes,13.0,25,25,208,7,20,High
8003,Theft,West,Night,Thursday,Sunny,High,Yes,5.0,14,5,270,4,20,High
8004,Fire,South,Afternoon,Sunday,Rainy,High,No,6.0,18,4,188,3,17,High
8005,Accident,East,Evening,Tuesday,Cloudy,Low,Yes,11.0,16,7,321,10,18,High
8006,Assault,Central,Evening,Tuesday,Sunny,Low,No,20.0,26,28,323,5,18,High
8007,Assault,East,Morning,Tuesday,Sunny,High,Yes,8.0,30,35,177,9,18,High
8008,Fire,Central,Morning,Saturday,Rainy,Low,Yes,7.0,23,34,490,8,7,High
8009,Accident,West,Afternoon,Wednesday,Rainy,Low,No,4.0,22,11,224,3,16,High
8010,Accident,North,Night,Friday,Sunny,Low,No,23.0,25,24,477,7,13,High
8011,Fire,South,Night,Saturday,Cloudy,Low,Yes,23.0,8,11,172,1,15,High
8012,Assault,Central,Afternoon,Tuesday,Cloudy,Low,No,16.0,10,24,468,6,13,High
8013,Accident,East,Afternoon,Monday,Sunny,Low,Yes,14.0,30,29,147,9,9,High
8014,Assault,North,Evening,Monday,Sunny,High,Yes,18.0,29,17,2,3,11,Medium
8015,Theft,Central,Morning,Monday,Sunny,Medium,No,18.0,20,35,58,8,5,High
8016,Theft,Central,Afternoon,Thursday,Sunny,Medium,No,7.0,28,12,22,7,16,High
8017,Fire,West,Night,Thursday,Sunny,Low,Yes,8.0,24,19,172,8,11,High
8018,Medical,East,Evening,Sunday,Sunny,High,Yes,21.0,11,4,492,3,5,Medium
8019,Fire,North,Night,Wednesday,Cloudy,Medium,Yes,19.0,28,28,207,2,0,Low
8020,Medical,South,Afternoon,Wednesday,Sunny,Medium,No,17.0,21,8,495,1,4,Medium
8021,Fire,West,Afternoon,Sunday,Sunny,Medium,No,9.0,8,35,455,9,11,High
8022,Theft,North,Afternoon,Wednesday,Cloudy,Medium,No,5.0,23,12,250,7,20,High
8023,Accident,South,Night,Monday,Cloudy,High,Yes,23.0,16,22,227,2,2,Low
8024,Fire,South,Evening,Friday,Cloudy,Low,No,9.0,7,24,360,8,17,High
8025,Medical,North,Afternoon,Tuesday,Sunny,Medium,No,22.0,16,10,212,3,18,High
8026,Medical,North,Evening,Friday,Sunny,High,No,11.0,30,27,391,4,15,High
8027,Assault,Central,Afternoon,Friday,Sunny,High,Yes,7.0,11,16,328,7,9,High
8028,Medical,North,Morning,Tuesday,Rainy,Medium,Yes,8.0,5,4,371,5,14,High
8029,Accident,West,Night,Saturday,Cloudy,Low,Yes,8.0,8,6,326,8,17,High
8030,Fire,East,Night,Saturday,Rainy,Low,No,16.0,17,25,460,9,1,High
8031,Fire,East,Night,Wednesday,Sunny,Low,No,12.0,11,24,488,6,6,High
8032,Accident,East,Night,Sunday,Cloudy,Medium,Yes,10.0,28,21,42,8,10,High
8033,Assault,North,Morning,Monday,Cloudy,High,Yes,21.0,24,14,461,5,8,High
8034,Accident,North,Night,Wednesday,Rainy,Medium,Yes,19.0,19,6,290,8,1,High
8035,Medical,Central,Morning,Saturday,Sunny,Low,Yes,16.0,28,23,500,9,11,High
8036,Fire,South,Morning,Wednesday,Cloudy,High,No,22.0,6,25,374,6,7,High
8037,Theft,South,Evening,Wednesday,Cloudy,Low,No,3.0,30,22,423,4,13,High
8038,Fire,Central,Afternoon,Saturday,Sunny,Medium,Yes,21.0,13,24,304,2,9,Medium
8039,Theft,East,Afternoon,Friday,Sunny,Low,No,16.0,5,10,258,4,19,High
8040,Medical,West,Evening,Thursday,Rainy,Medium,No,21.0,27,24,103,6,8,High
8041,Theft,South,Afternoon,Saturday,Rainy,Medium,No,8.0,10,24,207,4,6,Medium
8042,Fire,South,Night,Wednesday,Rainy,Low,Yes,18.0,25,18,263,8,3,High
8043,Assault,West,Night,Friday,Rainy,Low,No,18.0,11,22,41,5,16,High
8044,Fire,West,Afternoon,Monday,Sunny,Medium,Yes,22.0,21,23,298,6,14,High
8045,Medical,North,Afternoon,Saturday,Cloudy,Medium,Yes,8.0,12,7,39,2,8,Medium
8046,Assault,South,Morning,Thursday,Cloudy,High,Yes,10.0,28,23,31,7,20,High
8047,Fire,West,Night,Friday,Sunny,High,No,18.0,12,31,127,3,12,High
8048,Accident,East,Afternoon,Friday,Cloudy,High,Yes,3.0,8,33,231,9,1,High
8049,Theft,South,Afternoon,Tuesday,Sunny,Medium,No,22.0,20,23,78,3,2,Low
8050,Theft,Central,Morning,Friday,Sunny,Low,Yes,14.0,27,7,15,4,7,Medium
8051,Accident,South,Morning,Tuesday,Cloudy,High,Yes,14.0,6,15,323,2,1,Low
8052,Medical,East,Evening,Friday,Sunny,High,No,23.0,23,32,147,5,13,High
8053,Theft,Central,Morning,Friday,Cloudy,Medium,No,14.0,15,14,173,7,8,High
8054,Accident,Central,Night,Monday,Cloudy,Low,Yes,19.0,18,19,421,5,8,High
8055,Medical,North,Morning,Friday,Cloudy,High,No,15.0,26,5,171,10,1,High
8056,Fire,East,Afternoon,Thursday,Rainy,Low,No,16.0,7,4,91,6,15,High
8057,Fire,East,Morning,Sunday,Rainy,High,Yes,11.0,9,21,380,2,16,High
8058,Medical,South,Morning,Friday,Rainy,High,Yes,10.0,24,29,279,5,11,High
8059,Fire,West,Afternoon,Wednesday,Rainy,Medium,Yes,10.0,13,33,317,5,20,High
8060,Assault,North,Morning,Friday,Sunny,Medium,Yes,20.0,16,27,224,1,7,Medium
8061,Assault,South,Night,Tuesday,Rainy,High,No,20.0,20,34,83,5,10,High
8062,Accident,Central,Morning,Friday,Sunny,Medium,No,21.0,20,14,80,7,4,High
8063,Theft,North,Afternoon,Saturday,Cloudy,High,No,8.0,13,13,117,6,14,High
8064,Theft,West,Night,Monday,Cloudy,High,Yes,20.0,5,35,177,10,4,High
8065,Fire,West,Afternoon,Wednesday,Rainy,Low,No,20.0,27,14,272,6,10,High
8066,Fire,East,Night,Thursday,Sunny,High,No,16.0,15,23,303,6,2,Medium
8067,Theft,South,Morning,Monday,Sunny,Low,Yes,9.0,25,10,260,4,19,High
8068,Accident,South,Morning,Thursday,Sunny,Medium,No,23.0,25,6,120,2,16,High
8069,Theft,East,Morning,Tuesday,Sunny,Medium,No,10.0,14,21,338,3,8,High
8070,Fire,South,Night,Thursday,Cloudy,Medium,Yes,12.0,14,34,31,3,14,High
8071,Medical,South,Night,Wednesday,Sunny,High,Yes,18.0,10,14,34,10,3,High
8072,Medical,East,Evening,Friday,Sunny,High,No,3.0,29,20,391,9,14,High
8073,Medical,West,Morning,Saturday,Rainy,High,No,15.0,8,31,245,9,4,High
8074,Theft,Central,Evening,Saturday,Rainy,Medium,Yes,11.0,30,11,449,8,11,High
8075,Medical,West,Morning,Thursday,,,No,,23,20,227,10,20,High
8076,Assault,South,Morning,Friday,Sunny,Low,No,8.0,27,32,396,2,0,Low
8077,Fire,North,Morning,Tuesday,Rainy,High,Yes,12.0,16,13,116,8,0,Medium
8078,Assault,West,Evening,Sunday,Rainy,Low,Yes,12.0,18,35,161,8,15,High
8079,Accident,North,Night,Monday,Rainy,Low,Yes,15.0,17,22,274,10,12,High
8080,Theft,North,Afternoon,Saturday,Sunny,High,Yes,11.0,28,14,33,9,9,High
8081,Assault,North,Afternoon,Wednesday,Sunny,High,No,12.0,14,17,203,2,15,High
8082,Medical,East,Afternoon,Saturday,Cloudy,High,Yes,12.0,5,31,387,9,4,High
8083,Accident,West,Morning,Tuesday,Sunny,High,No,11.0,17,15,172,4,4,Medium
8084,Assault,Central,Night,Sunday,Rainy,High,Yes,13.0,11,19,30,8,4,High
8085,Theft,Central,Night,Friday,Rainy,High,Yes,8.0,26,12,307,1,19,High
8086,Accident,East,Evening,Friday,Sunny,Medium,Yes,25.0,14,10,33,6,15,High
8087,Theft,Central,Evening,Tuesday,Sunny,High,No,13.0,22,10,214,5,0,Medium
8088,Accident,South,Evening,Wednesday,Cloudy,Low,Yes,17.0,15,19,122,2,15,High
8089,Medical,West,Evening,Sunday,Sunny,Low,Yes,25.0,17,26,407,6,7,High
8090,Theft,West,Night,Monday,Cloudy,Low,No,22.0,11,13,138,2,11,Medium
8091,Assault,North,Evening,Saturday,Sunny,High,No,10.0,15,10,4,5,13,High
8092,Fire,Central,Night,Monday,Cloudy,Medium,No,20.0,11,7,354,6,8,High
8093,Theft,Central,Evening,Monday,Rainy,Medium,No,20.0,8,12,45,6,4,Medium
8094,Assault,Central,Afternoon,Wednesday,Sunny,Low,No,4.0,14,4,128,8,18,High
8095,Fire,North,Afternoon,Wednesday,Cloudy,Low,No,3.0,28,31,468,2,12,High
8096,Theft,West,Afternoon,Saturday,Cloudy,High,Yes,7.0,26,22,405,7,17,High
8097,Assault,East,Evening,Tuesday,Cloudy,Medium,No,16.0,7,10,372,5,13,High
8098,Accident,East,Afternoon,Tuesday,Sunny,High,Yes,22.0,19,30,292,8,16,High
8099,Theft,Central,Morning,Monday,Rainy,High,Yes,24.0,16,28,142,6,15,High
8100,Accident,North,Morning,Saturday,Sunny,Low,No,8.0,14,11,203,8,5,High
8101,Fire,South,Evening,Monday,Sunny,Low,No,13.0,11,32,253,1,17,High
8102,Assault,Central,Morning,Wednesday,Rainy,High,No,9.0,26,12,371,8,4,High
8103,Medical,West,Evening,Friday,Cloudy,Medium,No,5.0,14,19,194,8,15,High
8104,Assault,East,Night,Sunday,Rainy,High,Yes,7.0,23,21,260,4,2,Medium
8105,Assault,Central,Morning,Tuesday,Rainy,High,No,6.0,9,23,140,3,18,High
8106,Theft,West,Evening,Friday,Cloudy,Low,Yes,16.0,14,4,45,9,13,High
8107,Medical,West,Afternoon,Tuesday,Sunny,High,Yes,3.0,26,15,364,2,7,Medium
8108,Accident,West,Night,Saturday,Sunny,Low,Yes,24.0,19,9,422,7,20,High
8109,Fire,South,Morning,Wednesday,Rainy,High,No,22.0,30,9,262,3,13,High
8110,Fire,Central,Night,Tuesday,Sunny,Low,Yes,25.0,21,23,178,3,5,Medium
8111,Theft,West,Evening,Thursday,Cloudy,High,Yes,4.0,26,26,496,2,15,High
8112,Theft,South,Night,Wednesday,Sunny,High,No,23.0,23,21,248,5,18,High
8113,Fire,West,Night,Thursday,Rainy,High,Yes,14.0,28,19,232,10,1,High
8114,Medical,North,Evening,Thursday,Rainy,Low,Yes,25.0,17,10,213,2,16,High
8115,Theft,Central,Evening,Tuesday,Rainy,Medium,No,17.0,26,9,45,3,8,Medium
8116,Fire,Central,Evening,Wednesday,Rainy,Medium,No,15.0,19,32,103,4,0,Low
8117,Accident,East,Afternoon,Thursday,Cloudy,Medium,Yes,19.0,26,12,491,6,13,High
8118,Assault,Central,Night,Thursday,Sunny,Low,Yes,23.0,15,8,390,9,10,High
8119,Accident,Central,Morning,Tuesday,Rainy,Medium,No,11.0,16,31,140,9,17,High
8120,Theft,East,Night,Tuesday,Rainy,Low,Yes,14.0,18,22,60,7,2,Medium
8121,Medical,North,Night,Sunday,Sunny,Low,No,20.0,17,11,184,3,6,Medium
8122,Theft,West,Morning,Friday,Sunny,Medium,Yes,4.0,28,15,27,4,19,High
8123,Theft,South,Night,Tuesday,Cloudy,High,No,22.0,26,33,129,3,16,High
8124,Fire,East,Afternoon,Tuesday,Rainy,Low,No,4.0,29,6,129,3,20,High
8125,Fire,Central,Morning,Saturday,Cloudy,Low,Yes,21.0,7,10,353,1,8,Medium
8126,Accident,North,Night,Wednesday,Sunny,Low,No,17.0,26,13,243,4,18,High
8127,Theft,North,Morning,Tuesday,Sunny,High,Yes,20.0,15,11,130,6,17,High
8128,Medical,North,Evening,Tuesday,Rainy,High,No,11.0,6,32,343,4,6,High
8129,Accident,Central,Night,Wednesday,Rainy,High,Yes,13.0,23,16,89,4,15,High
8130,Medical,Central,Night,Tuesday,Sunny,Low,No,22.0,20,32,340,6,10,High
8131,Accident,South,Afternoon,Wednesday,Rainy,Low,No,8.0,23,33,440,7,9,High
8132,Assault,West,Evening,Tuesday,Rainy,Low,Yes,25.0,30,31,107,6,19,High
8133,Medical,North,Morning,Thursday,Cloudy,High,Yes,10.0,28,25,73,1,15,High
8134,Theft,West,Night,Monday,,,No,,18,34,151,3,15,High
8135,Theft,East,Afternoon,Tuesday,Rainy,High,No,14.0,15,6,465,8,8,High
8136,Accident,West,Evening,Wednesday,Sunny,Low,No,6.0,22,21,289,10,7,High
8137,Assault,West,Night,Monday,Cloudy,Medium,No,18.0,30,16,485,1,13,High
8138,Medical,West,Afternoon,Saturday,Sunny,High,Yes,21.0,24,12,459,9,14,High
8139,Theft,East,Evening,Tuesday,Sunny,Medium,No,23.0,24,6,400,6,7,High
8140,Fire,South,Evening,Monday,Cloudy,Medium,No,11.0,23,13,138,1,1,Low
8141,Accident,West,Afternoon,Thursday,Cloudy,High,No,11.0,6,28,11,7,12,High
8142,Fire,North,Afternoon,Sunday,Rainy,Medium,No,3.0,5,17,104,7,16,High
8143,Assault,East,Afternoon,Monday,Sunny,High,Yes,17.0,17,32,25,9,14,High
8144,Fire,Central,Night,Wednesday,Cloudy,High,Yes,19.0,16,25,302,3,15,High
8145,Theft,North,Afternoon,Friday,Rainy,Medium,No,25.0,27,30,282,10,16,High
8146,Assault,South,Evening,Wednesday,Cloudy,High,Yes,13.0,13,9,147,4,1,Medium
8147,Medical,West,Night,Saturday,Sunny,High,No,18.0,27,29,442,9,2,High
8148,Theft,South,Evening,Tuesday,Rainy,High,Yes,14.0,8,8,222,4,0,Medium
8149,Theft,North,Night,Tuesday,Sunny,High,Yes,7.0,15,7,315,10,10,High
8150,Fire,North,Night,Thursday,Rainy,High,Yes,23.0,17,19,294,1,17,High
8151,Fire,Central,Morning,Monday,Rainy,Low,No,4.0,7,6,112,8,10,High
8152,Medical,South,Evening,Saturday,Rainy,Low,Yes,9.0,5,11,390,9,15,High
8153,Accident,West,Morning,Wednesday,Cloudy,Medium,Yes,8.0,9,15,143,4,17,High
8154,Accident,Central,Evening,Friday,Cloudy,Medium,Yes,23.0,10,27,48,6,10,High
8155,Fire,North,Afternoon,Friday,Rainy,High,No,23.0,24,5,319,2,13,High
8156,Medical,East,Night,Sunday,Rainy,Low,No,6.0,28,18,325,2,20,High
8157,Fire,East,Morning,Friday,Sunny,Medium,No,24.0,5,21,74,2,18,High
8158,Accident,East,Afternoon,Tuesday,Cloudy,Medium,Yes,19.0,8,31,54,7,19,High
8159,Assault,South,Morning,Sunday,Cloudy,Low,Yes,4.0,23,6,311,1,1,Low
8160,Assault,South,Afternoon,Monday,Rainy,Medium,No,23.0,13,7,52,5,0,Medium
8161,Assault,East,Night,Monday,Cloudy,High,Yes,4.0,28,10,104,8,0,High
8162,Assault,East,Night,Tuesday,Sunny,High,No,9.0,6,30,288,6,11,High
8163,Assault,South,Morning,Friday,Sunny,Low,No,23.0,27,16,395,6,4,High
8164,Medical,East,Evening,Monday,Cloudy,Low,No,13.0,13,18,367,2,12,High
8165,Fire,West,Night,Tuesday,Rainy,Medium,No,23.0,18,15,84,4,20,High
8166,Accident,South,Afternoon,Thursday,Cloudy,Medium,No,9.0,16,17,430,3,13,High
8167,Assault,North,Night,Wednesday,Rainy,Medium,Yes,18.0,18,29,440,9,1,High
8168,Assault,West,Evening,Tuesday,Rainy,High,Yes,21.0,15,8,137,6,9,High
8169,Assault,North,Morning,Sunday,Sunny,High,No,20.0,13,34,246,3,7,Medium
8170,Assault,Central,Morning,Friday,Rainy,High,Yes,7.0,20,6,129,10,17,High
8171,Medical,North,Afternoon,Sunday,Sunny,High,Yes,17.0,9,26,46,4,19,High
8172,Fire,Central,Afternoon,Thursday,Cloudy,Medium,No,12.0,17,5,470,1,12,High
8173,Accident,South,Afternoon,Sunday,Cloudy,High,Yes,5.0,16,4,211,9,1,High
8174,Theft,East,Evening,Thursday,Rainy,High,Yes,16.0,20,25,221,9,18,High
8175,Medical,North,Afternoon,Friday,Sunny,High,No,8.0,6,33,253,1,15,High
8176,Fire,West,Night,Wednesday,Rainy,High,No,4.0,23,25,291,4,17,High
8177,Theft,North,Evening,Friday,Cloudy,Low,No,12.0,29,25,107,10,0,High
8178,Theft,North,Evening,Sunday,Rainy,Low,No,22.0,21,31,439,9,9,High
8179,Accident,East,Morning,Thursday,Rainy,High,No,16.0,25,7,272,2,16,High
8180,Medical,North,Morning,Wednesday,Cloudy,High,Yes,14.0,25,5,298,4,18,High
8181,Fire,Central,Night,Friday,Sunny,Medium,No,8.0,18,26,497,6,1,High
8182,Theft,Central,Morning,Tuesday,Sunny,Medium,No,17.0,20,11,3,4,14,High
8183,Fire,North,Night,Friday,Cloudy,Medium,Yes,6.0,5,4,494,6,8,High
8184,Medical,North,Night,Wednesday,Sunny,Medium,Yes,21.0,10,16,474,2,6,Medium
8185,Medical,South,Evening,Monday,Rainy,Medium,No,22.0,13,14,109,5,4,Medium
8186,Accident,West,Evening,Monday,Cloudy,Medium,Yes,12.0,16,14,120,4,17,High
8187,Medical,East,Afternoon,Tuesday,Sunny,Low,Yes,6.0,22,15,478,6,14,High
8188,Accident,Central,Night,Friday,Cloudy,High,No,8.0,8,25,179,10,3,High
8189,Assault,East,Morning,Sunday,Cloudy,Low,No,12.0,29,28,269,1,14,High
8190,Fire,North,Morning,Friday,Sunny,Low,Yes,13.0,29,28,138,2,6,Medium
8191,Accident,Central,Night,Saturday,,,Yes,,5,15,57,2,3,Low
8192,Accident,West,Evening,Monday,Rainy,Medium,No,9.0,16,25,41,5,13,High
8193,Medical,East,Night,Thursday,Rainy,Low,No,14.0,16,33,246,5,7,High
8194,Fire,South,Morning,Sunday,Sunny,High,No,18.0,19,32,156,4,8,Medium
8195,Accident,East,Afternoon,Thursday,Sunny,Medium,No,14.0,12,7,497,6,14,High
8196,Fire,Central,Night,Friday,Sunny,Medium,Yes,9.0,7,20,448,8,3,High
8197,Assault,Central,Afternoon,Monday,Rainy,High,No,19.0,29,14,339,10,4,High
8198,Medical,West,Evening,Saturday,Sunny,Medium,Yes,13.0,19,7,134,1,14,High
8199,Accident,Central,Evening,Sunday,Cloudy,Low,Yes,3.0,8,10,158,8,10,High
8200,Accident,North,Night,Wednesday,Rainy,Medium,No,25.0,7,32,191,9,15,High
8201,Assault,South,Morning,Saturday,Cloudy,Low,No,11.0,11,33,294,9,9,High
8202,Theft,Central,Evening,Saturday,Cloudy,High,Yes,25.0,14,14,284,5,11,High
8203,Theft,Central,Morning,Wednesday,Rainy,Medium,Yes,25.0,25,25,478,4,18,High
8204,Assault,South,Night,Tuesday,Sunny,High,Yes,10.0,5,26,222,9,15,High
8205,Theft,North,Night,Wednesday,Cloudy,High,No,5.0,12,22,45,5,11,High
8206,Theft,South,Evening,Saturday,Rainy,Low,No,25.0,18,20,105,2,20,High
8207,Accident,Central,Night,Saturday,Rainy,Low,No,24.0,27,29,268,1,3,Low
8208,Medical,South,Evening,Sunday,Cloudy,Low,No,13.0,8,32,402,9,12,High
8209,Theft,East,Night,Wednesday,Rainy,Low,No,12.0,26,32,349,3,14,High
8210,Accident,West,Night,Tuesday,Cloudy,High,Yes,17.0,19,8,443,4,20,High
8211,Medical,South,Morning,Friday,Sunny,High,Yes,20.0,30,9,201,1,0,Low
8212,Fire,East,Night,Friday,Cloudy,Medium,Yes,14.0,15,18,217,10,6,High
8213,Accident,West,Evening,Monday,Cloudy,Medium,Yes,7.0,25,20,69,3,2,Low
8214,Accident,Central,Evening,Friday,Sunny,High,Yes,23.0,26,21,196,7,19,High
8215,Accident,East,Evening,Saturday,Sunny,Low,No,9.0,23,11,141,8,2,High
8216,Medical,West,Morning,Monday,Cloudy,Medium,Yes,18.0,17,13,108,5,8,High
8217,Medical,Central,Afternoon,Monday,Rainy,Medium,Yes,4.0,22,16,315,4,12,High
8218,Assault,West,Afternoon,Friday,Cloudy,High,No,5.0,17,27,367,3,8,High
8219,Theft,West,Afternoon,Monday,Rainy,High,No,13.0,18,8,366,9,0,High
8220,Fire,Central,Afternoon,Saturday,Sunny,Low,Yes,22.0,9,17,96,7,13,High
8221,Assault,South,Night,Friday,Cloudy,High,Yes,18.0,17,35,438,5,13,High
8222,Medical,East,Evening,Monday,Rainy,High,No,12.0,27,17,341,1,16,High
8223,Fire,North,Afternoon,Wednesday,Cloudy,Medium,No,6.0,11,12,420,10,17,High
8224,Fire,South,Evening,Tuesday,Rainy,Low,No,21.0,23,5,476,4,5,Medium
8225,Theft,East,Evening,Sunday,Cloudy,High,Yes,24.0,5,26,114,5,16,High
8226,Theft,East,Night,Thursday,Rainy,Low,No,10.0,29,22,247,8,16,High
8227,Medical,South,Afternoon,Tuesday,Rainy,Medium,Yes,10.0,21,15,423,7,20,High
8228,Accident,South,Night,Monday,Rainy,Medium,No,9.0,27,9,194,9,12,High
8229,Fire,East,Night,Saturday,Rainy,Low,No,15.0,10,6,148,8,13,High
8230,Accident,North,Morning,Wednesday,Rainy,High,No,22.0,20,27,450,5,12,High
8231,Assault,North,Night,Saturday,Cloudy,Low,No,14.0,19,35,210,3,4,Medium
8232,Medical,North,Morning,Friday,Rainy,Low,No,5.0,23,13,314,9,17,High
8233,Assault,East,Night,Friday,Sunny,Low,Yes,7.0,8,26,337,7,17,High
8234,Theft,North,Afternoon,Thursday,Sunny,Low,No,18.0,8,21,117,7,8,High
8235,Medical,South,Evening,Sunday,Rainy,High,No,15.0,5,10,222,8,5,High
8236,Theft,North,Evening,Wednesday,Sunny,Medium,No,3.0,28,34,396,2,14,High
8237,Assault,East,Evening,Wednesday,Sunny,Medium,No,12.0,17,24,469,9,0,High
8238,Accident,West,Morning,Sunday,Cloudy,High,Yes,25.0,7,24,203,7,8,High
8239,Accident,North,Night,Wednesday,Cloudy,Low,Yes,22.0,22,21,27,10,14,High
8240,Theft,Central,Evening,Thursday,Sunny,High,No,11.0,27,6,356,9,0,High
8241,Theft,West,Evening,Sunday,Sunny,Medium,Yes,10.0,9,14,365,5,10,High
8242,Fire,North,Afternoon,Thursday,Cloudy,Medium,Yes,18.0,16,31,211,7,3,High
8243,Assault,East,Morning,Tuesday,Cloudy,Low,Yes,8.0,8,35,459,10,12,High
8244,Theft,East,Afternoon,Monday,Rainy,Medium,No,17.0,27,27,355,8,4,High
8245,Accident,East,Afternoon,Monday,Cloudy,Medium,Yes,16.0,21,29,267,8,2,High
8246,Fire,North,Night,Monday,Sunny,High,Yes,16.0,23,21,230,1,12,Medium
8247,Assault,East,Night,Friday,Rainy,Low,Yes,19.0,23,21,405,2,17,High
8248,Assault,South,Night,Monday,Sunny,Low,No,3.0,21,10,443,9,20,High
8249,Theft,East,Evening,Monday,Cloudy,High,No,16.0,22,31,460,3,17,High
8250,Medical,East,Morning,Thursday,Cloudy,High,No,4.0,18,11,429,6,14,High
8251,Medical,Central,Morning,Sunday,Cloudy,Medium,Yes,9.0,25,32,25,3,9,Medium
8252,Assault,East,Afternoon,Saturday,Rainy,Medium,No,20.0,27,15,34,5,0,Medium
8253,Fire,Central,Evening,Wednesday,Cloudy,High,Yes,17.0,22,14,306,7,1,High
8254,Accident,West,Morning,Thursday,Cloudy,High,No,9.0,13,4,272,5,15,High
8255,Fire,East,Afternoon,Monday,Rainy,Low,Yes,21.0,13,29,176,8,6,High
8256,Fire,Central,Afternoon,Wednesday,Sunny,Medium,Yes,14.0,21,7,330,9,5,High
8257,Assault,Central,Night,Sunday,Rainy,Medium,Yes,17.0,28,15,43,9,12,High
8258,Accident,East,Afternoon,Monday,Cloudy,Medium,Yes,5.0,9,18,428,1,1,Low
8259,Theft,Central,Morning,Wednesday,Sunny,Medium,No,19.0,11,35,486,2,0,Low
8260,Theft,Central,Night,Wednesday,Sunny,High,No,25.0,22,24,490,10,18,High
8261,Medical,West,Night,Thursday,Cloudy,High,No,4.0,17,21,170,5,9,High
8262,Fire,Central,Evening,Friday,Sunny,High,No,4.0,11,13,443,10,18,High
8263,Medical,West,Afternoon,Saturday,Rainy,Medium,Yes,6.0,29,27,10,1,0,Low
8264,Medical,Central,Afternoon,Thursday,Rainy,High,No,9.0,10,6,260,10,18,High
8265,Assault,East,Afternoon,Thursday,Cloudy,Medium,Yes,15.0,18,15,87,6,7,High
8266,Assault,North,Afternoon,Sunday,Cloudy,Medium,Yes,25.0,29,18,488,6,14,High
8267,Medical,South,Morning,Sunday,Rainy,Medium,No,17.0,21,14,69,7,3,Medium
8268,Fire,East,Night,Tuesday,Rainy,Low,No,15.0,24,19,160,10,14,High
8269,Accident,South,Afternoon,Friday,Sunny,Low,Yes,3.0,24,12,399,5,19,High
8270,Fire,East,Afternoon,Tuesday,Rainy,High,No,3.0,9,25,288,10,17,High
8271,Medical,West,Night,Friday,Rainy,High,Yes,7.0,13,23,478,8,3,High
8272,Theft,East,Afternoon,Friday,Rainy,Low,Yes,16.0,15,27,263,7,11,High
8273,Fire,East,Night,Wednesday,Rainy,Low,Yes,10.0,25,23,458,5,9,High
8274,Accident,South,Afternoon,Monday,Cloudy,High,No,12.0,22,6,117,1,19,High
8275,Fire,East,Evening,Sunday,Rainy,High,Yes,20.0,10,31,125,5,15,High
8276,Theft,East,Evening,Thursday,Cloudy,High,No,23.0,15,15,398,9,20,High
8277,Fire,East,Evening,Monday,Sunny,Low,No,18.0,17,5,438,8,12,High
8278,Medical,Central,Morning,Tuesday,Rainy,Low,Yes,13.0,28,21,92,4,1,Medium
8279,Accident,North,Evening,Sunday,Cloudy,Low,No,19.0,19,23,410,8,17,High
8280,Assault,East,Evening,Sunday,Sunny,High,No,20.0,17,7,286,7,4,High
8281,Fire,Central,Afternoon,Sunday,Cloudy,Low,No,13.0,14,13,394,8,11,High
8282,Medical,North,Night,Tuesday,Rainy,Medium,No,23.0,25,5,384,8,5,High
8283,Fire,East,Night,Tuesday,Sunny,Medium,No,21.0,12,23,192,3,16,High
8284,Theft,South,Evening,Sunday,Sunny,Low,No,24.0,8,15,461,2,2,Medium
8285,Assault,South,Afternoon,Monday,Sunny,Low,No,11.0,26,35,104,8,14,High
8286,Accident,West,Evening,Friday,Rainy,Low,No,7.0,12,18,399,5,9,High
8287,Assault,South,Morning,Friday,Sunny,Low,No,23.0,20,5,2,5,4,Medium
8288,Accident,South,Afternoon,Monday,Rainy,Medium,Yes,20.0,24,25,52,6,11,High
8289,Fire,West,Morning,Monday,Cloudy,High,No,15.0,23,31,83,5,9,High
8290,Assault,Central,Morning,Friday,Sunny,Low,Yes,8.0,13,27,410,5,2,Medium
8291,Fire,West,Evening,Monday,Sunny,Low,No,21.0,19,21,298,3,2,Medium
8292,Theft,South,Morning,Friday,Sunny,Low,Yes,23.0,18,29,107,3,8,Medium
8293,Medical,North,Afternoon,Thursday,Sunny,Low,Yes,19.0,20,9,254,2,3,Low
8294,Fire,South,Night,Sunday,Cloudy,Low,No,7.0,8,6,230,5,19,High
8295,Assault,North,Evening,Friday,Cloudy,High,Yes,15.0,6,28,263,2,10,Medium
8296,Theft,West,Afternoon,Sunday,Cloudy,Medium,No,8.0,6,10,465,6,7,High
8297,Theft,South,Morning,Thursday,Cloudy,Medium,Yes,3.0,18,13,101,9,2,High
8298,Accident,North,Afternoon,Friday,Sunny,Low,Yes,10.0,28,30,293,5,12,High
8299,Medical,North,Night,Thursday,Rainy,Medium,No,3.0,30,7,283,2,13,High
8300,Accident,East,Evening,Wednesday,Sunny,High,Yes,14.0,17,13,432,1,17,High
8301,Assault,East,Evening,Monday,Sunny,Medium,No,11.0,9,27,316,1,1,Low
8302,Medical,North,Evening,Tuesday,Sunny,Low,Yes,11.0,30,26,251,3,10,High
8303,Assault,East,Night,Saturday,Cloudy,Medium,Yes,21.0,23,13,179,5,19,High
8304,Accident,West,Night,Monday,Rainy,High,No,20.0,15,26,210,2,15,High
8305,Fire,Central,Morning,Tuesday,Cloudy,Medium,No,6.0,19,28,460,9,19,High
8306,Medical,East,Morning,Thursday,Rainy,Medium,No,7.0,8,21,471,1,16,High
8307,Medical,West,Afternoon,Tuesday,Rainy,Low,No,19.0,20,11,48,4,17,High
8308,Theft,East,Morning,Wednesday,Rainy,High,Yes,14.0,21,28,405,1,18,High
8309,Fire,South,Evening,Monday,Rainy,Medium,No,21.0,25,10,340,5,14,High
8310,Medical,Central,Evening,Friday,Sunny,Low,Yes,21.0,8,27,263,4,1,Medium
8311,Medical,West,Afternoon,Friday,Sunny,High,No,6.0,29,6,132,1,3,Low
8312,Accident,North,Afternoon,Sunday,Sunny,Medium,Yes,12.0,30,6,164,3,17,High
8313,Medical,South,Night,Tuesday,Sunny,High,No,20.0,28,4,197,3,1,Low
8314,Accident,Central,Night,Saturday,Sunny,Low,Yes,15.0,18,27,396,7,10,High
8315,Theft,North,Evening,Friday,Cloudy,High,Yes,22.0,15,6,112,7,12,High
8316,Theft,West,Evening,Saturday,Sunny,Low,No,20.0,26,23,286,7,11,High
8317,Fire,South,Morning,Sunday,Cloudy,High,No,9.0,8,33,319,4,19,High
8318,Assault,North,Evening,Sunday,Sunny,Medium,Yes,22.0,20,35,317,9,7,High
8319,Fire,North,Night,Sunday,Cloudy,Medium,No,8.0,23,7,302,10,10,High
8320,Theft,East,Evening,Monday,Cloudy,Medium,Yes,22.0,20,23,152,10,11,High
8321,Accident,South,Evening,Wednesday,Cloudy,Low,Yes,14.0,21,26,187,7,3,High
8322,Theft,South,Evening,Thursday,Sunny,Low,Yes,10.0,14,13,462,3,3,Medium
8323,Fire,East,Afternoon,Saturday,Cloudy,Medium,Yes,8.0,22,33,263,3,1,Medium
8324,Medical,East,Evening,Friday,Rainy,Medium,No,17.0,7,33,227,2,7,Medium
8325,Fire,South,Morning,Sunday,Sunny,Medium,No,13.0,20,21,434,3,17,High
8326,Accident,South,Night,Sunday,Sunny,High,No,15.0,7,7,275,8,18,High
8327,Medical,North,Night,Wednesday,,,Yes,,23,6,363,5,6,High
8328,Theft,East,Night,Tuesday,Cloudy,Low,No,21.0,23,34,50,4,11,High
8329,Theft,North,Morning,Saturday,Cloudy,Medium,Yes,15.0,21,18,128,10,6,High
8330,Fire,East,Night,Saturday,Rainy,Low,Yes,15.0,17,9,144,7,2,Medium
8331,Medical,South,Morning,Saturday,Rainy,Low,No,21.0,10,11,291,2,14,High
8332,Medical,West,Afternoon,Friday,Rainy,High,No,14.0,7,32,185,5,7,High
8333,Medical,East,Morning,Tuesday,Rainy,Medium,Yes,24.0,17,32,237,8,4,High
8334,Assault,East,Night,Saturday,Rainy,High,No,8.0,15,25,112,6,6,High
8335,Fire,North,Afternoon,Wednesday,Rainy,Medium,Yes,4.0,14,15,308,7,14,High
8336,Fire,East,Morning,Tuesday,Rainy,High,Yes,25.0,20,6,367,3,7,Medium
8337,Medical,South,Night,Friday,Rainy,Medium,Yes,20.0,20,24,248,9,18,High
8338,Medical,North,Morning,Wednesday,Cloudy,High,No,5.0,18,29,478,5,18,High
8339,Fire,East,Afternoon,Thursday,Rainy,Low,No,23.0,8,21,2,2,2,Low
8340,Theft,Central,Morning,Saturday,Rainy,Medium,No,13.0,21,12,249,2,19,High
8341,Theft,Central,Night,Sunday,Rainy,High,Yes,12.0,17,13,471,3,3,Medium
8342,Theft,North,Night,Tuesday,Sunny,Low,Yes,16.0,18,23,429,8,15,High
8343,Fire,Central,Afternoon,Friday,Rainy,High,No,25.0,16,32,176,3,17,High
8344,Accident,North,Evening,Friday,Rainy,High,Yes,13.0,20,26,73,2,3,Low
8345,Theft,Central,Evening,Tuesday,Cloudy,Low,No,20.0,19,25,390,5,19,High
8346,Assault,West,Night,Thursday,Sunny,Medium,No,5.0,19,34,465,10,5,High
8347,Assault,North,Night,Thursday,Cloudy,High,No,4.0,26,5,481,10,7,High
8348,Theft,South,Morning,Tuesday,Rainy,High,No,5.0,26,34,131,5,11,High
8349,Accident,Central,Evening,Tuesday,Cloudy,Low,Yes,22.0,7,10,417,4,7,High
8350,Accident,South,Afternoon,Thursday,Rainy,High,Yes,10.0,13,34,465,4,2,Medium
8351,Fire,Central,Evening,Monday,Sunny,Low,No,25.0,8,22,75,6,9,High
8352,Medical,Central,Morning,Monday,Cloudy,Low,No,17.0,14,21,267,9,0,High
8353,Fire,Central,Afternoon,Sunday,Rainy,Low,No,25.0,25,29,119,7,14,High
8354,Medical,Central,Morning,Wednesday,Sunny,Low,Yes,12.0,16,15,139,3,2,Medium
8355,Medical,Central,Evening,Thursday,Rainy,High,No,16.0,11,30,335,5,0,Medium
8356,Theft,East,Morning,Sunday,Sunny,Medium,No,13.0,30,28,263,2,12,High
8357,Fire,South,Evening,Friday,Cloudy,Medium,No,3.0,5,25,13,5,12,High
8358,Fire,North,Morning,Thursday,Cloudy,High,Yes,22.0,20,8,408,9,12,High
8359,Medical,South,Evening,Monday,Sunny,High,No,10.0,23,32,239,6,14,High
8360,Assault,South,Morning,Thursday,Sunny,Low,Yes,10.0,14,26,267,1,20,High
8361,Accident,West,Afternoon,Friday,Rainy,Low,Yes,24.0,24,28,168,3,4,Medium
8362,Accident,North,Evening,Saturday,Rainy,Medium,No,24.0,9,4,38,5,14,High
8363,Fire,West,Morning,Tuesday,Sunny,Low,No,15.0,28,28,140,9,12,High
8364,Fire,West,Afternoon,Tuesday,Cloudy,Medium,No,8.0,17,26,56,1,7,Medium
8365,Fire,East,Evening,Sunday,Cloudy,Medium,Yes,14.0,10,19,128,1,14,Medium
8366,Theft,North,Afternoon,Tuesday,Cloudy,Medium,No,17.0,27,24,263,1,12,Medium
8367,Accident,South,Afternoon,Thursday,Rainy,Low,No,14.0,27,11,345,4,13,High
8368,Fire,South,Night,Sunday,Sunny,Medium,No,14.0,7,21,350,7,16,High
8369,Medical,East,Afternoon,Saturday,Rainy,Medium,Yes,6.0,28,18,52,6,6,High
8370,Accident,West,Night,Saturday,Cloudy,Medium,Yes,25.0,21,21,100,2,11,Medium
8371,Theft,North,Morning,Monday,Cloudy,Low,No,17.0,16,4,323,3,19,High
8372,Theft,Central,Afternoon,Monday,Sunny,Medium,Yes,20.0,15,18,186,1,5,Low
8373,Medical,West,Evening,Wednesday,Rainy,Low,No,18.0,23,6,260,1,15,High
8374,Medical,South,Morning,Monday,Cloudy,Low,Yes,10.0,19,14,324,8,20,High
8375,Assault,North,Afternoon,Tuesday,Sunny,Medium,No,20.0,17,10,111,7,7,High
8376,Assault,West,Morning,Sunday,Sunny,Medium,Yes,18.0,22,15,359,3,2,Medium
8377,Accident,North,Afternoon,Monday,Sunny,High,Yes,10.0,10,26,361,2,17,High
8378,Fire,East,Night,Tuesday,Sunny,Medium,No,10.0,24,16,260,1,7,Medium
8379,Assault,East,Afternoon,Wednesday,Cloudy,Low,No,4.0,29,10,130,3,0,Low
8380,Fire,South,Night,Thursday,Sunny,Medium,No,10.0,22,16,498,5,15,High
8381,Assault,North,Evening,Tuesday,Rainy,High,No,3.0,26,26,376,3,16,High
8382,Theft,North,Morning,Tuesday,Rainy,Medium,No,12.0,20,32,288,1,20,High
8383,Assault,Central,Morning,Monday,Rainy,Medium,Yes,16.0,22,34,310,9,17,High
8384,Assault,East,Afternoon,Saturday,Rainy,High,No,20.0,11,31,490,3,9,High
8385,Fire,West,Evening,Sunday,Rainy,High,Yes,17.0,10,32,111,7,1,Medium
8386,Fire,North,Afternoon,Tuesday,Cloudy,Medium,Yes,8.0,26,10,407,2,17,High
8387,Fire,South,Afternoon,Tuesday,Rainy,Medium,No,18.0,14,29,292,8,5,High
8388,Fire,Central,Afternoon,Thursday,Rainy,High,Yes,10.0,24,29,462,7,20,High
8389,Fire,North,Afternoon,Sunday,Rainy,Low,No,21.0,17,16,247,10,12,High
8390,Assault,Central,Evening,Friday,Cloudy,Medium,No,11.0,23,31,288,10,8,High
8391,Medical,East,Evening,Saturday,Rainy,Medium,Yes,18.0,16,28,457,2,12,High
8392,Medical,North,Evening,Wednesday,Sunny,High,No,19.0,24,7,305,1,16,High
8393,Assault,South,Night,Sunday,Rainy,High,Yes,9.0,26,26,31,5,6,Medium
8394,Accident,Central,Evening,Thursday,Sunny,High,Yes,13.0,15,9,181,9,18,High
8395,Medical,West,Morning,Wednesday,Sunny,Medium,No,4.0,28,24,52,9,12,High
8396,Medical,North,Night,Thursday,Rainy,High,Yes,21.0,19,33,453,2,13,High
8397,Assault,Central,Evening,Sunday,Rainy,Low,No,5.0,9,20,156,2,17,High
8398,Theft,East,Night,Tuesday,Sunny,Low,No,4.0,17,25,354,1,4,Medium
8399,Assault,South,Night,Tuesday,Cloudy,Medium,Yes,3.0,16,17,438,2,19,High
8400,Fire,West,Afternoon,Wednesday,Rainy,High,No,22.0,6,27,167,9,13,High
8401,Theft,North,Night,Monday,Rainy,High,Yes,6.0,23,7,145,6,16,High
8402,Fire,Central,Night,Monday,Rainy,Medium,No,18.0,18,21,481,2,3,Medium
8403,Theft,West,Morning,Tuesday,Cloudy,Medium,Yes,25.0,27,27,136,3,14,High
8404,Fire,South,Night,Wednesday,Rainy,Low,Yes,18.0,8,19,279,6,17,High
8405,Medical,South,Evening,Saturday,Sunny,Low,No,17.0,14,8,190,1,12,Medium
8406,Assault,South,Morning,Monday,Cloudy,Medium,No,20.0,11,8,143,1,8,Medium
8407,Accident,North,Evening,Thursday,Rainy,Low,No,21.0,20,7,280,8,14,High
8408,Assault,Central,Afternoon,Friday,Sunny,Medium,Yes,14.0,27,30,76,4,2,Medium
8409,Assault,North,Night,Tuesday,Rainy,High,No,10.0,28,19,323,1,15,High
8410,Theft,Central,Night,Wednesday,Cloudy,High,Yes,20.0,14,4,248,7,10,High
8411,Theft,Central,Evening,Wednesday,Sunny,High,Yes,21.0,9,35,177,8,14,High
8412,Accident,East,Evening,Thursday,Rainy,High,Yes,4.0,14,18,202,7,11,High
8413,Fire,North,Afternoon,Sunday,Rainy,High,Yes,5.0,18,13,228,2,14,High
8414,Theft,South,Night,Tuesday,Cloudy,High,No,5.0,11,15,433,10,16,High
8415,Accident,East,Evening,Friday,Sunny,Low,No,8.0,18,15,173,8,5,High
8416,Theft,North,Night,Friday,,,No,,11,6,367,3,4,Medium
8417,Accident,Central,Morning,Tuesday,Rainy,High,No,14.0,6,26,438,2,9,Medium
8418,Accident,West,Afternoon,Monday,Rainy,Low,No,25.0,6,10,287,7,1,Medium
8419,Theft,East,Evening,Thursday,,,No,,11,14,10,8,3,High
8420,Medical,Central,Afternoon,Monday,Rainy,Medium,Yes,4.0,8,35,47,3,2,Medium
8421,Medical,West,Evening,Tuesday,Sunny,Low,No,18.0,28,13,432,6,15,High
8422,Assault,North,Morning,Tuesday,Cloudy,High,No,9.0,9,23,187,7,14,High
8423,Fire,Central,Evening,Thursday,Cloudy,Low,No,15.0,27,18,95,6,18,High
8424,Assault,Central,Morning,Friday,Rainy,Low,Yes,4.0,20,15,435,10,15,High
8425,Medical,West,Evening,Monday,Rainy,High,Yes,5.0,27,28,274,4,20,High
8426,Fire,East,Evening,Thursday,Cloudy,Medium,No,14.0,16,11,270,9,13,High
8427,Fire,South,Night,Friday,Cloudy,Medium,Yes,21.0,19,25,72,3,16,High
8428,Medical,Central,Night,Saturday,Rainy,High,No,13.0,17,14,25,2,5,Low
8429,Fire,South,Night,Thursday,Rainy,Medium,Yes,19.0,23,29,146,2,13,High
8430,Accident,Central,Evening,Monday,Sunny,Medium,Yes,4.0,30,16,189,6,11,High
8431,Accident,East,Night,Friday,Sunny,High,No,13.0,15,22,307,9,19,High
8432,Fire,North,Morning,Saturday,Cloudy,Medium,No,15.0,21,11,296,1,5,Medium
8433,Medical,East,Night,Saturday,Cloudy,High,No,22.0,25,14,419,4,6,Medium
8434,Accident,West,Afternoon,Monday,Cloudy,Low,Yes,22.0,16,12,424,6,0,Medium
8435,Theft,West,Evening,Monday,Sunny,Medium,Yes,25.0,22,11,19,1,7,Low
8436,Theft,South,Morning,Thursday,Cloudy,High,Yes,5.0,6,18,419,1,19,High
8437,Accident,West,Evening,Thursday,Sunny,Low,No,24.0,29,23,363,10,19,High
8438,Fire,Central,Night,Tuesday,Cloudy,Low,No,4.0,20,28,199,10,9,High
8439,Accident,West,Morning,Thursday,Sunny,High,No,25.0,16,24,131,4,10,High
8440,Theft,South,Night,Friday,Sunny,Low,Yes,12.0,5,32,28,9,11,High
8441,Medical,Central,Night,Tuesday,Sunny,Medium,No,7.0,7,25,365,8,13,High
8442,Fire,South,Evening,Tuesday,Cloudy,High,No,10.0,8,27,338,1,7,Medium
8443,Fire,West,Evening,Friday,Cloudy,Low,Yes,7.0,6,9,389,4,5,High
8444,Medical,East,Morning,Sunday,Sunny,High,No,6.0,7,12,27,10,0,High
8445,Assault,West,Night,Saturday,Cloudy,High,No,11.0,27,20,439,3,7,High
8446,Medical,South,Night,Sunday,Cloudy,Low,No,20.0,29,6,392,3,12,High
8447,Medical,West,Morning,Saturday,Rainy,High,Yes,20.0,10,9,78,5,7,Medium
8448,Theft,North,Evening,Friday,Sunny,High,No,5.0,20,4,281,10,20,High
8449,Fire,East,Night,Saturday,Cloudy,High,Yes,12.0,28,21,5,8,14,High
8450,Medical,Central,Morning,Wednesday,Rainy,Medium,Yes,24.0,28,17,420,2,14,High
8451,Theft,South,Evening,Wednesday,Rainy,Medium,Yes,25.0,14,14,211,6,20,High
8452,Accident,South,Afternoon,Sunday,Rainy,Low,Yes,21.0,16,13,383,9,10,High
8453,Medical,East,Afternoon,Tuesday,Cloudy,High,Yes,7.0,26,26,6,10,9,High
8454,Assault,South,Afternoon,Wednesday,Rainy,Low,No,20.0,6,34,370,4,15,High
8455,Medical,Central,Evening,Wednesday,Cloudy,Low,Yes,9.0,10,33,458,7,7,High
8456,Accident,Central,Evening,Tuesday,Rainy,Medium,Yes,22.0,26,35,5,6,13,High
8457,Medical,Central,Night,Thursday,Rainy,Low,Yes,7.0,29,27,402,5,19,High
8458,Theft,West,Evening,Wednesday,Cloudy,Low,Yes,11.0,18,5,294,7,13,High
8459,Accident,East,Morning,Saturday,Sunny,Medium,Yes,23.0,14,8,5,8,2,Medium
8460,Theft,South,Afternoon,Sunday,Rainy,High,No,18.0,21,28,250,8,10,High
8461,Medical,North,Morning,Friday,,,Yes,,24,7,196,7,5,High
8462,Medical,West,Afternoon,Monday,Rainy,Low,Yes,14.0,11,32,199,4,5,Medium
8463,Medical,Central,Night,Friday,Sunny,Low,Yes,24.0,29,29,400,4,3,Medium
8464,Medical,West,Evening,Sunday,Cloudy,Low,No,16.0,14,25,119,3,3,Medium
8465,Assault,North,Evening,Sunday,Rainy,Low,Yes,3.0,11,7,165,1,17,High
8466,Fire,East,Evening,Monday,Sunny,High,Yes,14.0,21,34,318,1,19,High
8467,Theft,South,Morning,Sunday,Sunny,Medium,Yes,18.0,28,18,485,4,18,High
8468,Assault,Central,Morning,Monday,Rainy,High,No,5.0,29,23,198,10,17,High
8469,Accident,South,Evening,Tuesday,Cloudy,Low,Yes,15.0,11,10,122,5,4,Medium
8470,Theft,East,Afternoon,Friday,Rainy,Low,Yes,8.0,23,25,368,5,8,High
8471,Fire,West,Morning,Saturday,Rainy,Medium,No,22.0,20,24,160,3,0,Low
8472,Theft,Central,Night,Tuesday,Rainy,Medium,No,6.0,8,18,379,5,6,High
8473,Fire,South,Evening,Tuesday,Sunny,Low,No,5.0,24,20,394,1,20,High
8474,Fire,South,Morning,Wednesday,Sunny,Medium,No,23.0,5,28,120,4,0,Low
8475,Accident,West,Afternoon,Saturday,Cloudy,Medium,No,18.0,11,23,72,9,15,High
8476,Medical,Central,Afternoon,Sunday,Rainy,High,Yes,18.0,28,23,75,6,13,High
8477,Assault,West,Night,Monday,Rainy,Low,No,17.0,19,19,308,10,3,High
8478,Accident,West,Evening,Wednesday,,,Yes,,10,22,105,10,14,High
8479,Theft,East,Evening,Monday,Cloudy,Low,No,4.0,21,30,193,10,12,High
8480,Fire,West,Evening,Wednesday,Rainy,Low,Yes,21.0,18,33,444,2,9,Medium
8481,Assault,West,Evening,Wednesday,Cloudy,Low,Yes,9.0,27,9,147,4,19,High
8482,Medical,East,Night,Tuesday,Rainy,High,No,22.0,11,15,475,2,0,Low
8483,Theft,Central,Night,Tuesday,Sunny,Low,Yes,18.0,21,5,383,4,12,High
8484,Accident,South,Evening,Monday,Rainy,Medium,No,6.0,26,15,67,5,3,Medium
8485,Theft,North,Afternoon,Wednesday,Cloudy,Medium,No,7.0,29,9,1,5,14,High
8486,Theft,North,Afternoon,Friday,Sunny,High,No,25.0,16,30,441,8,18,High
8487,Fire,South,Evening,Friday,Rainy,Medium,No,21.0,11,29,23,4,2,Medium
8488,Assault,North,Afternoon,Thursday,Rainy,Medium,Yes,18.0,30,35,258,8,19,High
8489,Theft,North,Night,Friday,Sunny,Low,No,8.0,14,10,355,5,19,High
8490,Assault,South,Morning,Thursday,Rainy,Medium,Yes,23.0,12,30,263,2,2,Low
8491,Assault,East,Evening,Monday,Cloudy,High,Yes,4.0,7,9,434,1,5,Medium
8492,Theft,North,Morning,Thursday,Sunny,Low,Yes,10.0,7,7,229,5,14,High
8493,Fire,West,Morning,Thursday,Sunny,Low,No,13.0,23,34,384,1,16,High
8494,Theft,South,Afternoon,Tuesday,Cloudy,Low,No,6.0,23,27,189,6,11,High
8495,Theft,West,Morning,Sunday,Cloudy,High,No,4.0,24,5,433,7,10,High
8496,Accident,East,Night,Sunday,Cloudy,High,No,22.0,28,6,292,7,9,High
8497,Theft,South,Morning,Monday,Rainy,High,No,23.0,11,26,61,8,8,High
8498,Fire,West,Evening,Thursday,Cloudy,High,No,8.0,28,23,162,2,16,High
8499,Accident,South,Morning,Tuesday,Rainy,High,Yes,22.0,20,20,391,9,12,High
8500,Medical,East,Morning,Tuesday,Sunny,Medium,No,13.0,18,10,236,2,9,Medium
8501,Accident,West,Night,Sunday,Cloudy,Low,No,9.0,29,23,138,1,16,High
8502,Accident,West,Morning,Thursday,Rainy,High,Yes,25.0,10,8,35,5,7,Medium
8503,Medical,East,Night,Saturday,Cloudy,Medium,No,9.0,24,18,431,9,9,High
8504,Assault,West,Night,Wednesday,Rainy,High,No,3.0,15,23,444,7,11,High
8505,Assault,Central,Afternoon,Tuesday,Rainy,Low,No,19.0,30,30,42,4,7,Medium
8506,Accident,North,Evening,Saturday,Sunny,Medium,Yes,23.0,11,34,140,9,4,High
8507,Fire,Central,Afternoon,Thursday,Sunny,Low,Yes,23.0,12,14,186,8,15,High
8508,Fire,Central,Night,Saturday,Sunny,High,No,24.0,29,7,94,5,0,Medium
8509,Accident,West,Afternoon,Friday,Rainy,Low,Yes,16.0,10,34,481,1,6,Medium
8510,Assault,East,Evening,Sunday,Sunny,High,Yes,10.0,9,31,65,5,19,High
8511,Assault,East,Morning,Thursday,Cloudy,Low,Yes,24.0,30,5,69,9,13,High
8512,Accident,North,Afternoon,Thursday,Sunny,Low,No,5.0,27,12,224,2,0,Low
8513,Accident,West,Evening,Saturday,Cloudy,Medium,No,18.0,21,11,277,1,4,Low
8514,Theft,Central,Afternoon,Monday,Cloudy,High,Yes,23.0,10,8,368,6,11,High
8515,Fire,South,Morning,Tuesday,Sunny,Medium,No,10.0,16,27,296,9,12,High
8516,Medical,East,Morning,Wednesday,Rainy,High,No,14.0,5,18,206,3,16,High
8517,Fire,Central,Morning,Monday,Sunny,Medium,Yes,5.0,17,17,55,1,1,Low
8518,Medical,West,Morning,Thursday,,,Yes,,22,17,315,2,18,High
8519,Theft,East,Afternoon,Monday,Rainy,Low,Yes,25.0,28,29,189,3,13,High
8520,Accident,South,Morning,Thursday,Sunny,High,Yes,7.0,13,19,394,5,1,Medium
8521,Medical,East,Morning,Sunday,Rainy,High,Yes,9.0,8,15,65,6,4,Medium
8522,Medical,South,Evening,Tuesday,Sunny,Medium,Yes,14.0,28,26,246,8,12,High
8523,Accident,Central,Evening,Thursday,Rainy,Low,No,25.0,30,32,442,6,8,High
8524,Theft,Central,Night,Wednesday,Sunny,High,Yes,20.0,24,30,91,10,19,High
8525,Fire,East,Evening,Friday,Rainy,Low,Yes,4.0,10,31,64,9,14,High
8526,Fire,North,Afternoon,Saturday,Cloudy,High,No,5.0,18,32,422,5,7,High
8527,Fire,West,Evening,Friday,Sunny,High,No,19.0,18,14,46,7,0,Medium
8528,Fire,East,Morning,Sunday,Rainy,Medium,No,16.0,24,20,401,1,13,High
8529,Fire,Central,Evening,Monday,Cloudy,High,No,13.0,16,18,297,3,14,High
8530,Accident,East,Afternoon,Friday,Cloudy,Medium,No,19.0,16,11,59,3,19,High
8531,Medical,East,Night,Tuesday,Rainy,Medium,Yes,14.0,26,19,336,10,14,High
8532,Fire,North,Night,Thursday,Sunny,Medium,No,16.0,7,11,377,8,13,High
8533,Theft,Central,Night,Tuesday,Cloudy,High,No,11.0,27,34,377,6,0,Medium
8534,Accident,East,Evening,Monday,Rainy,Medium,Yes,16.0,19,29,63,1,0,Low
8535,Medical,West,Afternoon,Tuesday,Cloudy,Medium,No,25.0,26,8,440,3,1,Medium
8536,Accident,South,Morning,Wednesday,Cloudy,Low,No,23.0,6,7,453,6,17,High
8537,Theft,South,Morning,Thursday,Sunny,High,Yes,9.0,9,22,170,7,0,Medium
8538,Fire,South,Evening,Sunday,Cloudy,High,Yes,24.0,15,21,284,1,16,High
8539,Medical,Central,Evening,Saturday,Rainy,Low,No,16.0,29,19,480,8,20,High
8540,Assault,East,Night,Saturday,Sunny,Low,Yes,13.0,14,35,366,4,12,High
8541,Theft,West,Afternoon,Wednesday,Cloudy,Medium,No,9.0,24,7,287,1,8,Medium
8542,Accident,South,Morning,Monday,Cloudy,Medium,No,3.0,6,12,132,2,12,High
8543,Medical,East,Evening,Monday,Sunny,Medium,No,11.0,14,8,124,1,20,High
8544,Accident,East,Evening,Friday,Cloudy,Low,No,14.0,5,16,489,5,19,High
8545,Fire,East,Evening,Monday,Sunny,High,No,13.0,30,9,370,4,1,Medium
8546,Medical,West,Evening,Wednesday,Cloudy,High,No,20.0,24,16,4,5,0,Medium
8547,Assault,East,Afternoon,Monday,Rainy,Medium,Yes,15.0,26,29,432,9,1,High
8548,Medical,West,Afternoon,Sunday,Rainy,Low,Yes,4.0,9,34,249,9,10,High
8549,Accident,East,Evening,Sunday,Cloudy,Medium,Yes,5.0,19,33,152,9,16,High
8550,Accident,West,Evening,Tuesday,Sunny,Low,Yes,6.0,20,19,215,2,12,High
8551,Theft,West,Morning,Saturday,Cloudy,Low,Yes,14.0,5,32,101,5,3,Medium
8552,Accident,Central,Afternoon,Wednesday,Sunny,High,No,23.0,29,17,392,1,4,Low
8553,Fire,Central,Morning,Sunday,Cloudy,High,Yes,3.0,12,30,282,2,7,Medium
8554,Medical,South,Night,Sunday,Cloudy,High,Yes,4.0,6,33,279,3,8,High
8555,Theft,Central,Morning,Monday,Cloudy,Low,Yes,8.0,30,20,348,2,6,Medium
8556,Assault,South,Afternoon,Sunday,Cloudy,Medium,No,21.0,27,10,438,3,11,High
8557,Theft,East,Evening,Friday,Cloudy,High,Yes,8.0,25,11,384,4,9,High
8558,Fire,North,Evening,Tuesday,Rainy,Low,Yes,10.0,8,6,313,2,17,High
8559,Accident,North,Evening,Tuesday,Cloudy,High,Yes,20.0,25,21,131,5,2,Medium
8560,Accident,East,Evening,Friday,Rainy,Medium,No,14.0,13,6,460,8,11,High
8561,Theft,West,Afternoon,Sunday,Cloudy,Low,Yes,12.0,17,27,74,6,12,High
8562,Assault,South,Evening,Wednesday,Cloudy,Low,No,6.0,24,10,449,4,8,High
8563,Accident,Central,Morning,Friday,Sunny,Low,Yes,10.0,27,8,387,8,10,High
8564,Fire,Central,Night,Monday,Cloudy,High,Yes,23.0,12,17,67,7,7,High
8565,Assault,East,Night,Tuesday,Cloudy,High,No,4.0,19,4,5,1,4,Low
8566,Assault,East,Evening,Monday,Cloudy,Low,No,20.0,28,10,19,9,0,High
8567,Theft,Central,Evening,Thursday,Rainy,Medium,Yes,8.0,28,19,393,1,14,High
8568,Medical,Central,Afternoon,Wednesday,Cloudy,High,No,21.0,24,33,263,10,2,High
8569,Accident,North,Afternoon,Thursday,Sunny,Low,Yes,5.0,20,31,142,4,20,High
8570,Fire,West,Morning,Friday,Cloudy,Low,Yes,14.0,26,11,111,10,0,High
8571,Assault,East,Afternoon,Wednesday,Cloudy,High,Yes,11.0,30,20,396,10,16,High
8572,Theft,East,Morning,Thursday,Sunny,Low,No,9.0,13,17,182,7,4,High
8573,Theft,South,Evening,Tuesday,Rainy,High,Yes,15.0,23,9,289,3,11,High
8574,Medical,North,Evening,Saturday,Sunny,Low,Yes,17.0,24,25,146,6,9,High
8575,Theft,North,Night,Tuesday,Rainy,Medium,Yes,19.0,23,14,269,1,6,Medium
8576,Medical,South,Evening,Tuesday,Cloudy,High,Yes,14.0,13,11,434,2,12,High
8577,Theft,Central,Night,Tuesday,Sunny,Low,No,6.0,20,30,414,7,6,High
8578,Medical,Central,Morning,Saturday,Rainy,Medium,No,4.0,24,22,49,2,3,Low
8579,Accident,Central,Morning,Thursday,Cloudy,Medium,Yes,13.0,21,30,463,10,17,High
8580,Theft,West,Afternoon,Tuesday,Rainy,High,Yes,11.0,10,10,159,9,1,High
8581,Fire,Central,Afternoon,Tuesday,Rainy,Low,No,10.0,11,10,221,2,12,High
8582,Medical,Central,Afternoon,Wednesday,Cloudy,Medium,No,20.0,14,20,254,2,18,High
8583,Accident,North,Night,Sunday,Cloudy,Medium,Yes,9.0,8,12,270,5,10,High
8584,Theft,East,Night,Saturday,Rainy,High,Yes,23.0,26,33,150,7,17,High
8585,Fire,West,Morning,Friday,Cloudy,Medium,No,21.0,7,16,59,1,8,Medium
8586,Theft,East,Night,Thursday,Rainy,Low,No,6.0,17,19,203,3,4,Medium
8587,Fire,West,Evening,Sunday,Cloudy,Low,Yes,14.0,15,10,148,8,7,High
8588,Accident,South,Night,Thursday,Cloudy,Low,No,22.0,26,22,496,2,12,High
8589,Accident,Central,Afternoon,Thursday,Cloudy,Low,Yes,18.0,6,9,149,4,20,High
8590,Fire,Central,Morning,Thursday,Rainy,High,Yes,22.0,20,23,381,3,12,High
8591,Fire,North,Evening,Wednesday,Cloudy,High,No,23.0,18,22,211,5,7,High
8592,Theft,East,Night,Thursday,Sunny,Medium,No,22.0,20,33,221,10,20,High
8593,Theft,South,Evening,Tuesday,Sunny,High,Yes,8.0,26,5,10,1,2,Low
8594,Fire,South,Evening,Tuesday,Rainy,Medium,No,19.0,10,27,8,1,19,High
8595,Fire,South,Night,Wednesday,,,No,,8,30,7,8,5,High
8596,Accident,West,Evening,Thursday,Rainy,High,No,21.0,20,8,237,7,19,High
8597,Accident,North,Afternoon,Sunday,Sunny,High,No,20.0,29,14,84,6,16,High
8598,Fire,West,Afternoon,Wednesday,Rainy,High,No,24.0,23,13,266,8,1,High
8599,Fire,East,Night,Friday,Sunny,High,No,7.0,24,32,242,10,14,High
8600,Medical,Central,Evening,Saturday,Sunny,Medium,No,24.0,17,19,212,5,17,High
8601,Medical,South,Morning,Tuesday,Rainy,Low,Yes,19.0,16,17,250,4,5,Medium
8602,Assault,North,Evening,Monday,Rainy,Low,Yes,24.0,11,35,24,7,15,High
8603,Theft,South,Morning,Thursday,Sunny,Low,Yes,11.0,24,6,26,9,12,High
8604,Theft,West,Morning,Tuesday,Sunny,Medium,No,12.0,20,23,145,1,1,Low
8605,Fire,East,Night,Wednesday,Cloudy,Medium,No,9.0,29,16,277,3,19,High
8606,Accident,South,Afternoon,Thursday,Rainy,Low,Yes,8.0,16,33,190,5,17,High
8607,Accident,South,Morning,Tuesday,Cloudy,High,No,21.0,11,21,477,5,7,High
8608,Medical,West,Morning,Tuesday,Cloudy,Medium,Yes,15.0,22,34,296,2,8,Medium
8609,Fire,West,Night,Wednesday,Cloudy,High,Yes,14.0,13,17,348,4,16,High
8610,Medical,West,Night,Thursday,Cloudy,Low,Yes,8.0,28,4,366,10,7,High
8611,Assault,Central,Evening,Tuesday,Rainy,Medium,No,24.0,18,25,88,7,10,High
8612,Theft,North,Evening,Saturday,Rainy,Low,No,20.0,6,31,181,9,0,High
8613,Assault,North,Evening,Friday,Rainy,Medium,No,19.0,26,20,422,6,4,High
8614,Theft,West,Evening,Thursday,Cloudy,High,No,3.0,16,9,295,4,3,Medium
8615,Assault,East,Evening,Saturday,Cloudy,High,Yes,23.0,9,14,126,8,16,High
8616,Theft,East,Afternoon,Tuesday,Sunny,High,Yes,7.0,24,19,422,4,3,Medium
8617,Accident,South,Afternoon,Wednesday,Sunny,Low,No,16.0,30,30,466,6,2,High
8618,Assault,East,Evening,Sunday,Rainy,Low,No,12.0,24,8,174,7,14,High
8619,Assault,North,Afternoon,Wednesday,Sunny,Low,No,12.0,11,25,360,4,3,Medium
8620,Accident,North,Afternoon,Sunday,Cloudy,Low,No,21.0,30,25,94,7,11,High
8621,Fire,East,Morning,Saturday,Sunny,High,No,13.0,26,24,101,10,0,High
8622,Theft,North,Evening,Wednesday,Rainy,Medium,Yes,19.0,5,21,233,7,9,High
8623,Assault,East,Night,Monday,Rainy,Medium,Yes,24.0,7,26,304,4,10,High
8624,Accident,South,Morning,Thursday,Cloudy,Low,Yes,8.0,13,31,98,9,2,High
8625,Theft,East,Night,Tuesday,Cloudy,Low,Yes,14.0,15,13,386,10,18,High
8626,Accident,East,Night,Friday,Rainy,Low,Yes,21.0,19,25,286,5,17,High
8627,Accident,West,Morning,Friday,Cloudy,Medium,No,19.0,22,33,291,9,4,High
8628,Accident,South,Night,Thursday,Cloudy,Medium,No,4.0,9,16,428,10,4,High
8629,Accident,Central,Evening,Monday,,,No,,11,10,497,7,13,High
8630,Medical,Central,Morning,Thursday,Rainy,High,No,20.0,15,9,315,8,12,High
8631,Accident,North,Afternoon,Sunday,Rainy,High,No,3.0,29,17,192,2,4,Medium
8632,Medical,West,Evening,Monday,Sunny,Low,No,19.0,13,23,223,1,15,High
8633,Theft,North,Night,Friday,Cloudy,Low,Yes,21.0,10,34,323,9,20,High
8634,Accident,North,Night,Thursday,Sunny,Medium,No,4.0,9,22,80,10,19,High
8635,Accident,Central,Evening,Monday,Cloudy,Medium,No,24.0,23,10,135,5,18,High
8636,Medical,West,Morning,Tuesday,Sunny,Medium,Yes,4.0,9,9,126,5,9,High
8637,Medical,West,Afternoon,Wednesday,Sunny,Medium,Yes,8.0,12,23,265,5,6,High
8638,Theft,West,Morning,Wednesday,Rainy,High,No,16.0,20,23,108,2,17,High
8639,Accident,West,Evening,Wednesday,Cloudy,Medium,Yes,5.0,12,20,5,10,14,High
8640,Fire,Central,Afternoon,Saturday,Sunny,High,Yes,11.0,21,21,417,7,5,High
8641,Medical,North,Afternoon,Tuesday,Cloudy,High,No,20.0,7,24,147,5,18,High
8642,Theft,North,Night,Saturday,Sunny,High,No,17.0,24,28,113,8,18,High
8643,Fire,South,Afternoon,Saturday,Cloudy,High,No,21.0,23,6,17,9,9,High
8644,Theft,West,Night,Thursday,Cloudy,High,Yes,24.0,29,25,53,4,5,Medium
8645,Medical,North,Evening,Sunday,Cloudy,Low,No,24.0,8,19,442,7,15,High
8646,Medical,South,Night,Tuesday,Sunny,Medium,No,4.0,8,13,79,5,8,High
8647,Theft,West,Evening,Thursday,Sunny,Low,No,14.0,21,33,45,3,4,Medium
8648,Accident,Central,Morning,Friday,Rainy,Medium,Yes,7.0,6,11,371,5,11,High
8649,Theft,West,Evening,Monday,Rainy,Low,Yes,4.0,27,25,352,6,0,Medium
8650,Assault,South,Morning,Friday,Cloudy,Low,Yes,3.0,19,18,131,6,3,High
8651,Accident,Central,Morning,Thursday,Sunny,High,No,15.0,15,21,229,6,8,High
8652,Fire,East,Morning,Thursday,Sunny,Low,No,19.0,6,14,381,5,12,High
8653,Theft,Central,Morning,Sunday,Sunny,High,Yes,24.0,18,6,494,8,4,High
8654,Theft,West,Afternoon,Wednesday,Cloudy,High,Yes,3.0,24,35,162,5,19,High
8655,Theft,West,Evening,Friday,Rainy,Medium,No,12.0,8,8,293,5,9,High
8656,Accident,Central,Night,Wednesday,Rainy,Medium,Yes,24.0,6,30,297,9,15,High
8657,Assault,South,Evening,Monday,Sunny,Medium,Yes,23.0,26,5,433,1,0,Low
8658,Accident,Central,Night,Friday,Sunny,High,Yes,7.0,23,8,271,5,9,High
8659,Assault,North,Afternoon,Friday,Sunny,Low,Yes,3.0,19,11,2,10,18,High
8660,Medical,North,Morning,Friday,Sunny,Medium,Yes,7.0,20,4,115,2,7,Medium
8661,Theft,Central,Evening,Friday,Cloudy,Medium,No,14.0,18,35,251,8,6,High
8662,Assault,Central,Morning,Friday,Cloudy,Medium,Yes,5.0,28,4,282,7,5,High
8663,Medical,West,Night,Tuesday,Sunny,High,No,13.0,11,27,279,4,15,High
8664,Medical,South,Night,Thursday,Cloudy,Low,No,22.0,16,18,199,5,14,High
8665,Assault,West,Morning,Sunday,Sunny,High,No,13.0,19,16,148,8,1,High
8666,Theft,South,Evening,Sunday,Rainy,Low,No,21.0,29,5,357,6,4,High
8667,Accident,Central,Evening,Sunday,Cloudy,Medium,Yes,13.0,22,4,75,2,4,Low
8668,Assault,South,Night,Friday,Rainy,Low,No,14.0,23,29,2,2,11,Medium
8669,Fire,North,Night,Tuesday,Sunny,High,Yes,19.0,17,17,237,7,16,High
8670,Accident,East,Evening,Saturday,Sunny,High,Yes,18.0,29,15,182,7,20,High
8671,Accident,Central,Evening,Sunday,Sunny,Medium,No,11.0,10,9,228,8,9,High
8672,Accident,North,Evening,Sunday,Sunny,High,No,24.0,18,22,133,10,14,High
8673,Fire,West,Night,Tuesday,Rainy,Low,No,19.0,15,16,346,10,10,High
8674,Accident,South,Evening,Friday,Cloudy,Medium,No,25.0,14,20,220,2,19,High
8675,Theft,North,Afternoon,Friday,Rainy,Medium,Yes,19.0,14,28,170,4,15,High
8676,Fire,North,Afternoon,Saturday,Cloudy,High,No,7.0,24,5,455,4,0,Medium
8677,Accident,North,Evening,Thursday,Rainy,High,Yes,14.0,18,14,14,3,19,High
8678,Theft,North,Night,Saturday,Rainy,Medium,No,18.0,13,12,134,2,18,High
8679,Assault,West,Morning,Thursday,Cloudy,High,No,17.0,17,6,220,8,7,High
8680,Accident,Central,Evening,Tuesday,Cloudy,Low,No,7.0,28,15,32,3,4,Medium
8681,Assault,East,Morning,Monday,Cloudy,Low,No,21.0,19,23,193,2,9,Medium
8682,Theft,South,Evening,Thursday,Cloudy,Low,No,10.0,5,8,267,7,3,High
8683,Medical,South,Afternoon,Thursday,Sunny,Low,No,23.0,25,20,445,10,20,High
8684,Fire,North,Afternoon,Saturday,Sunny,Medium,Yes,17.0,30,33,249,8,8,High
8685,Medical,South,Evening,Saturday,Rainy,High,No,7.0,19,12,247,2,1,Low
8686,Theft,West,Night,Wednesday,Sunny,Low,No,15.0,22,34,80,4,16,High
8687,Theft,West,Morning,Saturday,Rainy,Medium,Yes,21.0,8,13,100,9,19,High
8688,Fire,South,Evening,Thursday,Rainy,Medium,Yes,17.0,16,15,108,9,14,High
8689,Accident,East,Morning,Sunday,Sunny,Medium,No,21.0,9,35,476,6,3,High
8690,Accident,West,Afternoon,Wednesday,Cloudy,High,Yes,19.0,29,18,264,6,11,High
8691,Assault,Central,Morning,Tuesday,Cloudy,Low,Yes,5.0,7,11,58,5,18,High
8692,Theft,East,Afternoon,Wednesday,Rainy,Low,No,11.0,10,27,300,6,11,High
8693,Medical,Central,Morning,Friday,Sunny,Medium,No,18.0,7,22,12,3,8,Medium
8694,Fire,North,Night,Thursday,Rainy,Medium,Yes,9.0,14,18,301,8,11,High
8695,Fire,Central,Afternoon,Sunday,Sunny,Low,No,10.0,18,12,174,5,4,Medium
8696,Medical,Central,Evening,Thursday,Cloudy,High,Yes,20.0,6,13,94,1,11,Medium
8697,Theft,Central,Night,Thursday,Cloudy,Low,No,10.0,20,23,407,1,10,Medium
8698,Assault,West,Evening,Friday,Sunny,Medium,Yes,16.0,30,21,356,5,16,High
8699,Fire,North,Afternoon,Tuesday,Cloudy,Medium,Yes,18.0,27,10,268,4,11,High
8700,Accident,West,Afternoon,Thursday,Cloudy,High,Yes,21.0,9,18,489,2,3,Medium
8701,Theft,Central,Afternoon,Tuesday,Rainy,High,Yes,14.0,29,6,119,10,5,High
8702,Fire,North,Morning,Wednesday,Sunny,High,No,23.0,28,4,220,10,15,High
8703,Theft,East,Afternoon,Saturday,Sunny,Medium,No,4.0,23,13,394,2,16,High
8704,Assault,Central,Evening,Tuesday,Sunny,Low,No,7.0,21,21,113,6,2,Medium
8705,Accident,East,Morning,Saturday,Rainy,High,No,16.0,13,20,42,3,12,High
8706,Medical,South,Morning,Monday,Rainy,Medium,No,18.0,21,35,446,3,2,Medium
8707,Assault,East,Afternoon,Friday,Cloudy,High,No,18.0,16,16,412,3,10,High
8708,Fire,North,Morning,Thursday,Cloudy,Low,Yes,5.0,5,31,449,7,17,High
8709,Fire,East,Afternoon,Friday,Sunny,Low,Yes,15.0,27,26,437,9,5,High
8710,Fire,Central,Evening,Saturday,Sunny,Low,Yes,16.0,29,22,279,1,17,High
8711,Accident,Central,Evening,Monday,Sunny,High,No,21.0,12,24,239,5,9,High
8712,Medical,Central,Night,Friday,Rainy,Low,No,18.0,26,31,265,6,15,High
8713,Accident,East,Afternoon,Thursday,Rainy,Low,Yes,22.0,28,17,313,1,18,High
8714,Assault,South,Afternoon,Saturday,Sunny,High,No,18.0,6,35,238,2,20,High
8715,Theft,South,Morning,Wednesday,Cloudy,Low,No,6.0,18,15,298,7,9,High
8716,Accident,Central,Night,Monday,Rainy,Low,No,12.0,11,5,101,8,3,High
8717,Medical,South,Night,Monday,Rainy,High,Yes,10.0,15,9,186,1,0,Low
8718,Fire,South,Afternoon,Tuesday,Cloudy,High,Yes,21.0,29,12,287,1,3,Low
8719,Fire,East,Evening,Sunday,Cloudy,Low,No,14.0,17,23,208,1,10,Medium
8720,Fire,East,Afternoon,Saturday,Sunny,High,Yes,21.0,17,10,446,3,7,Medium
8721,Assault,West,Morning,Wednesday,Sunny,High,No,17.0,12,19,52,7,12,High
8722,Accident,East,Morning,Tuesday,Sunny,Low,No,12.0,24,5,163,5,5,Medium
8723,Fire,Central,Evening,Saturday,Rainy,High,No,14.0,19,25,183,2,7,Medium
8724,Accident,North,Evening,Wednesday,Rainy,Low,No,20.0,25,10,411,10,4,High
8725,Assault,West,Evening,Tuesday,Cloudy,Low,Yes,21.0,12,16,98,6,2,Medium
8726,Medical,North,Evening,Saturday,Rainy,Low,Yes,15.0,7,13,437,6,8,High
8727,Assault,North,Morning,Monday,Sunny,Low,No,8.0,16,25,449,4,4,Medium
8728,Accident,South,Night,Wednesday,Cloudy,Low,No,20.0,12,31,157,6,15,High
8729,Theft,Central,Morning,Friday,Cloudy,Medium,Yes,21.0,26,30,111,3,4,Medium
8730,Assault,North,Evening,Saturday,Sunny,Low,Yes,5.0,9,20,393,6,19,High
8731,Accident,North,Morning,Saturday,Rainy,High,Yes,7.0,25,8,413,5,1,Medium
8732,Theft,Central,Morning,Sunday,Rainy,Medium,Yes,17.0,8,5,136,2,2,Low
8733,Assault,East,Afternoon,Monday,Rainy,High,No,11.0,30,7,456,3,4,Medium
8734,Fire,West,Afternoon,Friday,Rainy,Low,Yes,3.0,26,7,107,4,5,Medium
8735,Medical,North,Morning,Monday,Sunny,Medium,Yes,21.0,15,16,98,8,8,High
8736,Accident,West,Evening,Thursday,Cloudy,High,No,4.0,28,29,424,2,11,High
8737,Theft,West,Night,Sunday,Cloudy,Medium,No,16.0,7,9,100,2,19,High
8738,Theft,Central,Evening,Monday,Rainy,Low,No,23.0,12,31,150,4,1,Medium
8739,Theft,Central,Morning,Monday,,,No,,18,6,330,9,10,High
8740,Assault,West,Afternoon,Thursday,Cloudy,Low,No,7.0,30,5,4,6,6,High
8741,Fire,North,Evening,Thursday,Rainy,High,No,11.0,24,18,427,7,17,High
8742,Medical,West,Afternoon,Saturday,Sunny,Low,No,20.0,12,22,117,7,17,High
8743,Fire,Central,Evening,Tuesday,Sunny,Low,No,25.0,10,27,171,5,0,Medium
8744,Fire,East,Afternoon,Sunday,Cloudy,Medium,No,10.0,28,6,118,5,3,Medium
8745,Assault,West,Afternoon,Friday,Cloudy,Low,No,21.0,5,4,327,3,6,Medium
8746,Fire,North,Morning,Tuesday,Sunny,Medium,No,11.0,10,17,431,3,9,High
8747,Medical,West,Night,Monday,Cloudy,High,No,6.0,19,31,142,4,4,Medium
8748,Medical,Central,Evening,Saturday,Cloudy,Medium,No,3.0,15,34,85,6,4,High
8749,Medical,North,Night,Tuesday,Cloudy,High,Yes,10.0,5,26,83,5,15,High
8750,Fire,Central,Morning,Wednesday,Cloudy,Medium,No,23.0,21,18,488,9,2,High
8751,Medical,Central,Night,Thursday,Sunny,Medium,Yes,16.0,26,34,222,3,14,High
8752,Fire,Central,Afternoon,Wednesday,Rainy,Low,No,21.0,30,35,331,3,14,High
8753,Fire,North,Morning,Friday,Cloudy,Medium,No,25.0,29,17,496,9,11,High
8754,Theft,West,Afternoon,Sunday,Cloudy,High,Yes,15.0,22,4,166,7,15,High
8755,Theft,East,Evening,Saturday,Sunny,High,No,25.0,29,27,260,7,17,High
8756,Assault,Central,Morning,Sunday,Rainy,Low,Yes,24.0,29,8,414,6,14,High
8757,Fire,East,Evening,Friday,Sunny,Low,No,11.0,8,25,129,2,0,Low
8758,Theft,North,Evening,Friday,Sunny,Low,Yes,19.0,23,15,93,1,13,Medium
8759,Accident,West,Evening,Saturday,Cloudy,Low,No,12.0,7,10,231,6,9,High
8760,Medical,North,Evening,Thursday,Rainy,Medium,Yes,5.0,30,27,364,2,9,High
8761,Medical,Central,Evening,Tuesday,Rainy,High,No,17.0,30,13,50,2,17,High
8762,Accident,North,Morning,Thursday,Cloudy,High,No,9.0,16,28,394,10,1,High
8763,Theft,South,Morning,Saturday,Sunny,Medium,No,23.0,21,23,253,1,15,High
8764,Medical,North,Evening,Saturday,Sunny,Medium,No,25.0,5,27,92,4,11,High
8765,Accident,Central,Evening,Sunday,Rainy,Medium,No,16.0,17,12,221,3,18,High
8766,Medical,South,Evening,Thursday,Cloudy,Medium,No,22.0,19,30,95,10,10,High
8767,Theft,South,Morning,Wednesday,Sunny,Medium,No,7.0,18,12,108,1,10,Medium
8768,Fire,North,Evening,Tuesday,Cloudy,Low,Yes,6.0,6,5,124,5,15,High
8769,Assault,South,Night,Thursday,Sunny,Low,No,4.0,28,6,430,1,8,Medium
8770,Theft,South,Afternoon,Friday,Sunny,Low,Yes,3.0,14,27,213,9,19,High
8771,Accident,Central,Afternoon,Monday,Cloudy,Medium,Yes,6.0,22,19,419,4,14,High
8772,Assault,North,Night,Friday,Rainy,Low,No,7.0,18,35,32,8,3,High
8773,Theft,East,Evening,Saturday,Rainy,High,Yes,8.0,13,19,457,3,16,High
8774,Assault,Central,Evening,Friday,Cloudy,Low,Yes,5.0,22,4,138,1,0,Low
8775,Assault,Central,Evening,Saturday,Rainy,Medium,No,14.0,12,20,180,7,19,High
8776,Theft,South,Morning,Tuesday,Sunny,Low,Yes,22.0,18,7,439,2,6,Medium
8777,Assault,South,Night,Saturday,Sunny,Low,Yes,10.0,10,22,323,8,0,High
8778,Medical,East,Morning,Friday,Rainy,High,No,21.0,29,23,206,5,7,High
8779,Medical,East,Morning,Monday,Rainy,Medium,No,13.0,5,13,437,10,7,High
8780,Medical,West,Night,Thursday,Cloudy,High,No,14.0,11,30,445,8,6,High
8781,Assault,East,Morning,Monday,Sunny,Medium,Yes,4.0,10,34,228,2,20,High
8782,Assault,West,Morning,Monday,Sunny,Low,No,9.0,15,10,405,5,16,High
8783,Medical,East,Evening,Thursday,Rainy,High,Yes,14.0,21,31,171,8,13,High
8784,Fire,North,Night,Thursday,Rainy,Medium,No,24.0,15,15,424,9,20,High
8785,Assault,East,Evening,Thursday,Cloudy,Low,Yes,17.0,7,7,437,9,1,High
8786,Assault,West,Morning,Wednesday,Sunny,Low,No,7.0,23,27,143,3,12,High
8787,Medical,West,Night,Saturday,Rainy,Low,Yes,24.0,30,22,77,8,10,High
8788,Accident,North,Morning,Monday,Sunny,Low,No,13.0,12,8,344,7,16,High
8789,Theft,West,Morning,Tuesday,Rainy,Medium,No,16.0,5,27,245,7,6,High
8790,Medical,Central,Night,Saturday,Cloudy,High,No,10.0,18,20,312,6,5,High
8791,Accident,East,Evening,Saturday,Rainy,High,Yes,15.0,7,14,65,2,9,Medium
8792,Fire,East,Night,Monday,Sunny,Medium,Yes,10.0,8,21,35,4,16,High
8793,Medical,East,Night,Monday,Rainy,Low,No,9.0,12,10,111,9,15,High
8794,Accident,South,Morning,Monday,Cloudy,Low,Yes,14.0,14,34,142,1,16,High
8795,Medical,West,Evening,Thursday,Rainy,Medium,Yes,6.0,13,7,420,9,19,High
8796,Assault,East,Evening,Saturday,Sunny,Low,No,5.0,22,14,289,5,9,High
8797,Assault,North,Evening,Thursday,Rainy,High,No,5.0,19,23,155,2,20,High
8798,Theft,North,Night,Thursday,Sunny,Medium,No,9.0,18,29,236,5,5,High
8799,Theft,East,Night,Monday,Sunny,Low,No,17.0,24,20,460,1,5,Medium
8800,Accident,West,Evening,Tuesday,Cloudy,Medium,No,24.0,27,11,137,3,14,High
8801,Theft,North,Morning,Saturday,Sunny,Low,Yes,23.0,10,20,432,2,19,High
8802,Accident,Central,Morning,Sunday,Rainy,Low,No,23.0,16,26,258,10,18,High
8803,Medical,South,Evening,Monday,Rainy,Medium,Yes,5.0,26,13,487,8,7,High
8804,Theft,South,Night,Sunday,Rainy,Low,No,11.0,16,31,38,2,15,High
8805,Fire,North,Night,Saturday,Cloudy,Medium,No,3.0,28,28,206,1,4,Low
8806,Fire,Central,Night,Thursday,Cloudy,High,Yes,6.0,30,20,308,9,14,High
8807,Medical,North,Morning,Monday,Sunny,Low,Yes,19.0,17,32,490,1,18,High
8808,Accident,West,Evening,Monday,Sunny,High,Yes,22.0,5,15,98,1,9,Medium
8809,Theft,East,Evening,Sunday,Sunny,Medium,No,9.0,24,7,416,10,20,High
8810,Theft,Central,Night,Wednesday,Sunny,High,No,24.0,15,27,210,3,18,High
8811,Medical,East,Morning,Wednesday,Cloudy,Medium,Yes,16.0,24,4,468,5,14,High
8812,Accident,West,Morning,Thursday,Sunny,High,Yes,21.0,6,19,296,2,11,Medium
8813,Medical,East,Afternoon,Sunday,Cloudy,High,No,10.0,23,12,281,5,2,Medium
8814,Theft,East,Morning,Tuesday,Sunny,Low,No,16.0,15,8,454,3,15,High
8815,Fire,West,Night,Thursday,Rainy,Medium,No,3.0,17,27,61,4,20,High
8816,Theft,East,Afternoon,Wednesday,Cloudy,Low,Yes,17.0,29,8,295,4,3,Medium
8817,Assault,Central,Afternoon,Tuesday,Sunny,Medium,No,15.0,27,20,68,7,16,High
8818,Accident,East,Morning,Sunday,Rainy,Medium,No,11.0,19,12,382,2,3,Medium
8819,Medical,East,Evening,Friday,Sunny,Medium,Yes,9.0,24,31,205,3,9,High
8820,Medical,Central,Night,Saturday,Sunny,High,No,10.0,8,22,195,2,2,Low
8821,Fire,North,Morning,Sunday,Cloudy,High,Yes,11.0,17,15,467,6,3,High
8822,Fire,West,Night,Thursday,Rainy,Low,No,20.0,24,16,474,8,3,High
8823,Accident,North,Morning,Saturday,Rainy,High,Yes,3.0,19,22,185,9,7,High
8824,Medical,North,Afternoon,Wednesday,Cloudy,Medium,No,11.0,28,31,217,7,8,High
8825,Fire,Central,Night,Monday,Cloudy,High,Yes,23.0,16,6,482,7,8,High
8826,Fire,East,Afternoon,Saturday,Rainy,High,Yes,11.0,19,12,64,4,19,High
8827,Fire,North,Evening,Tuesday,Cloudy,Low,No,22.0,26,29,330,8,3,High
8828,Fire,East,Afternoon,Friday,Sunny,High,Yes,15.0,9,11,200,2,16,High
8829,Accident,Central,Afternoon,Saturday,Sunny,High,Yes,23.0,11,13,311,6,14,High
8830,Medical,Central,Evening,Wednesday,Rainy,Low,No,8.0,23,29,303,6,8,High
8831,Medical,West,Morning,Sunday,Cloudy,Medium,No,3.0,20,10,383,3,12,High
8832,Fire,Central,Morning,Friday,Cloudy,High,No,13.0,7,16,398,3,17,High
8833,Medical,East,Afternoon,Saturday,Rainy,Low,No,23.0,11,21,123,2,14,High
8834,Assault,West,Morning,Tuesday,Rainy,Medium,Yes,18.0,26,15,152,9,19,High
8835,Theft,West,Night,Thursday,Rainy,Medium,No,10.0,9,28,145,10,17,High
8836,Medical,East,Night,Thursday,Rainy,High,No,22.0,14,29,442,9,15,High
8837,Medical,North,Night,Monday,Cloudy,Medium,No,14.0,22,13,137,4,1,Medium
8838,Accident,Central,Evening,Thursday,Sunny,Medium,No,7.0,19,17,107,9,5,High
8839,Theft,North,Night,Saturday,Rainy,High,No,23.0,14,6,449,6,7,High
8840,Assault,South,Night,Monday,Cloudy,Medium,No,24.0,26,4,293,8,19,High
8841,Theft,South,Morning,Sunday,Cloudy,Medium,No,17.0,16,6,140,4,16,High
8842,Assault,Central,Evening,Monday,Rainy,Low,No,12.0,10,8,292,6,1,Medium
8843,Medical,North,Afternoon,Thursday,Sunny,Medium,No,3.0,21,33,255,8,4,High
8844,Medical,Central,Afternoon,Monday,Rainy,Low,Yes,22.0,26,18,344,6,12,High
8845,Accident,South,Night,Saturday,Cloudy,High,Yes,19.0,27,14,296,10,10,High
8846,Assault,East,Afternoon,Thursday,Sunny,Medium,Yes,4.0,6,5,275,1,7,Medium
8847,Assault,South,Night,Sunday,Rainy,Medium,Yes,22.0,6,19,242,3,12,High
8848,Accident,West,Evening,Saturday,Cloudy,Low,No,17.0,22,25,418,4,4,Medium
8849,Fire,South,Night,Monday,Sunny,Low,No,17.0,11,5,249,3,14,High
8850,Theft,West,Afternoon,Sunday,Cloudy,High,Yes,17.0,16,26,20,6,16,High
8851,Assault,North,Night,Wednesday,Cloudy,Medium,No,5.0,26,35,386,1,10,Medium
8852,Accident,North,Night,Tuesday,Sunny,High,Yes,19.0,8,8,111,3,3,Medium
8853,Medical,South,Afternoon,Thursday,Rainy,Low,No,14.0,29,30,374,10,14,High
8854,Assault,South,Evening,Friday,Rainy,Medium,No,21.0,22,32,382,6,13,High
8855,Fire,North,Evening,Friday,Sunny,High,No,7.0,11,7,410,8,4,High
8856,Fire,North,Afternoon,Wednesday,Rainy,High,Yes,18.0,18,7,184,1,13,Medium
8857,Medical,North,Morning,Monday,Cloudy,High,No,7.0,10,32,126,4,2,Medium
8858,Assault,West,Afternoon,Sunday,Cloudy,High,Yes,11.0,14,6,103,1,9,Medium
8859,Accident,Central,Night,Friday,Cloudy,Medium,No,15.0,15,18,179,5,6,High
8860,Accident,North,Evening,Tuesday,Rainy,High,No,20.0,23,4,348,9,6,High
8861,Accident,North,Night,Monday,Sunny,High,Yes,15.0,16,30,406,7,15,High
8862,Theft,West,Afternoon,Friday,Sunny,Medium,No,12.0,29,6,126,1,14,High
8863,Fire,South,Afternoon,Thursday,Cloudy,Medium,No,4.0,12,10,358,9,8,High
8864,Theft,West,Night,Wednesday,Rainy,Medium,No,8.0,30,24,283,3,8,High
8865,Medical,North,Morning,Thursday,Rainy,Medium,No,25.0,13,30,276,6,16,High
8866,Accident,East,Night,Sunday,Cloudy,Medium,Yes,4.0,16,14,194,4,16,High
8867,Fire,West,Night,Monday,Rainy,Medium,No,23.0,14,27,24,8,12,High
8868,Assault,East,Afternoon,Thursday,Cloudy,Medium,Yes,23.0,26,29,72,4,5,Medium
8869,Fire,West,Night,Tuesday,Rainy,Low,No,16.0,9,10,349,10,14,High
8870,Assault,Central,Night,Thursday,Rainy,High,Yes,21.0,29,10,2,8,10,High
8871,Fire,Central,Afternoon,Wednesday,Rainy,Low,No,10.0,11,12,93,5,17,High
8872,Medical,South,Morning,Saturday,Rainy,Low,No,5.0,23,9,241,4,3,Medium
8873,Fire,North,Morning,Sunday,Sunny,Low,No,22.0,18,15,153,6,0,Medium
8874,Theft,South,Night,Friday,Sunny,Medium,Yes,16.0,16,25,471,9,5,High
8875,Assault,South,Night,Monday,Cloudy,Low,Yes,18.0,8,23,465,10,10,High
8876,Theft,Central,Night,Wednesday,Sunny,Low,No,8.0,25,33,424,6,11,High
8877,Fire,Central,Night,Saturday,Rainy,High,Yes,10.0,11,17,78,8,15,High
8878,Fire,West,Evening,Saturday,Cloudy,High,No,6.0,21,19,491,2,7,Medium
8879,Assault,East,Evening,Tuesday,Rainy,Medium,No,19.0,12,9,440,3,14,High
8880,Theft,South,Night,Wednesday,Sunny,Medium,No,20.0,27,7,132,2,3,Low
8881,Fire,South,Night,Wednesday,Rainy,Low,Yes,18.0,8,23,51,2,13,Medium
8882,Medical,East,Evening,Tuesday,Sunny,Medium,No,17.0,15,30,163,10,19,High
8883,Accident,South,Evening,Friday,Rainy,Medium,Yes,8.0,13,21,472,8,3,High
8884,Theft,Central,Night,Friday,Rainy,High,Yes,20.0,25,31,367,1,18,High
8885,Fire,Central,Morning,Monday,Sunny,High,Yes,21.0,10,23,289,9,6,High
8886,Medical,Central,Night,Thursday,Rainy,High,No,25.0,11,13,82,7,18,High
8887,Accident,West,Evening,Tuesday,Sunny,High,No,13.0,5,18,64,4,7,Medium
8888,Medical,Central,Night,Tuesday,Sunny,Medium,Yes,9.0,23,32,421,1,20,High
8889,Assault,South,Morning,Sunday,Cloudy,High,Yes,22.0,21,29,149,8,3,High
8890,Fire,North,Afternoon,Wednesday,Cloudy,Medium,No,16.0,26,16,244,7,9,High
8891,Assault,Central,Morning,Saturday,Rainy,Medium,Yes,7.0,30,35,395,8,1,High
8892,Accident,South,Morning,Thursday,Cloudy,Low,Yes,9.0,22,17,287,5,1,Medium
8893,Assault,West,Afternoon,Monday,Cloudy,Low,No,15.0,13,8,379,6,11,High
8894,Fire,South,Night,Tuesday,Sunny,Low,Yes,8.0,8,5,61,10,4,High
8895,Fire,Central,Night,Saturday,Rainy,Low,Yes,20.0,6,30,412,4,16,High
8896,Fire,West,Night,Thursday,Rainy,Medium,No,6.0,25,14,61,4,18,High
8897,Accident,West,Night,Saturday,Cloudy,Low,No,9.0,20,17,478,4,17,High
8898,Medical,East,Afternoon,Monday,,,No,,24,10,274,7,19,High
8899,Medical,West,Afternoon,Friday,Sunny,High,Yes,22.0,23,16,403,10,10,High
8900,Assault,South,Evening,Friday,Cloudy,Medium,Yes,14.0,28,20,458,4,17,High
8901,Assault,North,Night,Friday,,,Yes,,29,26,64,2,8,Medium
8902,Theft,Central,Morning,Friday,Sunny,Medium,Yes,3.0,9,6,302,9,20,High
8903,Theft,Central,Morning,Monday,Sunny,Medium,Yes,21.0,13,17,332,8,4,High
8904,Fire,South,Night,Monday,Rainy,Low,No,10.0,20,34,351,6,15,High
8905,Fire,North,Afternoon,Tuesday,Rainy,Medium,No,12.0,12,15,302,2,16,High
8906,Assault,West,Night,Saturday,Sunny,Low,Yes,10.0,20,14,278,1,3,Low
8907,Accident,North,Afternoon,Monday,Rainy,Medium,Yes,16.0,30,29,33,6,7,High
8908,Assault,South,Morning,Friday,Cloudy,Medium,No,11.0,12,22,117,4,17,High
8909,Fire,Central,Afternoon,Thursday,Cloudy,High,No,12.0,6,28,57,7,5,High
8910,Assault,Central,Afternoon,Tuesday,Sunny,High,Yes,18.0,26,35,27,5,8,High
8911,Assault,Central,Evening,Friday,Cloudy,Medium,No,6.0,21,21,354,9,9,High
8912,Accident,South,Night,Friday,Sunny,Low,Yes,23.0,21,30,106,2,12,Medium
8913,Accident,South,Morning,Wednesday,Rainy,Low,No,24.0,7,4,248,2,6,Medium
8914,Fire,East,Afternoon,Friday,Cloudy,High,Yes,5.0,30,12,379,9,6,High
8915,Accident,North,Afternoon,Monday,Sunny,High,No,15.0,25,30,131,7,15,High
8916,Medical,East,Evening,Saturday,Cloudy,High,No,18.0,11,5,231,1,20,High
8917,Medical,North,Night,Monday,Rainy,High,Yes,11.0,11,31,322,8,3,High
8918,Accident,West,Afternoon,Thursday,Rainy,Low,Yes,15.0,14,22,30,3,9,Medium
8919,Accident,West,Evening,Friday,Sunny,Medium,No,16.0,17,18,249,10,9,High
8920,Medical,West,Afternoon,Monday,Cloudy,Low,Yes,17.0,10,23,84,6,0,Medium
8921,Fire,South,Morning,Saturday,Sunny,Medium,Yes,23.0,22,9,104,5,7,Medium
8922,Assault,East,Morning,Tuesday,Rainy,High,No,15.0,15,5,196,8,4,High
8923,Fire,East,Night,Tuesday,Sunny,High,Yes,21.0,19,14,374,1,12,Medium
8924,Accident,South,Night,Tuesday,Rainy,Low,No,17.0,10,28,56,3,1,Low
8925,Assault,North,Night,Wednesday,Sunny,Medium,No,16.0,13,33,395,1,19,High
8926,Medical,North,Evening,Thursday,Sunny,High,Yes,16.0,24,23,410,4,8,High
8927,Theft,Central,Night,Thursday,Sunny,Low,Yes,5.0,20,33,256,9,16,High
8928,Accident,North,Evening,Sunday,Sunny,High,Yes,7.0,30,17,228,4,6,Medium
8929,Fire,East,Morning,Friday,Cloudy,Medium,Yes,12.0,27,19,405,6,9,High
8930,Assault,Central,Afternoon,Thursday,Sunny,High,No,6.0,18,13,265,3,6,Medium
8931,Assault,North,Morning,Thursday,Sunny,High,Yes,8.0,7,18,474,6,1,High
8932,Assault,East,Evening,Friday,Cloudy,High,Yes,11.0,25,12,376,2,15,High
8933,Accident,Central,Evening,Tuesday,Rainy,Low,No,25.0,22,19,381,7,17,High
8934,Accident,West,Evening,Thursday,Rainy,Low,Yes,6.0,22,24,150,1,2,Low
8935,Accident,West,Morning,Friday,Sunny,Medium,No,19.0,21,19,458,9,5,High
8936,Fire,East,Afternoon,Wednesday,Sunny,Medium,Yes,24.0,17,16,129,6,11,High
8937,Theft,East,Night,Tuesday,Rainy,Low,No,8.0,17,10,296,6,17,High
8938,Theft,South,Night,Wednesday,Sunny,High,No,9.0,25,28,281,7,1,High
8939,Fire,South,Evening,Tuesday,Cloudy,Low,Yes,9.0,20,16,163,4,20,High
8940,Medical,East,Evening,Friday,Sunny,Medium,Yes,18.0,18,29,496,1,8,Medium
8941,Medical,East,Afternoon,Tuesday,Sunny,Medium,Yes,10.0,6,6,387,9,14,High
8942,Theft,East,Afternoon,Tuesday,Cloudy,Medium,No,11.0,25,30,131,2,10,Medium
8943,Accident,West,Night,Thursday,Sunny,Medium,No,23.0,17,35,53,6,18,High
8944,Theft,North,Morning,Thursday,Sunny,Low,Yes,8.0,29,11,31,9,8,High
8945,Assault,South,Night,Friday,Cloudy,Low,Yes,19.0,18,17,397,4,11,High
8946,Accident,Central,Evening,Tuesday,Rainy,Medium,No,22.0,6,23,362,5,16,High
8947,Assault,Central,Morning,Wednesday,Cloudy,High,Yes,4.0,26,13,188,5,14,High
8948,Assault,South,Afternoon,Wednesday,Rainy,Low,No,11.0,8,13,23,5,11,High
8949,Assault,West,Afternoon,Tuesday,Rainy,Low,Yes,14.0,11,22,360,7,6,High
8950,Theft,West,Morning,Tuesday,Rainy,Medium,No,24.0,24,28,263,9,4,High
8951,Assault,Central,Evening,Saturday,Cloudy,Low,Yes,12.0,12,24,308,7,19,High
8952,Fire,East,Night,Thursday,Rainy,High,No,13.0,24,23,153,10,14,High
8953,Assault,South,Afternoon,Monday,Cloudy,High,Yes,24.0,16,15,234,4,2,Medium
8954,Theft,North,Afternoon,Wednesday,Cloudy,Medium,No,17.0,9,33,71,7,15,High
8955,Fire,West,Evening,Monday,Rainy,High,Yes,8.0,18,35,359,8,2,High
8956,Medical,North,Morning,Thursday,Cloudy,Low,Yes,3.0,20,20,61,4,8,High
8957,Fire,South,Morning,Friday,Sunny,High,No,8.0,26,10,75,7,1,Medium
8958,Medical,South,Morning,Thursday,Rainy,Medium,Yes,19.0,22,25,82,2,0,Low
8959,Fire,North,Afternoon,Saturday,Rainy,Low,No,9.0,17,27,357,4,11,High
8960,Theft,South,Morning,Saturday,Rainy,Medium,No,10.0,18,22,252,6,4,High
8961,Accident,East,Evening,Saturday,Rainy,High,Yes,6.0,23,32,317,1,19,High
8962,Medical,North,Evening,Saturday,Rainy,Medium,Yes,23.0,18,18,251,5,12,High
8963,Medical,North,Evening,Tuesday,Rainy,Low,Yes,15.0,11,27,171,10,5,High
8964,Theft,South,Morning,Tuesday,Sunny,Medium,Yes,18.0,17,28,179,8,14,High
8965,Fire,North,Evening,Tuesday,Sunny,Medium,No,15.0,19,35,304,2,10,Medium
8966,Medical,North,Evening,Saturday,Rainy,Medium,Yes,4.0,17,13,307,9,6,High
8967,Medical,South,Evening,Tuesday,Cloudy,Low,Yes,20.0,28,26,37,9,5,High
8968,Assault,North,Afternoon,Wednesday,Rainy,Low,No,6.0,27,14,444,3,9,High
8969,Theft,South,Afternoon,Thursday,Rainy,Medium,No,13.0,21,6,184,9,19,High
8970,Theft,Central,Night,Saturday,Rainy,High,No,20.0,13,34,494,4,18,High
8971,Accident,South,Night,Friday,Cloudy,Low,No,8.0,27,27,109,6,3,Medium
8972,Theft,North,Afternoon,Saturday,Sunny,Medium,No,12.0,21,4,93,7,11,High
8973,Medical,West,Night,Friday,Rainy,Low,Yes,3.0,14,9,466,9,15,High
8974,Accident,Central,Night,Tuesday,Sunny,High,Yes,19.0,5,28,257,8,2,High
8975,Fire,South,Evening,Saturday,Sunny,Low,No,13.0,26,32,339,5,7,High
8976,Assault,West,Afternoon,Saturday,Rainy,High,No,11.0,7,26,411,6,4,High
8977,Fire,West,Night,Wednesday,Cloudy,High,Yes,21.0,30,13,476,4,0,Medium
8978,Accident,Central,Afternoon,Tuesday,Cloudy,High,No,6.0,29,21,460,4,16,High
8979,Accident,South,Afternoon,Thursday,Cloudy,High,No,6.0,21,7,231,6,19,High
8980,Medical,South,Evening,Saturday,Rainy,Medium,No,7.0,10,27,495,2,5,Medium
8981,Theft,North,Evening,Sunday,Cloudy,High,No,16.0,8,22,7,1,11,Medium
8982,Accident,West,Evening,Saturday,Cloudy,Medium,Yes,13.0,19,8,297,9,12,High
8983,Fire,North,Night,Thursday,Cloudy,Low,No,10.0,5,11,304,9,12,High
8984,Assault,West,Afternoon,Thursday,Sunny,Low,Yes,23.0,17,17,498,2,4,Medium
8985,Theft,Central,Evening,Sunday,Sunny,Medium,No,14.0,5,35,16,5,16,High
8986,Theft,North,Afternoon,Thursday,Cloudy,Medium,No,24.0,26,29,175,8,2,High
8987,Medical,South,Morning,Sunday,Sunny,Medium,Yes,21.0,18,9,113,4,20,High
8988,Theft,South,Morning,Sunday,Cloudy,Medium,No,17.0,24,30,125,9,13,High
8989,Theft,East,Morning,Friday,Sunny,High,No,22.0,11,14,252,10,0,High
8990,Theft,West,Evening,Sunday,Sunny,Low,No,18.0,27,7,401,4,19,High
8991,Theft,East,Evening,Tuesday,Cloudy,Low,Yes,10.0,13,15,491,3,5,Medium
8992,Accident,West,Morning,Wednesday,Rainy,High,No,7.0,11,30,67,8,18,High
8993,Assault,North,Evening,Tuesday,Sunny,Medium,Yes,22.0,10,13,372,7,8,High
8994,Medical,West,Morning,Tuesday,Rainy,Low,Yes,4.0,8,20,374,6,8,High
8995,Assault,North,Night,Thursday,Sunny,High,Yes,9.0,18,12,13,10,10,High
8996,Medical,West,Evening,Friday,Rainy,High,No,23.0,23,7,106,6,16,High
8997,Theft,East,Morning,Saturday,Rainy,Low,No,21.0,9,23,200,10,4,High
8998,Accident,North,Night,Saturday,Rainy,High,Yes,5.0,21,32,202,6,2,Medium
8999,Theft,East,Night,Tuesday,Rainy,Medium,Yes,14.0,11,5,435,2,11,High
9000,Theft,Central,Afternoon,Sunday,Cloudy,Medium,Yes,23.0,20,6,384,6,0,Medium
9001,Theft,North,Morning,Saturday,Cloudy,Medium,No,19.0,18,28,437,6,1,Medium
9002,Medical,Central,Morning,Sunday,Rainy,Low,No,23.0,30,16,146,1,20,High
9003,Fire,North,Afternoon,Saturday,Rainy,Low,No,19.0,15,11,86,5,2,Medium
9004,Assault,East,Afternoon,Thursday,Cloudy,Medium,Yes,9.0,17,25,385,6,7,High
9005,Accident,South,Afternoon,Wednesday,Cloudy,High,Yes,12.0,9,24,229,1,11,Medium
9006,Medical,Central,Morning,Sunday,Cloudy,High,No,5.0,15,29,399,3,8,High
9007,Assault,South,Evening,Monday,Cloudy,High,Yes,16.0,5,5,283,3,10,High
9008,Theft,North,Evening,Monday,Cloudy,High,Yes,24.0,30,25,456,9,0,High
9009,Accident,North,Evening,Monday,Sunny,High,No,5.0,29,22,492,10,6,High
9010,Accident,Central,Evening,Thursday,Cloudy,Medium,Yes,7.0,21,13,361,9,4,High
9011,Theft,Central,Evening,Thursday,Sunny,Medium,Yes,23.0,6,32,289,3,17,High
9012,Fire,East,Evening,Saturday,Cloudy,Low,Yes,23.0,27,28,431,9,11,High
9013,Theft,Central,Night,Tuesday,Rainy,Medium,No,16.0,7,6,475,7,12,High
9014,Accident,East,Night,Saturday,,,No,,9,10,75,6,3,Medium
9015,Medical,East,Night,Thursday,,,Yes,,15,31,341,5,0,Medium
9016,Medical,South,Night,Monday,Sunny,Medium,No,12.0,10,14,319,7,3,High
9017,Medical,South,Morning,Monday,Sunny,High,Yes,13.0,28,25,411,7,14,High
9018,Fire,South,Night,Wednesday,Cloudy,Medium,Yes,20.0,24,19,99,3,8,Medium
9019,Assault,West,Morning,Friday,Cloudy,High,Yes,13.0,24,9,280,2,13,High
9020,Fire,North,Afternoon,Monday,Cloudy,Low,No,15.0,18,11,308,8,9,High
9021,Accident,North,Night,Wednesday,Rainy,Low,Yes,8.0,7,16,75,7,20,High
9022,Theft,South,Morning,Tuesday,Cloudy,Low,Yes,18.0,17,4,192,10,17,High
9023,Medical,South,Afternoon,Thursday,Sunny,Medium,Yes,14.0,8,27,240,6,2,Medium
9024,Medical,Central,Night,Wednesday,Rainy,Medium,Yes,20.0,18,17,428,4,7,High
9025,Fire,East,Night,Tuesday,Sunny,Medium,Yes,18.0,11,11,260,4,10,High
9026,Fire,West,Evening,Friday,Sunny,Medium,No,21.0,30,4,99,6,7,High
9027,Theft,North,Morning,Thursday,Sunny,High,Yes,10.0,20,16,11,6,18,High
9028,Theft,North,Afternoon,Sunday,Sunny,High,Yes,24.0,9,4,251,8,4,High
9029,Accident,West,Afternoon,Sunday,Cloudy,High,No,3.0,11,33,43,2,2,Low
9030,Assault,North,Afternoon,Saturday,Sunny,Medium,Yes,16.0,25,22,360,7,9,High
9031,Accident,Central,Night,Saturday,Sunny,Medium,Yes,3.0,10,19,216,1,3,Low
9032,Theft,South,Afternoon,Monday,Rainy,High,Yes,25.0,22,17,384,7,8,High
9033,Theft,North,Afternoon,Wednesday,Sunny,Medium,Yes,19.0,20,11,485,3,10,High
9034,Assault,North,Night,Saturday,Sunny,Medium,Yes,6.0,9,12,423,7,20,High
9035,Accident,East,Afternoon,Tuesday,Sunny,Low,No,16.0,13,9,161,5,17,High
9036,Theft,West,Night,Tuesday,Rainy,Medium,Yes,9.0,12,16,287,3,14,High
9037,Accident,North,Afternoon,Tuesday,Sunny,Medium,No,17.0,13,28,256,5,8,High
9038,Accident,South,Afternoon,Wednesday,Cloudy,High,No,7.0,8,14,356,5,2,Medium
9039,Theft,North,Evening,Monday,Sunny,Low,No,4.0,26,30,474,7,2,High
9040,Fire,East,Night,Friday,Sunny,Low,Yes,25.0,8,12,219,8,18,High
9041,Medical,North,Night,Tuesday,Sunny,Medium,Yes,15.0,19,27,101,4,3,Medium
9042,Theft,East,Afternoon,Saturday,Sunny,Medium,No,15.0,19,25,488,10,16,High
9043,Accident,East,Evening,Friday,Sunny,High,No,18.0,26,32,185,9,10,High
9044,Theft,East,Night,Thursday,Sunny,High,No,5.0,20,14,344,1,14,High
9045,Theft,East,Morning,Saturday,Rainy,High,No,14.0,13,16,234,3,19,High
9046,Assault,North,Evening,Friday,Sunny,High,No,5.0,5,13,404,9,14,High
9047,Accident,Central,Evening,Monday,Sunny,Low,No,18.0,20,20,53,5,3,Medium
9048,Theft,North,Morning,Saturday,Cloudy,Low,Yes,17.0,15,11,211,2,1,Low
9049,Theft,South,Evening,Saturday,Rainy,Low,Yes,9.0,25,32,381,3,17,High
9050,Assault,South,Morning,Wednesday,Sunny,High,No,10.0,30,27,473,3,17,High
9051,Theft,West,Evening,Friday,Cloudy,Medium,Yes,11.0,7,18,30,1,10,Medium
9052,Fire,South,Afternoon,Thursday,Sunny,High,Yes,4.0,8,12,24,3,11,High
9053,Assault,West,Morning,Tuesday,Cloudy,Medium,Yes,4.0,29,23,12,3,19,High
9054,Theft,West,Morning,Thursday,Sunny,Medium,No,14.0,17,34,436,2,2,Medium
9055,Assault,East,Night,Sunday,Rainy,Low,Yes,11.0,16,28,67,9,2,High
9056,Medical,West,Morning,Saturday,Sunny,Medium,No,19.0,18,10,63,7,11,High
9057,Assault,Central,Night,Sunday,Rainy,Medium,No,23.0,7,16,255,2,12,High
9058,Assault,Central,Night,Saturday,Sunny,Medium,No,22.0,20,17,396,10,11,High
9059,Fire,Central,Morning,Monday,Rainy,High,Yes,18.0,24,28,62,10,3,High
9060,Accident,North,Afternoon,Saturday,,,No,,21,18,363,4,17,High
9061,Medical,South,Night,Tuesday,Sunny,Low,Yes,20.0,5,28,210,3,6,Medium
9062,Fire,East,Evening,Sunday,Sunny,Medium,No,18.0,19,23,234,9,7,High
9063,Theft,West,Afternoon,Thursday,Cloudy,Low,Yes,18.0,21,20,264,5,0,Medium
9064,Medical,Central,Night,Sunday,Sunny,Low,No,15.0,14,18,239,6,19,High
9065,Accident,East,Afternoon,Friday,Rainy,Low,Yes,12.0,27,29,83,7,5,High
9066,Theft,North,Evening,Monday,Sunny,High,No,9.0,5,21,52,4,20,High
9067,Accident,Central,Evening,Tuesday,Rainy,High,No,9.0,15,5,213,9,19,High
9068,Fire,South,Morning,Tuesday,Rainy,High,Yes,8.0,19,6,121,1,11,Medium
9069,Medical,East,Afternoon,Wednesday,Cloudy,Low,Yes,15.0,12,19,196,4,4,Medium
9070,Theft,South,Evening,Sunday,Sunny,Medium,Yes,22.0,16,21,1,1,17,High
9071,Theft,Central,Evening,Monday,Sunny,Low,Yes,25.0,21,9,261,3,18,High
9072,Medical,East,Morning,Monday,Rainy,Low,Yes,15.0,15,33,478,10,15,High
9073,Theft,West,Morning,Friday,Rainy,High,Yes,5.0,29,9,301,2,15,High
9074,Accident,West,Night,Saturday,,,No,,15,25,435,3,7,Medium
9075,Fire,East,Evening,Thursday,Sunny,High,No,4.0,27,28,247,7,10,High
9076,Assault,West,Night,Wednesday,Rainy,Medium,Yes,18.0,13,7,153,5,5,Medium
9077,Theft,Central,Evening,Sunday,Sunny,High,Yes,6.0,23,14,461,1,12,High
9078,Assault,West,Afternoon,Saturday,Cloudy,High,No,25.0,12,35,76,3,1,Low
9079,Theft,South,Afternoon,Tuesday,Cloudy,Low,Yes,19.0,14,28,300,3,2,Medium
9080,Accident,North,Night,Sunday,Rainy,Low,No,24.0,28,10,381,5,11,High
9081,Assault,South,Morning,Thursday,Rainy,High,No,8.0,17,28,85,1,19,High
9082,Accident,South,Morning,Saturday,Cloudy,Medium,No,18.0,29,20,158,1,6,Low
9083,Medical,North,Morning,Saturday,Cloudy,High,No,21.0,19,13,70,5,7,Medium
9084,Accident,South,Morning,Monday,Rainy,High,No,8.0,21,20,420,1,10,Medium
9085,Medical,North,Afternoon,Friday,Cloudy,Low,Yes,5.0,26,20,234,1,19,High
9086,Accident,North,Evening,Friday,Sunny,High,No,15.0,6,23,375,1,16,High
9087,Accident,Central,Night,Saturday,Cloudy,Medium,No,20.0,7,8,438,1,18,High
9088,Medical,West,Evening,Sunday,Sunny,Low,Yes,17.0,8,24,109,6,7,High
9089,Accident,North,Evening,Friday,Rainy,High,No,5.0,8,15,107,5,8,High
9090,Medical,South,Morning,Saturday,Sunny,High,Yes,8.0,23,20,406,1,4,Medium
9091,Medical,West,Evening,Saturday,Sunny,High,No,19.0,19,14,378,1,9,Medium
9092,Theft,South,Morning,Friday,,,Yes,,17,12,354,4,11,High
9093,Medical,North,Night,Sunday,Rainy,High,No,18.0,8,32,438,9,1,High
9094,Accident,South,Evening,Monday,Sunny,High,No,9.0,10,16,37,5,15,High
9095,Accident,North,Night,Tuesday,Cloudy,High,No,23.0,15,30,225,2,10,Medium
9096,Theft,Central,Evening,Sunday,Cloudy,Low,No,4.0,25,31,206,3,4,Medium
9097,Medical,East,Night,Saturday,Cloudy,High,Yes,3.0,29,26,192,9,5,High
9098,Accident,East,Night,Friday,Cloudy,Medium,Yes,5.0,26,12,176,9,9,High
9099,Fire,East,Afternoon,Wednesday,Sunny,Low,No,25.0,5,33,10,1,10,Medium
9100,Assault,Central,Night,Friday,Rainy,High,Yes,22.0,9,25,496,5,8,High
9101,Accident,South,Afternoon,Sunday,Cloudy,Low,No,3.0,6,17,287,3,12,High
9102,Assault,East,Morning,Thursday,Rainy,High,No,15.0,27,35,67,7,8,High
9103,Theft,North,Night,Tuesday,Cloudy,Medium,No,5.0,20,13,1,4,7,Medium
9104,Theft,West,Night,Monday,Sunny,Low,No,24.0,23,28,35,3,13,High
9105,Assault,West,Night,Thursday,Rainy,Low,No,9.0,29,16,359,1,17,High
9106,Medical,Central,Afternoon,Saturday,Rainy,Low,Yes,13.0,27,25,260,1,19,High
9107,Accident,South,Night,Thursday,Cloudy,High,No,13.0,22,21,170,4,20,High
9108,Accident,West,Morning,Wednesday,Cloudy,Low,Yes,17.0,14,4,147,4,3,Medium
9109,Medical,Central,Night,Monday,,,Yes,,27,26,357,3,3,Medium
9110,Assault,Central,Morning,Monday,Cloudy,High,No,3.0,27,20,459,1,17,High
9111,Accident,Central,Evening,Monday,Cloudy,High,No,9.0,11,21,221,6,15,High
9112,Accident,West,Night,Friday,Sunny,High,No,13.0,27,14,397,2,14,High
9113,Medical,East,Night,Sunday,,,No,,15,15,78,1,0,Low
9114,Fire,East,Night,Thursday,Sunny,Medium,No,20.0,18,11,152,3,10,Medium
9115,Theft,East,Afternoon,Wednesday,Sunny,High,Yes,8.0,21,4,1,1,3,Low
9116,Assault,West,Night,Sunday,Sunny,Low,No,20.0,21,4,184,5,6,Medium
9117,Accident,South,Afternoon,Tuesday,Sunny,Low,Yes,3.0,17,24,120,4,18,High
9118,Fire,West,Morning,Saturday,Rainy,High,Yes,5.0,9,18,472,3,10,High
9119,Fire,West,Afternoon,Monday,Rainy,Medium,Yes,8.0,10,21,108,1,1,Low
9120,Medical,North,Evening,Thursday,Cloudy,High,No,5.0,21,5,452,3,8,High
9121,Medical,North,Afternoon,Monday,Sunny,High,No,10.0,16,13,183,2,4,Medium
9122,Assault,Central,Afternoon,Monday,Rainy,Low,Yes,4.0,7,32,271,4,15,High
9123,Medical,South,Afternoon,Tuesday,Rainy,Low,No,22.0,30,9,275,8,8,High
9124,Theft,West,Afternoon,Sunday,Cloudy,Medium,Yes,10.0,16,26,182,5,19,High
9125,Fire,North,Morning,Sunday,Sunny,Low,Yes,18.0,18,17,137,1,20,High
9126,Fire,West,Night,Friday,Cloudy,Medium,No,11.0,27,21,64,6,8,High
9127,Medical,West,Night,Wednesday,Rainy,Low,No,7.0,19,17,16,2,3,Low
9128,Accident,North,Morning,Sunday,Cloudy,Medium,Yes,14.0,28,5,282,8,16,High
9129,Medical,North,Night,Tuesday,Cloudy,Medium,Yes,5.0,16,5,113,2,20,High
9130,Medical,South,Afternoon,Tuesday,Sunny,Medium,Yes,5.0,10,34,243,10,9,High
9131,Medical,West,Morning,Saturday,Sunny,High,Yes,25.0,11,6,85,4,4,Medium
9132,Accident,South,Afternoon,Thursday,Rainy,High,Yes,6.0,12,16,282,7,4,High
9133,Assault,North,Morning,Thursday,Rainy,Low,No,7.0,11,15,369,7,4,High
9134,Accident,South,Afternoon,Thursday,Cloudy,Low,No,18.0,25,14,397,4,18,High
9135,Fire,South,Night,Thursday,Rainy,High,No,4.0,20,25,81,7,19,High
9136,Fire,Central,Afternoon,Wednesday,Rainy,High,No,25.0,17,25,145,2,7,Medium
9137,Theft,East,Evening,Thursday,Rainy,Medium,No,19.0,22,22,103,1,4,Low
9138,Assault,West,Afternoon,Sunday,Sunny,High,No,20.0,25,19,359,10,9,High
9139,Theft,West,Evening,Thursday,Cloudy,Low,Yes,25.0,9,11,207,6,3,Medium
9140,Fire,West,Afternoon,Sunday,Rainy,Low,Yes,18.0,6,9,219,7,3,High
9141,Fire,South,Night,Friday,Sunny,High,Yes,23.0,18,26,485,1,8,Medium
9142,Medical,South,Night,Monday,Cloudy,Medium,Yes,10.0,16,21,490,8,10,High
9143,Assault,West,Afternoon,Sunday,Sunny,High,No,20.0,16,10,118,2,7,Medium
9144,Accident,East,Night,Sunday,Sunny,High,Yes,12.0,8,16,285,10,7,High
9145,Accident,South,Afternoon,Thursday,Rainy,Medium,No,24.0,27,17,243,8,10,High
9146,Fire,West,Night,Monday,Cloudy,Low,Yes,3.0,23,27,186,6,7,High
9147,Assault,East,Afternoon,Friday,Sunny,High,Yes,16.0,12,20,363,1,11,Medium
9148,Accident,East,Evening,Wednesday,Sunny,Medium,Yes,18.0,22,27,292,6,19,High
9149,Accident,Central,Morning,Thursday,Sunny,Medium,No,23.0,24,5,281,6,15,High
9150,Medical,South,Afternoon,Tuesday,Sunny,High,Yes,11.0,27,20,373,10,5,High
9151,Medical,East,Morning,Sunday,Cloudy,High,No,4.0,14,29,169,1,19,High
9152,Accident,West,Night,Friday,Rainy,High,Yes,9.0,13,35,317,1,8,Medium
9153,Medical,South,Morning,Saturday,Rainy,Low,Yes,7.0,14,24,262,7,13,High
9154,Theft,South,Afternoon,Friday,Rainy,Medium,Yes,18.0,10,32,57,8,8,High
9155,Medical,West,Night,Thursday,Rainy,Low,No,16.0,9,13,104,6,7,High
9156,Fire,East,Evening,Wednesday,Cloudy,Low,No,23.0,27,17,376,4,15,High
9157,Fire,South,Morning,Tuesday,Cloudy,Medium,No,12.0,16,29,367,2,17,High
9158,Accident,West,Night,Monday,Rainy,High,Yes,11.0,26,10,158,8,7,High
9159,Assault,South,Evening,Tuesday,Cloudy,High,Yes,12.0,15,14,476,2,13,High
9160,Assault,Central,Evening,Thursday,Rainy,Medium,No,12.0,27,18,116,2,6,Medium
9161,Theft,West,Night,Sunday,Cloudy,Medium,No,3.0,14,5,187,5,1,Medium
9162,Medical,Central,Evening,Saturday,Sunny,Low,No,3.0,12,23,72,6,1,Medium
9163,Accident,North,Evening,Monday,Sunny,High,No,8.0,17,22,312,3,18,High
9164,Theft,East,Evening,Thursday,Rainy,High,No,3.0,26,17,80,8,9,High
9165,Assault,Central,Evening,Monday,Cloudy,Low,Yes,23.0,28,32,227,9,9,High
9166,Fire,North,Morning,Saturday,Sunny,High,Yes,9.0,10,33,282,10,13,High
9167,Accident,North,Night,Friday,Cloudy,Low,No,19.0,12,4,388,10,17,High
9168,Fire,South,Evening,Thursday,Cloudy,Medium,No,17.0,5,31,384,7,19,High
9169,Accident,South,Night,Tuesday,Rainy,Low,No,10.0,8,35,137,9,18,High
9170,Fire,Central,Afternoon,Monday,Rainy,High,No,18.0,10,13,323,2,20,High
9171,Fire,West,Afternoon,Friday,Cloudy,Low,No,7.0,21,25,396,8,16,High
9172,Theft,South,Morning,Thursday,Rainy,High,No,8.0,12,22,470,10,12,High
9173,Accident,South,Night,Tuesday,Rainy,High,Yes,17.0,8,19,494,7,20,High
9174,Fire,South,Afternoon,Saturday,Rainy,Low,Yes,8.0,23,20,345,10,5,High
9175,Assault,Central,Morning,Wednesday,Cloudy,Low,Yes,9.0,28,26,461,6,4,High
9176,Theft,East,Afternoon,Thursday,Cloudy,High,Yes,14.0,27,22,406,3,1,Medium
9177,Medical,North,Evening,Thursday,Sunny,High,Yes,6.0,28,30,7,5,8,High
9178,Fire,East,Afternoon,Thursday,Rainy,Medium,No,12.0,16,27,16,5,0,Medium
9179,Medical,Central,Afternoon,Tuesday,Rainy,High,No,22.0,10,30,207,1,15,High
9180,Fire,North,Evening,Saturday,Rainy,Medium,No,21.0,18,30,474,9,0,High
9181,Accident,West,Morning,Tuesday,Sunny,High,Yes,9.0,19,29,27,6,20,High
9182,Medical,North,Morning,Monday,Rainy,Low,No,16.0,10,29,246,1,9,Medium
9183,Assault,West,Night,Tuesday,Sunny,Medium,Yes,19.0,27,34,110,9,11,High
9184,Accident,South,Night,Thursday,Rainy,Low,No,11.0,25,7,283,10,13,High
9185,Fire,East,Afternoon,Monday,Rainy,Low,No,3.0,17,9,164,2,3,Medium
9186,Fire,North,Evening,Friday,Cloudy,High,No,10.0,13,11,306,8,19,High
9187,Assault,North,Evening,Thursday,Sunny,Medium,Yes,18.0,27,24,139,2,10,Medium
9188,Accident,South,Morning,Sunday,Rainy,Low,Yes,6.0,21,15,225,8,2,High
9189,Assault,North,Evening,Saturday,Cloudy,Low,No,8.0,9,4,363,6,7,High
9190,Fire,North,Evening,Sunday,Sunny,Low,Yes,12.0,25,20,244,4,3,Medium
9191,Medical,South,Evening,Friday,Rainy,Low,No,25.0,6,12,87,10,2,High
9192,Accident,East,Afternoon,Saturday,Rainy,Low,No,24.0,29,35,458,6,14,High
9193,Theft,North,Morning,Sunday,Cloudy,High,No,13.0,28,15,33,5,5,Medium
9194,Assault,East,Evening,Monday,Cloudy,High,Yes,25.0,11,29,420,10,14,High
9195,Accident,South,Night,Sunday,Cloudy,Medium,Yes,9.0,21,29,465,1,8,Medium
9196,Medical,North,Morning,Friday,Sunny,Medium,No,3.0,15,16,382,9,13,High
9197,Assault,East,Night,Wednesday,Rainy,Medium,No,10.0,18,26,393,9,2,High
9198,Fire,East,Evening,Tuesday,Rainy,Low,Yes,25.0,22,4,102,4,1,Low
9199,Accident,North,Evening,Saturday,Rainy,Medium,No,22.0,21,33,230,7,13,High
9200,Theft,East,Afternoon,Sunday,Cloudy,Low,Yes,8.0,15,8,358,1,12,High
9201,Medical,West,Night,Tuesday,Rainy,Medium,No,14.0,14,31,384,8,9,High
9202,Fire,North,Evening,Saturday,Rainy,Medium,Yes,3.0,8,15,481,4,20,High
9203,Fire,West,Morning,Thursday,Rainy,High,No,22.0,15,26,293,7,15,High
9204,Accident,Central,Night,Saturday,Sunny,High,Yes,21.0,20,31,460,3,3,Medium
9205,Fire,South,Night,Thursday,Sunny,Medium,Yes,23.0,27,9,180,3,3,Medium
9206,Theft,West,Morning,Sunday,Rainy,Medium,Yes,5.0,17,23,454,10,8,High
9207,Assault,South,Afternoon,Sunday,Rainy,Low,Yes,16.0,7,6,122,7,11,High
9208,Medical,North,Afternoon,Monday,Rainy,Low,Yes,6.0,8,31,415,7,10,High
9209,Theft,South,Night,Wednesday,Sunny,Medium,Yes,21.0,9,31,189,8,20,High
9210,Assault,South,Afternoon,Monday,Rainy,High,Yes,8.0,26,5,299,8,17,High
9211,Accident,South,Morning,Saturday,Rainy,Low,Yes,22.0,10,30,327,7,15,High
9212,Theft,South,Night,Monday,Cloudy,Low,No,23.0,21,33,51,2,6,Medium
9213,Medical,West,Morning,Tuesday,Rainy,High,Yes,13.0,11,23,368,2,20,High
9214,Assault,North,Afternoon,Saturday,Rainy,High,No,21.0,19,26,398,9,6,High
9215,Assault,East,Morning,Sunday,Sunny,High,No,14.0,30,35,73,6,4,Medium
9216,Fire,South,Evening,Thursday,Sunny,High,Yes,6.0,14,14,143,5,19,High
9217,Medical,South,Afternoon,Monday,Cloudy,Medium,No,6.0,29,32,237,6,8,High
9218,Theft,Central,Afternoon,Thursday,Sunny,High,Yes,20.0,20,20,22,5,18,High
9219,Accident,Central,Night,Monday,Sunny,Medium,No,21.0,22,10,75,6,13,High
9220,Accident,Central,Afternoon,Saturday,Rainy,High,No,5.0,14,29,96,7,10,High
9221,Medical,North,Afternoon,Monday,Cloudy,Medium,Yes,18.0,19,11,39,4,14,High
9222,Accident,South,Afternoon,Saturday,Sunny,High,No,16.0,21,19,47,3,5,Medium
9223,Accident,Central,Evening,Sunday,Rainy,Low,Yes,4.0,16,35,443,7,1,High
9224,Assault,West,Evening,Monday,Rainy,Medium,Yes,21.0,5,17,15,2,4,Low
9225,Assault,South,Morning,Friday,Rainy,High,No,10.0,21,32,476,10,17,High
9226,Fire,West,Evening,Saturday,Cloudy,High,Yes,5.0,8,17,429,9,2,High
9227,Fire,West,Afternoon,Wednesday,Sunny,High,Yes,8.0,18,9,17,2,13,High
9228,Fire,East,Night,Sunday,Sunny,Medium,No,7.0,30,29,422,7,0,High
9229,Fire,North,Afternoon,Monday,Cloudy,Low,Yes,22.0,29,27,29,9,13,High
9230,Medical,South,Evening,Monday,Sunny,Medium,No,12.0,8,18,347,2,10,High
9231,Accident,West,Evening,Monday,Rainy,High,Yes,12.0,23,10,98,1,10,Medium
9232,Assault,West,Morning,Sunday,Cloudy,Low,No,13.0,25,17,131,5,9,High
9233,Assault,East,Evening,Thursday,Sunny,Low,Yes,9.0,5,28,235,8,7,High
9234,Accident,North,Afternoon,Tuesday,Rainy,High,No,17.0,7,29,50,7,6,High
9235,Assault,North,Morning,Sunday,Rainy,High,Yes,3.0,6,6,178,4,14,High
9236,Medical,West,Morning,Saturday,Cloudy,Medium,No,6.0,22,32,460,8,8,High
9237,Theft,North,Evening,Thursday,Rainy,Medium,No,24.0,18,4,48,4,9,Medium
9238,Theft,West,Morning,Monday,Sunny,Medium,No,23.0,12,4,39,4,9,Medium
9239,Assault,South,Afternoon,Friday,Cloudy,Medium,No,14.0,9,32,97,9,16,High
9240,Fire,East,Evening,Friday,Rainy,High,No,13.0,8,12,321,9,11,High
9241,Assault,East,Evening,Sunday,Cloudy,Medium,No,9.0,13,29,371,1,18,High
9242,Fire,West,Night,Tuesday,Sunny,Medium,No,9.0,25,28,4,10,19,High
9243,Assault,North,Morning,Tuesday,Rainy,High,Yes,8.0,19,32,418,1,8,Medium
9244,Fire,Central,Morning,Sunday,Sunny,High,No,6.0,17,10,60,7,6,High
9245,Assault,South,Morning,Monday,Rainy,High,Yes,16.0,17,25,192,9,10,High
9246,Fire,South,Evening,Monday,Sunny,Medium,No,19.0,7,18,388,3,1,Medium
9247,Fire,East,Evening,Sunday,Cloudy,Low,No,6.0,28,17,218,10,0,High
9248,Assault,West,Night,Wednesday,Cloudy,Medium,No,4.0,23,35,52,9,18,High
9249,Assault,North,Afternoon,Wednesday,Sunny,High,Yes,25.0,27,20,444,2,18,High
9250,Theft,West,Evening,Tuesday,Rainy,Medium,No,22.0,8,9,31,8,1,Medium
9251,Assault,North,Night,Saturday,Sunny,High,Yes,20.0,14,6,215,5,5,Medium
9252,Assault,East,Night,Tuesday,Cloudy,High,No,21.0,18,35,453,9,6,High
9253,Medical,Central,Morning,Friday,Cloudy,High,Yes,24.0,8,23,9,5,14,High
9254,Medical,South,Afternoon,Sunday,Cloudy,Low,No,14.0,9,19,82,7,2,Medium
9255,Medical,West,Morning,Wednesday,Rainy,Low,Yes,12.0,25,28,375,2,0,Low
9256,Theft,East,Evening,Saturday,Rainy,Medium,No,16.0,27,32,4,3,13,High
9257,Accident,North,Evening,Sunday,Rainy,Low,No,17.0,17,27,134,1,12,Medium
9258,Assault,East,Afternoon,Monday,Cloudy,Low,Yes,15.0,25,22,69,8,6,High
9259,Assault,South,Afternoon,Wednesday,Sunny,Low,Yes,18.0,7,23,421,8,13,High
9260,Accident,Central,Morning,Friday,Rainy,High,Yes,20.0,22,23,88,3,8,Medium
9261,Accident,North,Night,Thursday,Rainy,High,Yes,5.0,12,8,236,8,3,High
9262,Accident,South,Afternoon,Thursday,Rainy,High,Yes,14.0,7,18,397,4,11,High
9263,Theft,South,Morning,Friday,Cloudy,High,No,24.0,24,22,180,4,2,Medium
9264,Accident,East,Afternoon,Saturday,Cloudy,High,No,19.0,15,8,499,9,14,High
9265,Accident,West,Morning,Saturday,Cloudy,High,No,19.0,17,28,264,3,6,Medium
9266,Fire,Central,Evening,Saturday,Cloudy,Medium,No,21.0,13,17,216,4,14,High
9267,Accident,Central,Morning,Friday,Sunny,Medium,Yes,10.0,7,23,77,5,4,Medium
9268,Medical,West,Afternoon,Thursday,Cloudy,Low,No,19.0,6,16,416,3,11,High
9269,Assault,Central,Morning,Thursday,Rainy,Medium,No,12.0,23,25,110,3,13,High
9270,Fire,North,Night,Sunday,Cloudy,High,Yes,15.0,18,12,43,1,6,Low
9271,Fire,West,Evening,Friday,Rainy,High,No,15.0,17,6,206,4,0,Medium
9272,Assault,Central,Morning,Sunday,Rainy,Low,Yes,14.0,12,19,413,5,4,High
9273,Assault,Central,Night,Tuesday,Sunny,Low,No,16.0,24,24,337,9,2,High
9274,Theft,East,Morning,Saturday,Sunny,Low,Yes,24.0,26,16,160,5,10,High
9275,Medical,North,Evening,Sunday,Cloudy,Low,Yes,17.0,6,32,97,7,17,High
9276,Accident,South,Evening,Saturday,Rainy,Medium,No,22.0,20,34,61,9,12,High
9277,Medical,West,Night,Tuesday,Sunny,Medium,No,17.0,13,4,44,5,11,High
9278,Medical,South,Evening,Tuesday,Rainy,Low,Yes,22.0,26,27,464,9,20,High
9279,Theft,West,Evening,Wednesday,Rainy,Medium,Yes,12.0,22,32,273,4,14,High
9280,Fire,South,Morning,Thursday,Rainy,Low,Yes,4.0,30,25,441,3,1,Medium
9281,Medical,Central,Morning,Wednesday,Cloudy,Medium,No,25.0,17,27,420,8,18,High
9282,Assault,East,Afternoon,Sunday,Cloudy,Low,No,21.0,5,10,352,6,2,Medium
9283,Medical,East,Night,Monday,Rainy,High,No,14.0,20,5,230,10,16,High
9284,Accident,South,Night,Saturday,Rainy,High,No,3.0,14,13,368,8,1,High
9285,Theft,North,Night,Sunday,Rainy,Medium,Yes,10.0,28,22,357,10,10,High
9286,Accident,North,Morning,Friday,Rainy,Low,No,8.0,5,11,100,1,20,High
9287,Theft,East,Afternoon,Saturday,Cloudy,High,No,9.0,16,31,96,5,4,Medium
9288,Accident,Central,Afternoon,Friday,Rainy,High,No,22.0,20,24,154,3,16,High
9289,Fire,West,Night,Tuesday,Rainy,Low,No,10.0,30,22,79,2,13,High
9290,Medical,West,Night,Tuesday,Cloudy,Low,Yes,3.0,21,15,340,2,9,High
9291,Accident,North,Morning,Saturday,Rainy,Low,Yes,13.0,29,20,3,10,3,High
9292,Theft,North,Night,Saturday,Rainy,Medium,No,25.0,6,17,72,6,10,High
9293,Accident,Central,Morning,Friday,Cloudy,Medium,No,6.0,26,16,255,2,7,Medium
9294,Medical,North,Morning,Saturday,Sunny,Low,No,8.0,28,28,242,7,20,High
9295,Accident,Central,Morning,Thursday,Rainy,High,No,25.0,7,32,130,2,10,Medium
9296,Theft,Central,Morning,Friday,Rainy,High,No,5.0,14,4,181,4,2,Medium
9297,Accident,West,Morning,Saturday,Rainy,High,No,5.0,11,24,319,4,7,High
9298,Fire,South,Night,Tuesday,Sunny,Medium,Yes,13.0,12,12,211,4,10,High
9299,Fire,West,Night,Wednesday,Sunny,High,Yes,13.0,6,12,6,9,5,High
9300,Fire,South,Evening,Tuesday,Sunny,High,No,6.0,12,11,147,7,17,High
9301,Assault,East,Evening,Saturday,Cloudy,Low,Yes,15.0,21,24,359,10,20,High
9302,Theft,Central,Evening,Tuesday,Rainy,Medium,No,4.0,20,8,419,3,5,Medium
9303,Accident,Central,Morning,Sunday,Rainy,High,Yes,20.0,14,11,299,9,4,High
9304,Theft,East,Afternoon,Thursday,Rainy,High,No,7.0,29,15,67,10,18,High
9305,Fire,North,Evening,Monday,Sunny,High,No,11.0,7,33,353,8,13,High
9306,Accident,South,Evening,Tuesday,Rainy,High,No,15.0,8,23,114,9,9,High
9307,Theft,West,Morning,Friday,Sunny,High,No,15.0,21,4,153,3,7,Medium
9308,Theft,Central,Evening,Tuesday,Sunny,Low,No,4.0,30,21,241,10,0,High
9309,Medical,East,Evening,Thursday,Sunny,Medium,No,5.0,14,29,237,6,11,High
9310,Accident,West,Night,Monday,Sunny,Low,Yes,6.0,25,22,74,9,6,High
9311,Accident,Central,Evening,Sunday,Sunny,Low,Yes,12.0,14,29,182,3,2,Medium
9312,Medical,South,Afternoon,Friday,Rainy,High,No,23.0,7,34,310,7,14,High
9313,Assault,North,Morning,Thursday,Cloudy,Low,No,5.0,25,24,93,5,15,High
9314,Theft,South,Afternoon,Thursday,Rainy,Medium,Yes,15.0,15,10,421,4,12,High
9315,Assault,South,Morning,Wednesday,Sunny,High,No,18.0,14,5,310,2,16,High
9316,Accident,West,Evening,Sunday,Rainy,Medium,No,5.0,22,27,385,4,17,High
9317,Theft,East,Afternoon,Tuesday,Sunny,Medium,Yes,14.0,10,29,395,2,15,High
9318,Fire,North,Night,Monday,Rainy,Low,No,4.0,19,13,422,8,7,High
9319,Accident,Central,Night,Sunday,Sunny,Medium,Yes,16.0,30,18,3,3,4,Medium
9320,Theft,South,Morning,Sunday,Sunny,Low,Yes,13.0,8,23,407,9,20,High
9321,Assault,North,Evening,Tuesday,Cloudy,Low,Yes,20.0,11,11,165,6,6,High
9322,Assault,Central,Night,Wednesday,Rainy,Low,Yes,8.0,11,32,470,1,5,Medium
9323,Assault,North,Night,Sunday,Sunny,Low,No,23.0,9,18,4,3,18,High
9324,Theft,Central,Night,Sunday,Rainy,Low,No,18.0,7,19,264,5,0,Medium
9325,Theft,East,Afternoon,Friday,Rainy,High,Yes,13.0,26,6,15,7,2,Medium
9326,Fire,South,Night,Monday,Rainy,Low,Yes,5.0,13,11,215,9,18,High
9327,Fire,South,Morning,Monday,Sunny,High,Yes,9.0,6,16,300,8,17,High
9328,Fire,Central,Evening,Thursday,Rainy,High,No,20.0,22,9,429,9,15,High
9329,Theft,South,Afternoon,Thursday,Cloudy,High,Yes,18.0,9,17,187,4,18,High
9330,Accident,West,Morning,Saturday,Rainy,High,No,13.0,18,29,248,10,20,High
9331,Fire,West,Night,Sunday,Sunny,Low,No,15.0,23,14,225,10,8,High
9332,Fire,West,Morning,Wednesday,Cloudy,High,Yes,10.0,13,18,437,10,9,High
9333,Theft,South,Afternoon,Friday,Rainy,High,Yes,22.0,29,17,352,8,4,High
9334,Fire,East,Night,Tuesday,Rainy,Medium,Yes,3.0,25,20,47,6,4,High
9335,Medical,North,Night,Friday,Sunny,High,No,25.0,18,5,95,2,3,Low
9336,Medical,West,Morning,Monday,Cloudy,Medium,No,3.0,17,13,498,10,20,High
9337,Fire,North,Evening,Friday,Sunny,Medium,Yes,22.0,29,30,171,3,18,High
9338,Medical,West,Night,Wednesday,Rainy,High,Yes,5.0,24,22,84,5,11,High
9339,Fire,South,Afternoon,Sunday,Cloudy,Medium,No,10.0,7,19,106,7,6,High
9340,Fire,Central,Afternoon,Sunday,Sunny,High,Yes,9.0,20,19,15,7,19,High
9341,Fire,North,Morning,Saturday,Cloudy,Medium,Yes,16.0,20,26,180,6,1,Medium
9342,Assault,East,Evening,Wednesday,Cloudy,High,No,6.0,14,23,336,4,4,Medium
9343,Assault,South,Morning,Wednesday,Sunny,High,Yes,13.0,10,14,18,10,12,High
9344,Accident,West,Night,Wednesday,Rainy,High,No,5.0,13,27,46,5,4,Medium
9345,Medical,North,Evening,Monday,Cloudy,High,Yes,7.0,6,4,344,8,14,High
9346,Fire,Central,Evening,Tuesday,Sunny,Low,No,22.0,16,21,183,5,17,High
9347,Fire,East,Afternoon,Friday,Rainy,High,No,19.0,11,12,303,9,19,High
9348,Assault,North,Morning,Sunday,Sunny,Medium,No,16.0,17,8,275,4,12,High
9349,Accident,Central,Morning,Wednesday,Rainy,High,No,22.0,25,26,491,6,0,Medium
9350,Fire,North,Night,Sunday,Cloudy,High,No,21.0,15,34,409,7,2,High
9351,Assault,West,Evening,Wednesday,Sunny,High,No,25.0,17,29,397,1,4,Low
9352,Fire,East,Afternoon,Tuesday,Rainy,Medium,Yes,4.0,15,16,438,4,16,High
9353,Theft,Central,Evening,Monday,Sunny,Low,Yes,20.0,8,26,210,8,16,High
9354,Medical,North,Night,Saturday,Sunny,Medium,Yes,14.0,22,12,229,8,13,High
9355,Medical,North,Evening,Sunday,Cloudy,High,No,17.0,14,13,279,6,13,High
9356,Theft,Central,Morning,Saturday,Sunny,Medium,Yes,4.0,30,16,55,10,10,High
9357,Theft,North,Afternoon,Thursday,Sunny,High,No,18.0,24,6,274,3,7,Medium
9358,Accident,Central,Evening,Wednesday,Cloudy,Low,No,23.0,23,18,402,4,14,High
9359,Medical,East,Morning,Friday,Sunny,Low,Yes,13.0,24,20,237,4,4,Medium
9360,Accident,Central,Evening,Monday,Rainy,High,Yes,4.0,10,34,343,9,10,High
9361,Fire,Central,Afternoon,Sunday,Cloudy,Medium,No,10.0,19,6,230,7,16,High
9362,Fire,West,Afternoon,Friday,Sunny,Low,Yes,6.0,10,13,480,7,14,High
9363,Accident,West,Morning,Tuesday,Rainy,Medium,Yes,17.0,16,5,327,4,1,Medium
9364,Assault,Central,Morning,Tuesday,Cloudy,High,Yes,4.0,10,6,453,8,18,High
9365,Theft,Central,Afternoon,Sunday,Rainy,Medium,Yes,25.0,23,6,13,7,9,High
9366,Assault,Central,Afternoon,Sunday,Rainy,Low,No,21.0,7,27,118,1,19,High
9367,Fire,Central,Evening,Sunday,Cloudy,High,Yes,9.0,15,10,52,8,3,High
9368,Assault,South,Morning,Tuesday,Rainy,High,Yes,15.0,22,10,384,8,8,High
9369,Accident,North,Night,Friday,Sunny,Medium,No,14.0,20,9,431,8,2,High
9370,Assault,South,Evening,Friday,Rainy,Medium,Yes,10.0,15,10,57,2,4,Low
9371,Assault,South,Morning,Saturday,Sunny,Low,Yes,22.0,11,33,389,5,9,High
9372,Accident,Central,Morning,Thursday,Rainy,Medium,No,14.0,18,6,190,9,20,High
9373,Accident,Central,Afternoon,Tuesday,Sunny,Medium,No,17.0,20,32,155,10,2,High
9374,Fire,West,Morning,Monday,Rainy,High,Yes,11.0,19,6,483,9,13,High
9375,Assault,Central,Morning,Wednesday,Rainy,High,No,9.0,18,22,244,5,8,High
9376,Theft,East,Afternoon,Saturday,Cloudy,Medium,Yes,5.0,15,19,173,4,8,High
9377,Medical,North,Evening,Thursday,Cloudy,Medium,No,14.0,11,14,238,8,5,High
9378,Medical,West,Evening,Saturday,Sunny,High,Yes,18.0,12,5,73,2,12,Medium
9379,Accident,South,Evening,Saturday,Sunny,High,Yes,25.0,10,27,129,8,1,Medium
9380,Accident,East,Night,Thursday,Cloudy,High,Yes,9.0,9,21,324,4,11,High
9381,Assault,West,Afternoon,Friday,Rainy,Medium,No,15.0,17,6,165,4,2,Medium
9382,Medical,West,Night,Monday,Cloudy,High,No,19.0,22,30,408,4,14,High
9383,Fire,South,Night,Thursday,Rainy,Low,Yes,8.0,5,13,370,2,6,Medium
9384,Fire,South,Afternoon,Sunday,Cloudy,High,Yes,18.0,9,18,348,8,12,High
9385,Medical,East,Evening,Sunday,Rainy,Medium,No,19.0,8,8,173,8,13,High
9386,Theft,Central,Morning,Monday,Rainy,High,Yes,25.0,24,30,227,5,12,High
9387,Theft,Central,Afternoon,Wednesday,Rainy,Low,Yes,23.0,22,19,13,2,19,High
9388,Medical,Central,Afternoon,Thursday,Cloudy,Low,No,20.0,20,7,319,5,12,High
9389,Theft,South,Night,Monday,Rainy,Medium,No,17.0,25,7,84,3,5,Medium
9390,Theft,West,Evening,Thursday,Sunny,Low,Yes,10.0,10,25,391,4,9,High
9391,Theft,West,Afternoon,Friday,Cloudy,High,No,6.0,17,31,412,6,11,High
9392,Assault,West,Evening,Sunday,Cloudy,Low,No,4.0,23,18,263,6,7,High
9393,Assault,West,Afternoon,Friday,Rainy,Medium,No,25.0,17,27,9,6,15,High
9394,Fire,South,Evening,Monday,Rainy,High,Yes,5.0,14,26,469,2,14,High
9395,Fire,Central,Morning,Wednesday,Sunny,Low,No,3.0,25,24,466,1,18,High
9396,Assault,Central,Afternoon,Wednesday,Sunny,High,Yes,20.0,8,33,134,5,3,Medium
9397,Accident,Central,Night,Saturday,Cloudy,High,Yes,4.0,6,29,476,8,20,High
9398,Theft,West,Afternoon,Friday,Sunny,Medium,No,18.0,24,13,454,4,7,High
9399,Theft,West,Evening,Tuesday,Cloudy,High,No,18.0,9,6,210,10,19,High
9400,Fire,Central,Morning,Thursday,Cloudy,Low,No,10.0,23,31,266,3,4,Medium
9401,Assault,South,Evening,Wednesday,Cloudy,High,No,18.0,17,16,164,1,4,Low
9402,Accident,East,Evening,Tuesday,Rainy,High,No,6.0,14,12,436,7,18,High
9403,Fire,South,Night,Thursday,Rainy,High,No,21.0,9,25,347,6,19,High
9404,Accident,North,Evening,Friday,Cloudy,Medium,Yes,11.0,5,18,285,6,4,High
9405,Accident,South,Night,Saturday,Cloudy,Low,Yes,15.0,6,25,98,10,12,High
9406,Assault,South,Night,Friday,Rainy,Medium,No,3.0,19,10,292,6,11,High
9407,Medical,Central,Evening,Saturday,Cloudy,High,No,4.0,16,34,76,5,18,High
9408,Medical,West,Night,Tuesday,Rainy,High,No,13.0,10,22,494,3,19,High
9409,Medical,North,Evening,Monday,Cloudy,High,Yes,6.0,10,16,307,2,20,High
9410,Medical,East,Afternoon,Saturday,Cloudy,High,No,12.0,10,26,161,4,0,Medium
9411,Fire,East,Afternoon,Thursday,Cloudy,Medium,No,6.0,7,7,99,9,10,High
9412,Fire,North,Afternoon,Sunday,Rainy,Medium,No,14.0,17,26,263,4,17,High
9413,Assault,Central,Afternoon,Tuesday,Rainy,High,Yes,22.0,9,34,379,5,5,High
9414,Fire,North,Evening,Tuesday,Rainy,High,Yes,11.0,12,23,412,4,2,Medium
9415,Medical,North,Morning,Monday,Rainy,High,Yes,19.0,13,20,233,10,13,High
9416,Theft,East,Evening,Thursday,Cloudy,Medium,Yes,22.0,17,17,76,4,5,Medium
9417,Theft,West,Evening,Saturday,Rainy,High,No,8.0,25,26,95,6,16,High
9418,Medical,East,Evening,Monday,Rainy,Medium,No,5.0,24,16,332,4,0,Medium
9419,Assault,West,Afternoon,Friday,Cloudy,Medium,Yes,8.0,27,24,46,6,11,High
9420,Assault,South,Morning,Wednesday,Rainy,Medium,No,8.0,7,30,113,6,1,Medium
9421,Theft,Central,Afternoon,Saturday,Cloudy,Medium,No,23.0,12,7,409,8,17,High
9422,Fire,East,Morning,Tuesday,Sunny,Medium,No,4.0,8,7,117,1,19,High
9423,Fire,South,Afternoon,Saturday,Cloudy,Medium,Yes,5.0,21,34,29,10,12,High
9424,Fire,Central,Morning,Thursday,Rainy,Low,Yes,16.0,20,19,115,1,7,Medium
9425,Theft,Central,Afternoon,Saturday,Rainy,High,Yes,19.0,30,10,419,7,20,High
9426,Assault,East,Evening,Wednesday,Rainy,High,No,8.0,15,24,282,3,6,Medium
9427,Accident,North,Morning,Saturday,Sunny,Low,No,20.0,12,27,122,10,11,High
9428,Assault,North,Morning,Tuesday,Sunny,Low,No,17.0,24,31,284,8,17,High
9429,Medical,West,Morning,Thursday,Sunny,Medium,No,6.0,6,23,154,5,9,High
9430,Assault,East,Afternoon,Thursday,Cloudy,Low,Yes,11.0,27,7,36,7,8,High
9431,Theft,West,Evening,Tuesday,Cloudy,Low,No,4.0,15,33,109,2,3,Low
9432,Assault,East,Night,Saturday,Sunny,Low,No,18.0,14,22,288,7,13,High
9433,Assault,North,Afternoon,Sunday,Sunny,Medium,No,23.0,18,24,146,6,0,Medium
9434,Fire,North,Evening,Friday,Rainy,Medium,Yes,17.0,20,11,177,9,4,High
9435,Theft,South,Afternoon,Wednesday,Sunny,Low,Yes,6.0,16,27,336,9,1,High
9436,Assault,West,Night,Saturday,Cloudy,Medium,No,24.0,11,19,184,2,1,Low
9437,Theft,North,Morning,Tuesday,Sunny,Low,No,18.0,12,30,490,5,13,High
9438,Assault,North,Afternoon,Sunday,Sunny,High,Yes,5.0,30,34,459,7,7,High
9439,Assault,West,Morning,Sunday,Rainy,Low,No,7.0,13,11,364,5,9,High
9440,Assault,Central,Afternoon,Wednesday,Cloudy,Low,Yes,13.0,20,26,99,6,9,High
9441,Medical,East,Afternoon,Tuesday,Sunny,Low,No,22.0,11,20,245,8,16,High
9442,Theft,North,Morning,Friday,Sunny,High,Yes,19.0,23,7,484,3,8,High
9443,Accident,West,Afternoon,Tuesday,Sunny,High,Yes,16.0,26,9,243,9,20,High
9444,Medical,Central,Evening,Saturday,Sunny,Medium,Yes,24.0,11,18,343,1,12,Medium
9445,Theft,North,Evening,Wednesday,Sunny,Low,No,14.0,16,26,121,1,8,Medium
9446,Medical,North,Morning,Saturday,Rainy,Medium,Yes,3.0,10,12,386,4,1,Medium
9447,Theft,East,Evening,Saturday,Rainy,Low,Yes,13.0,16,27,338,8,13,High
9448,Assault,East,Afternoon,Sunday,Cloudy,Low,Yes,15.0,24,25,390,1,6,Medium
9449,Theft,South,Morning,Tuesday,Sunny,Low,Yes,6.0,28,15,300,10,18,High
9450,Assault,West,Afternoon,Friday,Cloudy,Low,No,5.0,28,10,141,7,0,Medium
9451,Accident,East,Evening,Monday,Rainy,High,No,25.0,6,9,332,10,7,High
9452,Medical,East,Morning,Saturday,Sunny,Low,No,24.0,6,24,404,2,7,Medium
9453,Assault,South,Night,Friday,Sunny,High,Yes,8.0,6,6,478,7,18,High
9454,Assault,South,Morning,Saturday,Cloudy,High,No,7.0,15,22,413,9,11,High
9455,Fire,East,Morning,Tuesday,Rainy,High,Yes,15.0,10,22,224,5,18,High
9456,Fire,Central,Afternoon,Monday,Rainy,High,No,21.0,16,27,184,6,9,High
9457,Medical,West,Evening,Thursday,Sunny,Medium,Yes,12.0,5,15,67,3,7,Medium
9458,Fire,East,Night,Thursday,Cloudy,High,No,21.0,15,18,161,8,19,High
9459,Assault,South,Night,Sunday,Cloudy,High,No,9.0,18,9,196,8,2,High
9460,Assault,Central,Night,Sunday,Rainy,High,Yes,23.0,11,24,131,6,1,Medium
9461,Theft,East,Afternoon,Monday,Sunny,High,Yes,7.0,23,16,494,10,2,High
9462,Accident,East,Morning,Monday,Sunny,Medium,Yes,7.0,29,8,450,1,2,Low
9463,Theft,Central,Night,Sunday,,,No,,25,21,167,3,13,High
9464,Theft,West,Evening,Friday,Sunny,High,No,4.0,17,21,404,9,17,High
9465,Medical,East,Night,Friday,Rainy,High,Yes,11.0,12,23,446,10,17,High
9466,Accident,West,Afternoon,Saturday,Rainy,Medium,Yes,18.0,7,9,77,4,9,Medium
9467,Medical,South,Evening,Wednesday,Sunny,High,Yes,17.0,25,23,280,1,1,Low
9468,Medical,North,Night,Wednesday,Sunny,Low,Yes,15.0,7,15,203,1,13,Medium
9469,Medical,West,Afternoon,Sunday,Sunny,Low,No,9.0,25,24,291,1,12,High
9470,Accident,South,Morning,Wednesday,Sunny,Medium,No,3.0,12,5,45,10,13,High
9471,Accident,South,Evening,Saturday,Rainy,Low,Yes,8.0,9,9,58,5,19,High
9472,Accident,Central,Afternoon,Sunday,Rainy,Low,No,17.0,21,33,407,10,17,High
9473,Theft,North,Afternoon,Thursday,Sunny,Low,Yes,8.0,17,11,92,7,6,High
9474,Theft,North,Morning,Monday,Cloudy,Low,Yes,8.0,16,11,387,5,9,High
9475,Theft,West,Afternoon,Saturday,Cloudy,Low,Yes,17.0,6,28,106,6,20,High
9476,Assault,East,Night,Monday,Sunny,Low,Yes,21.0,21,19,68,3,20,High
9477,Theft,West,Evening,Saturday,Rainy,Medium,Yes,9.0,7,35,28,8,14,High
9478,Accident,West,Night,Tuesday,Cloudy,Medium,No,22.0,17,35,111,9,14,High
9479,Accident,East,Night,Tuesday,Cloudy,Medium,Yes,9.0,29,16,377,4,14,High
9480,Theft,Central,Evening,Thursday,Cloudy,High,No,5.0,16,10,270,2,19,High
9481,Accident,North,Afternoon,Wednesday,Cloudy,High,Yes,14.0,30,16,169,2,11,Medium
9482,Medical,East,Afternoon,Sunday,Rainy,Medium,No,16.0,20,30,236,1,12,Medium
9483,Accident,East,Night,Sunday,Sunny,Low,No,23.0,9,16,398,7,12,High
9484,Theft,East,Night,Monday,Cloudy,Low,Yes,5.0,29,34,242,9,12,High
9485,Accident,South,Night,Thursday,Rainy,Low,Yes,12.0,30,16,39,10,6,High
9486,Theft,Central,Afternoon,Monday,Cloudy,High,No,23.0,22,24,60,3,16,High
9487,Medical,North,Night,Saturday,Cloudy,High,No,4.0,5,7,393,5,4,High
9488,Medical,Central,Evening,Thursday,Cloudy,High,Yes,20.0,30,4,226,10,5,High
9489,Theft,East,Evening,Thursday,Rainy,High,No,10.0,16,19,51,1,0,Low
9490,Assault,Central,Morning,Friday,Rainy,Medium,Yes,6.0,17,22,308,4,15,High
9491,Fire,Central,Afternoon,Saturday,Cloudy,Low,Yes,4.0,10,11,126,3,11,High
9492,Accident,Central,Night,Thursday,Sunny,Low,Yes,25.0,23,8,297,4,5,Medium
9493,Fire,North,Evening,Friday,Cloudy,High,No,3.0,23,29,207,1,0,Low
9494,Medical,East,Night,Tuesday,Cloudy,Low,No,19.0,18,10,18,9,10,High
9495,Medical,North,Afternoon,Friday,Sunny,Medium,No,4.0,13,29,55,6,12,High
9496,Fire,East,Morning,Saturday,Rainy,Low,Yes,8.0,8,10,92,9,17,High
9497,Medical,East,Afternoon,Saturday,Cloudy,Low,No,18.0,5,24,426,7,11,High
9498,Assault,Central,Afternoon,Friday,Cloudy,Low,Yes,13.0,5,10,282,8,6,High
9499,Fire,West,Night,Saturday,Cloudy,High,No,21.0,6,33,52,7,10,High
9500,Fire,West,Night,Saturday,Rainy,Medium,Yes,24.0,15,28,211,2,4,Low
9501,Medical,North,Afternoon,Friday,Cloudy,Low,No,12.0,30,27,189,7,14,High
9502,Theft,North,Afternoon,Tuesday,Cloudy,Medium,Yes,7.0,26,10,374,1,20,High
9503,Medical,North,Evening,Thursday,Sunny,Medium,No,15.0,23,10,460,3,13,High
9504,Assault,East,Afternoon,Saturday,Rainy,Low,No,6.0,27,17,484,3,20,High
9505,Theft,North,Night,Sunday,Cloudy,Medium,No,16.0,25,20,403,4,10,High
9506,Accident,Central,Morning,Wednesday,Cloudy,Low,Yes,11.0,29,18,173,2,16,High
9507,Medical,North,Morning,Sunday,Rainy,Medium,Yes,25.0,20,26,106,5,13,High
9508,Theft,North,Afternoon,Monday,Cloudy,Medium,No,5.0,27,13,250,3,15,High
9509,Assault,Central,Morning,Sunday,Sunny,Medium,Yes,5.0,6,25,361,4,4,Medium
9510,Theft,North,Afternoon,Sunday,Rainy,Low,No,14.0,13,22,448,7,8,High
9511,Assault,East,Morning,Saturday,Sunny,Low,No,23.0,13,9,401,4,16,High
9512,Fire,South,Evening,Saturday,Cloudy,High,Yes,6.0,17,25,115,9,3,High
9513,Fire,South,Evening,Monday,Cloudy,Low,No,8.0,6,7,88,10,20,High
9514,Medical,East,Evening,Saturday,Sunny,Medium,Yes,7.0,8,32,351,3,3,Medium
9515,Assault,East,Night,Tuesday,Cloudy,High,Yes,12.0,15,25,12,3,18,High
9516,Medical,South,Morning,Thursday,Rainy,High,No,10.0,8,31,391,5,7,High
9517,Theft,West,Morning,Sunday,Sunny,Medium,Yes,13.0,12,12,410,3,14,High
9518,Medical,West,Evening,Sunday,Rainy,Low,Yes,6.0,11,18,85,10,14,High
9519,Theft,East,Night,Wednesday,Cloudy,Medium,No,14.0,12,10,461,2,9,High
9520,Fire,South,Night,Monday,Rainy,Medium,No,9.0,24,10,489,7,9,High
9521,Medical,South,Evening,Wednesday,Sunny,Low,Yes,13.0,13,4,308,1,5,Medium
9522,Medical,East,Afternoon,Thursday,Sunny,Medium,Yes,23.0,20,6,165,10,17,High
9523,Fire,Central,Night,Tuesday,Rainy,Low,Yes,7.0,15,24,140,8,5,High
9524,Accident,West,Morning,Saturday,Cloudy,High,No,9.0,26,25,296,10,16,High
9525,Medical,South,Evening,Tuesday,Sunny,Medium,No,13.0,9,29,232,5,13,High
9526,Fire,Central,Afternoon,Tuesday,Rainy,Low,No,12.0,12,20,47,7,2,Medium
9527,Accident,East,Night,Sunday,Cloudy,High,No,24.0,25,21,291,9,15,High
9528,Accident,South,Morning,Thursday,Sunny,Medium,No,22.0,5,24,230,2,8,Medium
9529,Medical,North,Morning,Thursday,Rainy,High,No,5.0,19,4,105,6,5,High
9530,Accident,Central,Evening,Friday,Sunny,Low,No,12.0,28,28,309,5,12,High
9531,Accident,North,Afternoon,Thursday,Rainy,High,Yes,13.0,19,7,191,8,17,High
9532,Medical,East,Evening,Sunday,Sunny,Medium,Yes,4.0,9,27,316,7,20,High
9533,Theft,North,Night,Friday,Cloudy,Medium,No,21.0,15,22,61,7,4,High
9534,Accident,South,Night,Monday,Sunny,Medium,Yes,22.0,22,19,267,10,20,High
9535,Medical,West,Afternoon,Tuesday,Sunny,Low,Yes,19.0,12,27,180,1,5,Low
9536,Assault,North,Evening,Sunday,Rainy,Medium,Yes,6.0,20,15,485,8,8,High
9537,Theft,East,Morning,Sunday,Sunny,High,No,8.0,27,7,201,10,0,High
9538,Fire,North,Morning,Sunday,Sunny,High,No,21.0,27,16,151,1,14,Medium
9539,Fire,South,Night,Monday,Cloudy,Medium,No,25.0,11,29,219,3,20,High
9540,Assault,North,Afternoon,Monday,Cloudy,Low,No,15.0,24,19,384,7,0,High
9541,Fire,North,Morning,Thursday,Cloudy,Low,Yes,6.0,10,32,277,4,8,High
9542,Medical,West,Afternoon,Thursday,,,Yes,,27,21,64,6,16,High
9543,Theft,North,Morning,Saturday,Rainy,High,Yes,3.0,25,15,499,8,1,High
9544,Assault,West,Evening,Thursday,Cloudy,Low,No,8.0,17,14,312,10,16,High
9545,Fire,West,Night,Sunday,Sunny,Medium,No,3.0,11,27,279,3,11,High
9546,Accident,South,Morning,Sunday,Rainy,High,Yes,18.0,12,19,108,6,8,High
9547,Theft,Central,Afternoon,Monday,Sunny,High,Yes,23.0,13,33,329,9,1,High
9548,Assault,North,Evening,Wednesday,Sunny,High,No,8.0,19,20,55,1,2,Low
9549,Theft,East,Evening,Wednesday,Rainy,High,No,15.0,28,15,235,7,1,Medium
9550,Assault,East,Afternoon,Friday,Rainy,Medium,Yes,15.0,8,24,311,8,14,High
9551,Theft,Central,Morning,Friday,Rainy,Low,Yes,19.0,13,24,26,6,5,Medium
9552,Theft,North,Evening,Monday,Sunny,Low,No,20.0,26,16,136,3,7,Medium
9553,Medical,Central,Night,Thursday,Rainy,High,Yes,21.0,13,9,272,8,5,High
9554,Fire,North,Evening,Wednesday,Sunny,Low,No,19.0,10,33,337,1,8,Medium
9555,Medical,South,Morning,Friday,Rainy,Medium,Yes,6.0,7,30,365,9,0,High
9556,Theft,West,Afternoon,Sunday,Rainy,High,No,21.0,9,14,378,7,8,High
9557,Medical,East,Evening,Sunday,Rainy,Low,Yes,7.0,26,12,66,7,1,Medium
9558,Medical,East,Night,Saturday,Cloudy,High,Yes,20.0,30,21,485,2,19,High
9559,Fire,North,Evening,Thursday,Cloudy,Low,Yes,10.0,30,5,34,8,15,High
9560,Assault,East,Evening,Wednesday,Rainy,Medium,Yes,21.0,13,34,381,4,18,High
9561,Fire,North,Night,Friday,Sunny,Low,No,4.0,25,24,360,2,20,High
9562,Fire,East,Afternoon,Wednesday,Rainy,Low,Yes,6.0,11,32,420,10,13,High
9563,Assault,North,Evening,Thursday,Cloudy,Low,Yes,10.0,14,32,368,1,4,Medium
9564,Medical,South,Night,Tuesday,Cloudy,High,Yes,20.0,8,17,99,3,16,High
9565,Theft,North,Morning,Sunday,Cloudy,Medium,No,10.0,10,13,252,9,12,High
9566,Medical,East,Afternoon,Sunday,Rainy,Low,Yes,9.0,5,30,426,1,19,High
9567,Accident,West,Afternoon,Thursday,Rainy,Low,No,12.0,17,19,423,5,16,High
9568,Fire,North,Night,Tuesday,Rainy,High,Yes,15.0,26,19,180,3,9,Medium
9569,Assault,North,Evening,Thursday,Cloudy,Medium,No,16.0,23,28,69,2,10,Medium
9570,Theft,East,Afternoon,Tuesday,Cloudy,High,Yes,24.0,17,30,132,2,5,Low
9571,Medical,West,Morning,Wednesday,Rainy,Medium,No,3.0,5,17,107,1,7,Medium
9572,Theft,Central,Evening,Thursday,Cloudy,High,Yes,7.0,22,10,380,4,8,High
9573,Theft,West,Afternoon,Tuesday,Cloudy,High,No,8.0,5,11,259,10,20,High
9574,Medical,Central,Afternoon,Tuesday,Cloudy,Medium,Yes,16.0,14,35,384,2,2,Medium
9575,Fire,Central,Night,Wednesday,Cloudy,Medium,Yes,14.0,11,25,16,3,5,Medium
9576,Assault,North,Night,Wednesday,Sunny,Medium,Yes,20.0,18,25,358,3,14,High
9577,Theft,Central,Evening,Wednesday,Sunny,High,Yes,16.0,23,21,118,2,9,Medium
9578,Theft,Central,Evening,Thursday,Cloudy,Low,No,18.0,15,7,499,2,20,High
9579,Medical,South,Evening,Tuesday,Rainy,High,Yes,3.0,26,8,415,9,17,High
9580,Accident,South,Morning,Wednesday,Cloudy,High,Yes,5.0,12,20,381,9,15,High
9581,Assault,East,Evening,Thursday,Rainy,Low,No,10.0,16,20,256,7,11,High
9582,Fire,Central,Night,Sunday,Cloudy,Medium,Yes,23.0,25,16,456,3,3,Medium
9583,Medical,South,Morning,Monday,Cloudy,High,Yes,6.0,15,25,6,3,9,Medium
9584,Theft,South,Afternoon,Saturday,Sunny,High,Yes,10.0,8,15,152,7,13,High
9585,Medical,South,Evening,Monday,Sunny,High,No,4.0,25,29,362,1,19,High
9586,Medical,Central,Morning,Monday,Cloudy,Low,Yes,8.0,25,8,7,10,18,High
9587,Theft,South,Morning,Saturday,Rainy,Medium,Yes,14.0,11,8,396,4,4,Medium
9588,Medical,East,Morning,Tuesday,Sunny,Medium,Yes,3.0,12,10,372,8,0,High
9589,Accident,Central,Evening,Wednesday,Rainy,High,Yes,10.0,13,29,124,6,0,Medium
9590,Theft,East,Morning,Monday,Sunny,Low,No,10.0,28,31,423,3,9,High
9591,Theft,East,Evening,Monday,Sunny,Medium,No,16.0,29,7,22,5,17,High
9592,Accident,South,Night,Saturday,Rainy,Low,Yes,20.0,27,21,305,5,15,High
9593,Accident,East,Afternoon,Friday,Rainy,High,Yes,14.0,29,21,397,10,4,High
9594,Accident,North,Evening,Thursday,Cloudy,High,Yes,5.0,26,17,268,5,16,High
9595,Assault,Central,Evening,Thursday,Cloudy,Low,No,21.0,7,15,447,10,4,High
9596,Medical,Central,Evening,Monday,Cloudy,Low,Yes,4.0,6,32,54,8,2,High
9597,Medical,South,Night,Sunday,Sunny,Medium,No,10.0,23,31,31,9,8,High
9598,Accident,South,Afternoon,Monday,Sunny,High,No,9.0,8,34,101,10,8,High
9599,Medical,West,Night,Thursday,Sunny,High,No,8.0,30,21,214,3,0,Low
9600,Fire,North,Night,Friday,Sunny,Medium,Yes,16.0,9,18,101,8,9,High
9601,Medical,East,Morning,Friday,Sunny,High,No,10.0,11,12,226,10,10,High
9602,Fire,South,Night,Wednesday,Rainy,Medium,Yes,14.0,5,17,404,3,7,Medium
9603,Theft,Central,Afternoon,Thursday,Sunny,Medium,No,15.0,9,17,447,9,3,High
9604,Medical,West,Afternoon,Friday,Sunny,Medium,Yes,4.0,29,4,306,9,2,High
9605,Fire,Central,Night,Thursday,Rainy,Low,Yes,25.0,6,28,295,10,18,High
9606,Theft,South,Night,Sunday,Cloudy,High,Yes,23.0,15,11,335,4,5,Medium
9607,Fire,North,Morning,Thursday,Sunny,High,Yes,17.0,30,22,401,4,2,Medium
9608,Accident,East,Morning,Friday,Cloudy,Medium,No,5.0,28,34,209,1,10,Medium
9609,Assault,South,Morning,Wednesday,Rainy,High,Yes,12.0,28,15,456,2,13,High
9610,Fire,North,Morning,Saturday,Sunny,High,No,7.0,18,7,315,2,9,Medium
9611,Theft,North,Night,Thursday,Cloudy,Low,No,14.0,22,4,442,8,16,High
9612,Fire,Central,Morning,Sunday,Sunny,Medium,No,15.0,25,13,312,4,10,High
9613,Fire,West,Evening,Friday,Rainy,Medium,Yes,6.0,17,34,137,9,1,High
9614,Medical,West,Afternoon,Wednesday,Rainy,High,No,8.0,18,15,199,4,12,High
9615,Theft,North,Afternoon,Monday,Rainy,High,No,5.0,23,12,402,7,4,High
9616,Fire,West,Morning,Tuesday,Rainy,Low,Yes,24.0,27,10,367,10,0,High
9617,Accident,West,Morning,Friday,Sunny,High,No,3.0,16,11,283,5,9,High
9618,Fire,West,Night,Monday,Cloudy,Low,No,11.0,29,13,29,6,12,High
9619,Medical,South,Afternoon,Friday,Rainy,Low,Yes,16.0,28,9,265,8,5,High
9620,Medical,Central,Morning,Friday,Rainy,High,No,19.0,18,28,366,2,13,High
9621,Accident,North,Afternoon,Saturday,Sunny,Medium,No,4.0,14,5,222,2,16,High
9622,Accident,South,Morning,Monday,Rainy,Medium,Yes,16.0,12,22,274,3,12,High
9623,Theft,West,Evening,Saturday,Cloudy,Medium,No,25.0,23,22,405,4,3,Medium
9624,Fire,East,Night,Thursday,Cloudy,Low,No,20.0,29,23,117,4,10,High
9625,Assault,North,Afternoon,Wednesday,Rainy,High,Yes,10.0,20,16,7,6,8,High
9626,Medical,East,Afternoon,Sunday,Sunny,High,Yes,18.0,25,22,6,2,8,Medium
9627,Theft,West,Morning,Tuesday,Rainy,High,No,25.0,20,7,357,5,13,High
9628,Fire,West,Evening,Monday,Rainy,Low,No,20.0,29,8,70,4,2,Medium
9629,Assault,West,Morning,Sunday,Cloudy,Low,Yes,18.0,29,27,169,10,13,High
9630,Fire,South,Afternoon,Thursday,,,No,,11,22,116,2,10,Medium
9631,Accident,East,Evening,Friday,Rainy,Low,Yes,13.0,25,14,304,2,20,High
9632,Assault,Central,Afternoon,Thursday,Cloudy,High,Yes,7.0,19,31,221,4,4,Medium
9633,Theft,West,Evening,Saturday,Rainy,Low,Yes,5.0,11,16,481,6,8,High
9634,Medical,North,Evening,Monday,Rainy,Low,Yes,23.0,11,30,124,9,13,High
9635,Assault,East,Night,Tuesday,Cloudy,Medium,Yes,7.0,5,22,140,5,3,Medium
9636,Fire,South,Morning,Sunday,Rainy,Low,Yes,23.0,25,28,435,5,12,High
9637,Assault,East,Morning,Monday,Sunny,Low,Yes,3.0,19,17,2,9,16,High
9638,Accident,North,Morning,Wednesday,Cloudy,Low,Yes,11.0,24,34,467,8,8,High
9639,Medical,North,Morning,Wednesday,Sunny,Medium,Yes,25.0,30,32,274,9,1,High
9640,Fire,South,Night,Tuesday,Sunny,High,Yes,3.0,5,10,232,6,8,High
9641,Medical,Central,Morning,Friday,Sunny,High,Yes,22.0,29,14,386,1,2,Low
9642,Assault,Central,Morning,Friday,Rainy,High,No,13.0,5,26,21,1,11,Medium
9643,Theft,South,Afternoon,Tuesday,Sunny,Medium,Yes,15.0,10,30,326,10,8,High
9644,Theft,West,Afternoon,Saturday,Sunny,Low,Yes,5.0,17,15,8,9,17,High
9645,Fire,East,Afternoon,Friday,Rainy,Medium,Yes,12.0,29,31,36,8,7,High
9646,Accident,North,Morning,Sunday,Sunny,Medium,Yes,7.0,28,7,222,7,10,High
9647,Medical,East,Morning,Monday,Cloudy,Medium,Yes,23.0,19,28,127,4,1,Low
9648,Medical,Central,Morning,Saturday,,,Yes,,8,34,106,4,18,High
9649,Medical,Central,Afternoon,Sunday,Rainy,Medium,Yes,7.0,22,11,90,2,4,Medium
9650,Accident,Central,Night,Tuesday,Cloudy,High,No,16.0,9,21,269,6,4,High
9651,Theft,North,Morning,Monday,Cloudy,Low,Yes,13.0,17,25,365,8,3,High
9652,Theft,East,Afternoon,Wednesday,Sunny,High,Yes,25.0,28,13,220,6,15,High
9653,Assault,North,Night,Monday,Cloudy,Low,No,7.0,20,24,121,9,11,High
9654,Assault,North,Evening,Monday,Sunny,Medium,No,18.0,9,33,355,10,12,High
9655,Medical,North,Afternoon,Wednesday,Rainy,Low,No,19.0,29,32,392,3,8,High
9656,Theft,Central,Afternoon,Wednesday,Sunny,Low,Yes,18.0,30,4,339,7,7,High
9657,Assault,South,Afternoon,Thursday,Rainy,High,Yes,21.0,17,15,407,9,2,High
9658,Fire,South,Night,Tuesday,Sunny,Medium,Yes,18.0,19,32,400,9,8,High
9659,Assault,North,Night,Wednesday,Rainy,High,No,20.0,24,31,450,6,4,High
9660,Fire,Central,Afternoon,Wednesday,Sunny,Medium,Yes,24.0,16,33,80,4,11,High
9661,Accident,North,Evening,Sunday,Cloudy,Low,Yes,19.0,24,27,171,7,5,High
9662,Assault,West,Morning,Monday,Rainy,Low,No,10.0,20,7,368,7,6,High
9663,Fire,South,Morning,Saturday,Rainy,Low,Yes,22.0,22,34,415,6,15,High
9664,Fire,East,Evening,Friday,Cloudy,High,No,20.0,26,6,16,4,17,High
9665,Fire,West,Evening,Thursday,Rainy,Medium,Yes,6.0,24,14,136,2,5,Medium
9666,Accident,South,Afternoon,Friday,Rainy,High,Yes,20.0,24,20,355,5,11,High
9667,Assault,North,Evening,Saturday,Rainy,Low,No,25.0,21,20,229,6,16,High
9668,Theft,South,Evening,Wednesday,Sunny,Low,No,23.0,16,20,255,10,0,High
9669,Assault,West,Evening,Sunday,Rainy,Low,No,10.0,27,24,332,6,7,High
9670,Accident,Central,Evening,Friday,Rainy,Low,No,16.0,10,29,439,3,11,High
9671,Medical,East,Night,Sunday,Cloudy,High,Yes,19.0,7,4,338,7,1,High
9672,Accident,North,Night,Sunday,Sunny,Medium,No,21.0,21,16,157,1,11,Medium
9673,Assault,West,Evening,Friday,Sunny,Medium,No,10.0,9,4,472,5,8,High
9674,Medical,Central,Evening,Wednesday,Cloudy,High,No,18.0,19,21,304,9,16,High
9675,Accident,East,Night,Sunday,Rainy,High,No,24.0,21,8,205,1,14,Medium
9676,Medical,East,Morning,Monday,Rainy,Low,No,22.0,9,20,411,6,18,High
9677,Assault,West,Morning,Saturday,Sunny,High,Yes,10.0,12,29,414,4,8,High
9678,Medical,East,Afternoon,Wednesday,Sunny,Medium,No,21.0,7,5,351,1,14,High
9679,Accident,West,Night,Tuesday,Cloudy,Medium,Yes,8.0,30,15,350,7,11,High
9680,Theft,East,Morning,Sunday,Sunny,Low,No,25.0,16,18,387,4,0,Medium
9681,Assault,West,Afternoon,Tuesday,Sunny,Low,No,8.0,15,23,257,1,15,High
9682,Accident,North,Night,Monday,Sunny,Low,Yes,19.0,30,14,481,2,10,High
9683,Accident,South,Afternoon,Sunday,Rainy,Medium,No,22.0,26,33,385,10,10,High
9684,Assault,North,Night,Thursday,Rainy,High,No,5.0,14,9,298,6,6,High
9685,Fire,East,Afternoon,Monday,Sunny,Low,No,10.0,17,4,20,5,19,High
9686,Assault,East,Morning,Thursday,Cloudy,Low,No,15.0,9,17,69,1,10,Medium
9687,Assault,North,Night,Thursday,Rainy,Low,Yes,14.0,20,23,218,4,0,Medium
9688,Theft,North,Afternoon,Thursday,Cloudy,Medium,No,25.0,15,11,21,2,1,Low
9689,Fire,Central,Afternoon,Saturday,Cloudy,High,Yes,15.0,29,33,104,2,16,High
9690,Fire,Central,Evening,Friday,Cloudy,Medium,No,13.0,16,8,284,6,13,High
9691,Fire,North,Night,Thursday,Cloudy,Medium,Yes,16.0,12,27,458,1,10,Medium
9692,Fire,East,Afternoon,Friday,Rainy,Medium,No,5.0,5,32,151,9,2,High
9693,Medical,South,Night,Tuesday,Sunny,High,No,18.0,8,18,379,2,2,Low
9694,Medical,North,Afternoon,Tuesday,Cloudy,Low,No,21.0,9,13,70,9,11,High
9695,Fire,South,Evening,Saturday,Sunny,High,No,8.0,26,17,347,2,17,High
9696,Medical,East,Morning,Friday,Sunny,Medium,No,25.0,5,34,429,7,0,Medium
9697,Medical,North,Evening,Monday,Rainy,High,Yes,11.0,7,10,185,8,1,High
9698,Fire,Central,Night,Thursday,Cloudy,Medium,Yes,22.0,10,12,88,2,12,Medium
9699,Assault,Central,Night,Friday,Sunny,High,Yes,10.0,29,11,108,10,13,High
9700,Accident,South,Afternoon,Tuesday,Cloudy,High,Yes,4.0,28,7,430,4,19,High
9701,Fire,West,Evening,Thursday,Rainy,Low,No,23.0,16,30,38,5,5,Medium
9702,Assault,North,Night,Saturday,Sunny,Medium,Yes,12.0,28,6,35,7,16,High
9703,Fire,East,Afternoon,Thursday,Sunny,Low,No,18.0,13,11,196,2,2,Low
9704,Medical,West,Morning,Thursday,Sunny,High,Yes,8.0,14,4,5,9,6,High
9705,Theft,South,Morning,Wednesday,Rainy,Medium,Yes,13.0,14,5,488,5,15,High
9706,Theft,North,Night,Monday,Rainy,Low,Yes,20.0,22,30,489,7,0,High
9707,Fire,North,Morning,Saturday,Sunny,High,No,17.0,6,25,263,4,19,High
9708,Medical,West,Morning,Monday,Cloudy,Low,Yes,4.0,30,9,26,10,20,High
9709,Medical,North,Afternoon,Friday,Cloudy,High,Yes,17.0,17,8,375,7,20,High
9710,Medical,Central,Morning,Monday,Cloudy,Low,No,6.0,23,17,8,2,6,Medium
9711,Accident,West,Night,Monday,Rainy,Low,Yes,8.0,11,8,160,8,3,High
9712,Fire,Central,Morning,Tuesday,Sunny,High,Yes,22.0,10,35,39,1,20,High
9713,Medical,Central,Evening,Saturday,Sunny,High,No,15.0,11,5,452,4,2,Medium
9714,Accident,East,Evening,Thursday,Cloudy,Low,No,23.0,12,29,21,4,19,High
9715,Medical,West,Morning,Saturday,Cloudy,High,Yes,17.0,21,24,420,5,1,Medium
9716,Theft,Central,Afternoon,Thursday,Cloudy,Low,Yes,7.0,23,16,486,2,18,High
9717,Theft,South,Afternoon,Thursday,Sunny,Medium,No,21.0,13,4,174,4,19,High
9718,Medical,North,Evening,Saturday,Cloudy,High,No,10.0,23,32,105,1,7,Medium
9719,Fire,North,Afternoon,Tuesday,Rainy,Low,No,16.0,27,25,416,2,10,High
9720,Accident,North,Night,Friday,Cloudy,High,Yes,3.0,8,20,245,8,10,High
9721,Fire,South,Afternoon,Monday,Sunny,Medium,No,18.0,27,9,428,1,14,High
9722,Accident,East,Night,Saturday,Cloudy,High,Yes,25.0,30,12,442,1,18,High
9723,Theft,East,Evening,Friday,Sunny,Low,No,17.0,20,6,95,8,4,High
9724,Fire,North,Morning,Sunday,Rainy,Medium,No,16.0,25,10,389,4,15,High
9725,Medical,West,Evening,Friday,Sunny,High,No,25.0,21,4,497,3,0,Medium
9726,Medical,North,Afternoon,Sunday,,,No,,27,30,195,2,14,High
9727,Fire,North,Night,Thursday,Cloudy,Medium,No,11.0,24,15,314,4,6,High
9728,Theft,Central,Evening,Thursday,,,Yes,,17,34,110,8,6,High
9729,Fire,Central,Morning,Saturday,Cloudy,High,Yes,7.0,30,30,378,4,18,High
9730,Fire,West,Evening,Friday,Sunny,High,No,22.0,27,25,439,8,17,High
9731,Accident,North,Night,Monday,Rainy,Medium,Yes,25.0,16,12,189,5,5,Medium
9732,Theft,West,Evening,Wednesday,Cloudy,Low,No,10.0,23,26,250,9,5,High
9733,Assault,South,Afternoon,Wednesday,Rainy,Low,No,10.0,9,31,449,9,2,High
9734,Assault,East,Evening,Friday,Rainy,Low,No,20.0,25,13,107,9,14,High
9735,Fire,North,Afternoon,Monday,Sunny,Low,Yes,24.0,25,16,249,10,3,High
9736,Assault,North,Morning,Sunday,Sunny,Medium,Yes,17.0,12,18,126,1,6,Low
9737,Fire,South,Afternoon,Tuesday,Rainy,Medium,Yes,6.0,27,34,221,2,19,High
9738,Medical,West,Night,Thursday,Cloudy,Low,Yes,24.0,16,13,39,2,17,High
9739,Assault,North,Morning,Tuesday,Sunny,Medium,No,18.0,29,33,104,6,1,Medium
9740,Assault,North,Evening,Thursday,Rainy,High,Yes,23.0,13,4,55,4,2,Medium
9741,Accident,South,Night,Saturday,Cloudy,Low,Yes,16.0,20,5,476,3,6,Medium
9742,Fire,East,Morning,Thursday,Cloudy,Low,Yes,23.0,16,9,59,6,20,High
9743,Assault,North,Evening,Saturday,Sunny,Low,No,12.0,17,6,171,6,2,Medium
9744,Accident,South,Afternoon,Friday,Rainy,High,Yes,6.0,19,15,99,2,7,Medium
9745,Fire,South,Afternoon,Sunday,Rainy,High,No,7.0,27,12,473,10,1,High
9746,Theft,North,Night,Tuesday,Cloudy,Medium,No,16.0,6,17,10,7,1,Medium
9747,Assault,Central,Afternoon,Wednesday,Sunny,High,Yes,21.0,29,14,325,10,19,High
9748,Medical,Central,Evening,Wednesday,Sunny,Low,No,4.0,24,10,190,9,12,High
9749,Fire,Central,Morning,Friday,Sunny,Low,No,14.0,17,27,71,10,20,High
9750,Fire,West,Night,Friday,Cloudy,High,Yes,6.0,13,33,248,7,10,High
9751,Assault,Central,Evening,Friday,Sunny,High,Yes,7.0,5,32,132,5,5,Medium
9752,Medical,North,Afternoon,Sunday,Cloudy,Medium,Yes,17.0,27,10,110,4,2,Medium
9753,Fire,South,Morning,Sunday,Rainy,Low,Yes,11.0,17,24,134,7,11,High
9754,Fire,East,Morning,Monday,Cloudy,Medium,Yes,25.0,8,4,332,8,6,High
9755,Fire,East,Afternoon,Monday,Cloudy,High,No,18.0,20,9,101,6,15,High
9756,Theft,East,Morning,Friday,Sunny,Low,No,14.0,24,27,175,6,9,High
9757,Theft,Central,Afternoon,Thursday,Cloudy,Low,Yes,20.0,25,33,142,6,7,High
9758,Assault,South,Morning,Tuesday,Sunny,High,Yes,3.0,5,18,296,2,17,High
9759,Fire,South,Afternoon,Tuesday,Rainy,High,Yes,8.0,20,6,64,8,6,High
9760,Medical,Central,Morning,Wednesday,Cloudy,Medium,Yes,5.0,6,5,153,1,19,High
9761,Assault,East,Afternoon,Thursday,Rainy,Low,No,15.0,29,5,13,4,17,High
9762,Theft,South,Night,Monday,Sunny,High,Yes,8.0,7,22,143,10,15,High
9763,Fire,Central,Night,Wednesday,Rainy,High,Yes,24.0,26,33,348,10,11,High
9764,Medical,East,Morning,Friday,Rainy,High,Yes,17.0,8,30,232,3,12,High
9765,Accident,East,Morning,Friday,Cloudy,Low,No,19.0,17,21,473,8,4,High
9766,Medical,South,Morning,Saturday,Cloudy,High,Yes,9.0,12,14,355,4,2,Medium
9767,Accident,East,Evening,Wednesday,Sunny,High,Yes,17.0,11,7,37,8,1,Medium
9768,Assault,East,Afternoon,Monday,Cloudy,Low,No,18.0,8,21,288,10,2,High
9769,Fire,West,Morning,Saturday,Cloudy,Medium,Yes,14.0,21,13,72,5,8,High
9770,Fire,South,Morning,Sunday,Sunny,High,Yes,8.0,20,13,102,5,7,High
9771,Fire,East,Evening,Saturday,Cloudy,Medium,Yes,15.0,26,32,406,9,14,High
9772,Fire,East,Morning,Wednesday,Rainy,High,No,8.0,9,7,422,8,18,High
9773,Accident,North,Night,Sunday,Sunny,Medium,No,13.0,28,33,145,3,14,High
9774,Assault,East,Afternoon,Wednesday,Rainy,High,Yes,23.0,19,27,362,3,14,High
9775,Accident,South,Evening,Sunday,Cloudy,Medium,No,14.0,7,4,227,1,5,Low
9776,Accident,South,Night,Wednesday,Cloudy,High,No,15.0,5,4,211,6,17,High
9777,Theft,Central,Morning,Wednesday,Cloudy,Low,No,10.0,29,33,123,2,20,High
9778,Fire,West,Afternoon,Tuesday,Cloudy,High,No,15.0,26,34,471,6,1,High
9779,Theft,East,Afternoon,Monday,Sunny,High,No,16.0,17,32,8,3,6,Medium
9780,Assault,West,Night,Saturday,Sunny,High,Yes,8.0,30,24,246,6,13,High
9781,Fire,West,Morning,Thursday,Rainy,High,No,6.0,18,22,402,4,9,High
9782,Accident,South,Afternoon,Thursday,,,No,,10,20,315,2,6,Medium
9783,Assault,West,Morning,Sunday,Sunny,Low,No,18.0,13,14,119,9,2,High
9784,Accident,North,Night,Friday,Cloudy,High,No,3.0,9,15,279,10,4,High
9785,Theft,West,Night,Sunday,Cloudy,Low,No,20.0,30,27,183,7,3,High
9786,Theft,West,Morning,Sunday,Rainy,Low,No,11.0,11,22,185,3,10,High
9787,Assault,Central,Afternoon,Monday,Sunny,Medium,Yes,5.0,30,21,395,4,0,Medium
9788,Fire,Central,Morning,Tuesday,Cloudy,Low,Yes,10.0,7,33,10,3,18,High
9789,Medical,South,Afternoon,Saturday,Sunny,Low,Yes,21.0,9,13,261,8,12,High
9790,Assault,East,Evening,Tuesday,Sunny,Medium,No,3.0,30,14,312,2,2,Medium
9791,Assault,South,Evening,Tuesday,,,No,,17,20,426,8,13,High
9792,Medical,North,Night,Wednesday,Sunny,Low,No,4.0,6,34,193,3,9,High
9793,Assault,South,Morning,Sunday,Sunny,Low,Yes,15.0,28,19,92,6,10,High
9794,Medical,Central,Night,Thursday,Sunny,Low,Yes,10.0,27,7,96,7,2,Medium
9795,Theft,South,Night,Tuesday,Rainy,Low,No,18.0,27,4,119,7,9,High
9796,Accident,Central,Afternoon,Friday,Sunny,High,No,11.0,10,31,401,8,13,High
9797,Accident,South,Afternoon,Wednesday,Rainy,Low,No,7.0,24,34,477,2,7,Medium
9798,Accident,North,Night,Friday,Rainy,Medium,Yes,3.0,22,23,25,2,11,Medium
9799,Medical,East,Evening,Monday,Sunny,High,Yes,20.0,18,19,46,6,1,Medium
9800,Medical,East,Afternoon,Saturday,Cloudy,High,No,4.0,7,25,181,7,1,High
9801,Fire,East,Afternoon,Saturday,Rainy,High,No,22.0,15,28,355,7,1,High
9802,Accident,South,Morning,Saturday,Rainy,High,Yes,9.0,20,15,215,7,13,High
9803,Assault,Central,Afternoon,Saturday,Rainy,Low,No,16.0,16,5,229,4,13,High
9804,Theft,South,Night,Monday,Sunny,Medium,No,9.0,13,17,102,9,16,High
9805,Assault,East,Afternoon,Sunday,Sunny,Low,Yes,10.0,7,17,431,6,9,High
9806,Fire,Central,Afternoon,Tuesday,Cloudy,High,Yes,4.0,21,23,42,9,20,High
9807,Medical,North,Morning,Saturday,Rainy,Medium,Yes,10.0,25,9,73,4,2,Medium
9808,Assault,Central,Morning,Saturday,Rainy,High,No,15.0,9,22,287,8,19,High
9809,Assault,South,Night,Saturday,Cloudy,Low,Yes,11.0,9,9,180,9,19,High
9810,Fire,Central,Afternoon,Saturday,Sunny,Low,Yes,13.0,24,9,108,2,20,High
9811,Medical,East,Night,Saturday,Sunny,Medium,Yes,12.0,18,31,439,8,16,High
9812,Medical,Central,Afternoon,Saturday,Rainy,High,No,8.0,20,17,84,9,6,High
9813,Fire,North,Night,Thursday,Sunny,Medium,No,21.0,25,32,43,5,7,Medium
9814,Accident,Central,Evening,Friday,Rainy,Medium,Yes,12.0,23,6,220,6,3,High
9815,Fire,East,Evening,Monday,Sunny,Medium,Yes,22.0,14,21,36,2,5,Low
9816,Medical,North,Night,Monday,Rainy,Medium,Yes,11.0,29,9,327,2,15,High
9817,Theft,North,Night,Tuesday,Cloudy,High,No,14.0,18,26,423,5,20,High
9818,Medical,East,Night,Saturday,Sunny,High,Yes,22.0,25,30,128,8,2,High
9819,Fire,West,Afternoon,Friday,Rainy,Low,No,4.0,21,12,351,5,11,High
9820,Accident,West,Evening,Friday,Cloudy,High,Yes,25.0,11,14,356,4,11,High
9821,Theft,Central,Morning,Tuesday,Rainy,Medium,Yes,4.0,23,4,225,2,6,Medium
9822,Accident,East,Evening,Sunday,,,Yes,,24,9,349,1,7,Medium
9823,Accident,North,Morning,Friday,Sunny,Low,Yes,15.0,25,8,223,3,15,High
9824,Assault,East,Morning,Sunday,Sunny,Low,No,11.0,19,21,140,1,7,Medium
9825,Theft,East,Morning,Friday,Sunny,Medium,No,8.0,22,30,261,4,2,Medium
9826,Assault,South,Morning,Saturday,Sunny,Medium,No,12.0,29,21,182,5,15,High
9827,Medical,West,Night,Sunday,Cloudy,Medium,No,20.0,18,9,139,5,0,Medium
9828,Fire,North,Evening,Friday,Sunny,High,Yes,18.0,24,20,194,6,15,High
9829,Accident,East,Morning,Wednesday,Rainy,Medium,No,12.0,25,22,190,10,18,High
9830,Assault,North,Afternoon,Tuesday,Cloudy,Low,Yes,22.0,20,11,393,6,2,Medium
9831,Fire,West,Night,Saturday,Cloudy,Medium,Yes,20.0,8,27,21,1,15,Medium
9832,Accident,North,Afternoon,Thursday,Rainy,Low,Yes,23.0,28,26,65,3,12,High
9833,Assault,South,Morning,Friday,Sunny,High,Yes,4.0,27,13,261,5,19,High
9834,Medical,West,Evening,Saturday,Sunny,High,No,23.0,20,35,478,5,0,Medium
9835,Accident,Central,Night,Thursday,Sunny,Medium,Yes,12.0,15,24,441,4,13,High
9836,Assault,South,Evening,Saturday,Sunny,Low,Yes,15.0,30,21,320,9,0,High
9837,Theft,Central,Morning,Tuesday,Sunny,Low,No,25.0,15,25,392,4,3,Medium
9838,Assault,Central,Evening,Tuesday,Rainy,Low,No,11.0,27,11,469,6,0,Medium
9839,Accident,South,Afternoon,Sunday,Rainy,Medium,No,22.0,25,33,273,1,19,High
9840,Medical,North,Morning,Thursday,Cloudy,Low,No,8.0,10,23,355,5,7,High
9841,Theft,Central,Morning,Thursday,Sunny,High,Yes,17.0,6,22,173,4,9,High
9842,Assault,East,Night,Tuesday,Sunny,Low,No,20.0,10,29,86,9,7,High
9843,Medical,North,Afternoon,Saturday,Cloudy,Medium,No,4.0,20,20,483,5,10,High
9844,Theft,East,Afternoon,Monday,Sunny,Low,Yes,16.0,7,12,42,10,15,High
9845,Fire,South,Morning,Tuesday,Rainy,Medium,No,15.0,25,30,197,1,20,High
9846,Accident,North,Evening,Sunday,Sunny,Low,No,3.0,25,15,159,9,6,High
9847,Accident,East,Evening,Thursday,Rainy,Low,No,17.0,23,5,294,10,16,High
9848,Assault,East,Afternoon,Thursday,Rainy,High,No,15.0,20,22,271,4,2,Medium
9849,Theft,South,Evening,Sunday,Rainy,Medium,No,12.0,30,28,500,6,2,High
9850,Theft,West,Morning,Tuesday,Rainy,Low,No,16.0,22,13,4,9,16,High
9851,Accident,South,Afternoon,Friday,Rainy,Medium,Yes,22.0,8,25,77,5,11,High
9852,Assault,Central,Morning,Saturday,Cloudy,Medium,Yes,17.0,5,6,361,9,15,High
9853,Medical,West,Night,Thursday,Cloudy,Low,Yes,5.0,20,15,419,5,10,High
9854,Assault,West,Night,Sunday,Sunny,Medium,No,12.0,13,16,429,9,16,High
9855,Medical,South,Afternoon,Tuesday,Sunny,Medium,Yes,15.0,14,5,418,3,16,High
9856,Fire,South,Evening,Sunday,Sunny,Low,Yes,6.0,30,17,415,7,16,High
9857,Accident,West,Afternoon,Friday,Rainy,Low,No,7.0,25,28,150,3,10,High
9858,Assault,East,Evening,Friday,Cloudy,Low,Yes,18.0,14,22,344,7,9,High
9859,Medical,Central,Night,Sunday,Sunny,Low,Yes,19.0,28,25,224,1,19,High
9860,Medical,South,Afternoon,Tuesday,Rainy,Medium,No,19.0,14,21,500,2,3,Medium
9861,Theft,South,Morning,Saturday,Sunny,Medium,No,14.0,12,20,262,1,3,Low
9862,Theft,Central,Afternoon,Thursday,Rainy,Low,No,17.0,12,16,170,3,1,Low
9863,Assault,North,Afternoon,Tuesday,Rainy,High,Yes,19.0,20,7,75,7,6,High
9864,Assault,South,Night,Wednesday,Sunny,Low,No,25.0,23,23,346,3,8,Medium
9865,Accident,South,Evening,Wednesday,Sunny,Medium,Yes,10.0,16,21,460,1,11,High
9866,Accident,North,Evening,Monday,Sunny,Medium,No,21.0,11,33,288,3,0,Low
9867,Assault,East,Afternoon,Tuesday,Cloudy,High,Yes,8.0,23,6,188,3,8,Medium
9868,Theft,Central,Afternoon,Friday,Cloudy,Low,Yes,15.0,10,16,163,7,20,High
9869,Theft,South,Morning,Wednesday,Sunny,Medium,No,23.0,27,20,170,2,1,Low
9870,Accident,Central,Evening,Monday,Sunny,High,No,25.0,30,10,288,10,5,High
9871,Medical,Central,Night,Tuesday,Rainy,Medium,Yes,16.0,18,11,469,3,4,Medium
9872,Assault,East,Evening,Saturday,Sunny,High,Yes,7.0,21,14,335,6,19,High
9873,Medical,East,Night,Saturday,Rainy,Low,No,7.0,20,11,265,5,16,High
9874,Accident,East,Morning,Sunday,Sunny,Low,Yes,22.0,29,35,229,3,4,Medium
9875,Accident,East,Evening,Monday,Cloudy,Medium,No,15.0,5,31,33,7,0,Medium
9876,Fire,East,Morning,Monday,Rainy,High,No,5.0,22,9,370,3,5,Medium
9877,Assault,South,Evening,Wednesday,Sunny,Medium,No,5.0,10,17,272,1,16,High
9878,Medical,West,Afternoon,Friday,Sunny,Low,Yes,23.0,15,5,9,2,12,Medium
9879,Assault,South,Afternoon,Tuesday,Sunny,Medium,Yes,9.0,14,22,427,10,19,High
9880,Theft,North,Afternoon,Tuesday,Sunny,Medium,No,10.0,21,30,455,7,8,High
9881,Fire,West,Morning,Saturday,Rainy,Medium,Yes,15.0,21,21,265,5,6,High
9882,Accident,North,Morning,Wednesday,Rainy,Low,No,7.0,23,20,336,7,2,High
9883,Fire,East,Morning,Wednesday,Rainy,Medium,No,13.0,20,25,409,8,20,High
9884,Theft,West,Afternoon,Tuesday,Rainy,Medium,Yes,7.0,10,10,269,2,4,Medium
9885,Fire,East,Night,Sunday,Sunny,Medium,Yes,5.0,9,15,97,4,19,High
9886,Theft,West,Morning,Thursday,Sunny,Medium,No,3.0,6,34,61,9,3,High
9887,Fire,Central,Night,Thursday,Rainy,High,No,20.0,19,5,364,4,13,High
9888,Assault,West,Evening,Saturday,,,No,,27,25,241,7,11,High
9889,Assault,South,Evening,Tuesday,Sunny,Medium,Yes,13.0,5,16,251,3,9,High
9890,Assault,South,Night,Saturday,Sunny,High,Yes,17.0,8,10,134,9,10,High
9891,Fire,East,Afternoon,Tuesday,Rainy,Medium,Yes,11.0,21,16,495,10,11,High
9892,Fire,Central,Afternoon,Friday,Rainy,Low,No,5.0,10,32,83,9,3,High
9893,Fire,Central,Morning,Saturday,Rainy,Low,Yes,17.0,18,6,389,7,4,High
9894,Assault,West,Morning,Thursday,Sunny,Low,Yes,10.0,21,8,378,7,12,High
9895,Assault,Central,Night,Thursday,Cloudy,High,No,5.0,21,9,497,5,11,High
9896,Assault,South,Afternoon,Saturday,Cloudy,High,Yes,7.0,27,26,45,8,7,High
9897,Assault,North,Afternoon,Friday,Cloudy,High,No,5.0,25,6,339,4,15,High
9898,Medical,North,Night,Tuesday,Sunny,Low,Yes,20.0,11,11,84,10,10,High
9899,Assault,West,Morning,Thursday,Sunny,Low,No,19.0,22,23,42,8,8,High
9900,Theft,Central,Evening,Thursday,Rainy,Low,Yes,19.0,19,28,173,1,12,Medium
9901,Fire,Central,Night,Monday,Cloudy,High,No,11.0,26,30,195,1,11,Medium
9902,Fire,North,Evening,Sunday,Sunny,High,No,23.0,16,26,176,10,4,High
9903,Theft,West,Morning,Monday,Cloudy,High,No,7.0,15,4,188,9,3,High
9904,Assault,South,Morning,Wednesday,Sunny,High,Yes,5.0,20,18,262,3,8,High
9905,Assault,North,Night,Wednesday,Cloudy,Medium,Yes,4.0,6,22,99,5,16,High
9906,Assault,West,Morning,Wednesday,Sunny,High,Yes,16.0,8,32,201,10,17,High
9907,Assault,West,Evening,Friday,Sunny,Medium,No,12.0,30,31,466,4,4,Medium
9908,Accident,Central,Night,Saturday,Cloudy,Low,No,13.0,13,26,297,9,19,High
9909,Fire,East,Night,Friday,Cloudy,Medium,No,12.0,7,8,438,4,2,Medium
9910,Fire,West,Morning,Monday,Rainy,Low,Yes,15.0,19,12,185,10,16,High
9911,Assault,South,Evening,Sunday,Cloudy,Low,No,19.0,13,7,177,2,3,Low
9912,Medical,Central,Evening,Tuesday,Cloudy,Medium,No,20.0,19,31,463,9,13,High
9913,Medical,South,Afternoon,Friday,Sunny,Low,Yes,3.0,25,24,440,6,15,High
9914,Assault,Central,Afternoon,Friday,Rainy,Low,Yes,3.0,19,19,234,7,13,High
9915,Accident,West,Morning,Thursday,Sunny,Medium,Yes,23.0,26,17,351,7,17,High
9916,Theft,Central,Night,Sunday,Rainy,Low,No,24.0,7,14,284,1,6,Medium
9917,Theft,Central,Evening,Monday,Sunny,High,Yes,10.0,9,30,68,6,14,High
9918,Accident,East,Afternoon,Thursday,Sunny,High,No,11.0,21,17,222,4,6,Medium
9919,Fire,West,Evening,Tuesday,Sunny,Low,Yes,24.0,28,19,383,3,8,Medium
9920,Accident,West,Afternoon,Monday,Sunny,High,Yes,14.0,26,9,306,3,12,High
9921,Medical,East,Evening,Wednesday,Cloudy,Medium,Yes,6.0,30,30,419,7,5,High
9922,Accident,Central,Afternoon,Thursday,Rainy,Medium,Yes,10.0,25,17,392,10,0,High
9923,Fire,East,Night,Tuesday,Cloudy,High,No,3.0,15,34,450,5,0,Medium
9924,Medical,East,Morning,Wednesday,Sunny,High,No,17.0,5,33,167,10,4,High
9925,Medical,North,Night,Thursday,Sunny,Medium,No,19.0,10,19,351,1,18,High
9926,Assault,West,Morning,Sunday,Sunny,High,No,18.0,27,27,325,7,15,High
9927,Accident,North,Evening,Monday,Cloudy,Medium,Yes,24.0,25,30,285,8,5,High
9928,Theft,North,Evening,Thursday,Rainy,Medium,No,23.0,12,33,31,6,18,High
9929,Assault,West,Afternoon,Saturday,Sunny,Low,No,13.0,13,15,426,9,9,High
9930,Assault,East,Morning,Thursday,Sunny,Medium,No,20.0,20,23,160,5,6,Medium
9931,Fire,Central,Morning,Wednesday,Cloudy,Medium,Yes,7.0,23,17,327,8,3,High
9932,Theft,East,Morning,Thursday,Rainy,High,No,18.0,8,29,73,10,8,High
9933,Theft,West,Night,Saturday,Sunny,Medium,No,17.0,6,5,171,2,2,Low
9934,Theft,North,Night,Thursday,Sunny,Low,Yes,12.0,14,8,12,6,16,High
9935,Medical,West,Night,Saturday,Rainy,High,No,16.0,15,22,478,2,13,High
9936,Medical,West,Night,Sunday,Cloudy,Medium,Yes,5.0,25,26,471,6,17,High
9937,Accident,East,Night,Monday,Rainy,High,No,15.0,10,14,11,8,11,High
9938,Accident,West,Morning,Thursday,Rainy,High,Yes,10.0,15,12,354,10,16,High
9939,Theft,East,Afternoon,Monday,Cloudy,High,No,23.0,15,13,419,6,18,High
9940,Accident,South,Night,Friday,,,Yes,,7,35,291,7,7,High
9941,Fire,West,Night,Sunday,Sunny,High,Yes,22.0,22,30,447,6,3,High
9942,Accident,East,Night,Tuesday,Rainy,Medium,No,5.0,14,35,458,6,17,High
9943,Theft,North,Morning,Sunday,Sunny,High,Yes,14.0,7,17,432,3,14,High
9944,Theft,South,Morning,Monday,Sunny,Medium,No,6.0,18,18,8,1,15,High
9945,Fire,South,Morning,Wednesday,Sunny,High,No,5.0,7,18,235,8,15,High
9946,Fire,South,Afternoon,Thursday,Rainy,Low,Yes,15.0,25,28,118,1,18,High
9947,Medical,West,Evening,Monday,Rainy,Low,No,15.0,9,12,75,6,11,High
9948,Accident,Central,Morning,Thursday,Cloudy,Medium,No,16.0,25,9,263,3,1,Medium
9949,Theft,South,Evening,Monday,Rainy,Low,Yes,20.0,16,27,352,2,4,Medium
9950,Theft,East,Night,Wednesday,Rainy,Low,No,11.0,9,27,466,5,1,Medium
9951,Assault,East,Evening,Tuesday,Rainy,Low,No,10.0,15,19,233,10,10,High
9952,Theft,West,Morning,Monday,Rainy,Medium,Yes,19.0,14,35,7,7,16,High
9953,Accident,North,Evening,Friday,Rainy,Medium,Yes,6.0,22,8,222,4,12,High
9954,Medical,East,Evening,Sunday,,,Yes,,23,24,136,9,2,High
9955,Fire,West,Night,Sunday,Sunny,Low,No,20.0,11,29,37,1,18,High
9956,Assault,North,Morning,Monday,Rainy,High,No,14.0,16,8,306,9,9,High
9957,Fire,Central,Night,Monday,Rainy,High,No,19.0,10,16,381,10,6,High
9958,Medical,East,Night,Monday,Sunny,High,No,6.0,20,25,132,6,15,High
9959,Medical,North,Morning,Sunday,Cloudy,Medium,Yes,6.0,7,6,413,9,17,High
9960,Medical,West,Afternoon,Friday,Cloudy,Low,Yes,15.0,7,32,256,4,1,Medium
9961,Fire,West,Night,Sunday,Rainy,Low,Yes,18.0,24,19,148,8,15,High
9962,Assault,West,Night,Saturday,Sunny,Medium,No,6.0,18,32,301,8,13,High
9963,Theft,North,Night,Friday,Cloudy,Low,No,17.0,8,13,497,2,16,High
9964,Medical,West,Morning,Saturday,Cloudy,Low,Yes,13.0,14,24,281,6,15,High
9965,Assault,East,Evening,Monday,Cloudy,High,No,10.0,14,31,254,3,19,High
9966,Theft,South,Night,Friday,Rainy,High,Yes,10.0,18,14,97,2,12,Medium
9967,Accident,East,Evening,Sunday,Rainy,Low,No,18.0,30,16,50,2,15,High
9968,Accident,North,Afternoon,Tuesday,Sunny,Medium,No,18.0,27,21,107,10,8,High
9969,Assault,West,Morning,Monday,Sunny,Medium,Yes,6.0,27,16,87,1,12,Medium
9970,Assault,South,Night,Monday,Sunny,Low,Yes,5.0,24,4,321,4,6,High
9971,Fire,West,Afternoon,Thursday,Sunny,Low,Yes,21.0,14,5,489,4,16,High
9972,Fire,South,Night,Monday,Cloudy,High,Yes,22.0,27,31,26,9,3,High
9973,Medical,West,Night,Sunday,Rainy,Medium,No,20.0,16,10,174,10,18,High
9974,Accident,Central,Evening,Sunday,Cloudy,High,Yes,13.0,8,17,293,5,20,High
9975,Assault,West,Night,Saturday,Cloudy,High,Yes,10.0,9,17,410,8,20,High
9976,Fire,North,Evening,Thursday,Sunny,High,Yes,20.0,22,29,353,3,12,High
9977,Accident,West,Afternoon,Saturday,Rainy,High,No,3.0,25,15,200,1,10,Medium
9978,Accident,Central,Night,Sunday,Sunny,Low,Yes,12.0,15,30,459,8,15,High
9979,Assault,Central,Evening,Tuesday,Sunny,Low,No,11.0,22,17,223,6,6,High
9980,Assault,East,Evening,Monday,Sunny,Low,No,17.0,28,9,361,10,19,High
9981,Assault,West,Morning,Thursday,Rainy,Medium,Yes,18.0,19,13,356,8,2,High
9982,Theft,East,Morning,Saturday,Sunny,Medium,No,13.0,25,30,453,3,1,Medium
9983,Medical,South,Morning,Monday,Sunny,Low,No,4.0,27,18,474,3,7,High
9984,Medical,South,Evening,Sunday,Sunny,Low,Yes,18.0,24,27,102,5,3,Medium
9985,Theft,North,Afternoon,Sunday,,,Yes,,26,21,290,10,2,High
9986,Medical,North,Night,Saturday,Cloudy,Medium,Yes,12.0,18,21,137,8,6,High
9987,Fire,Central,Morning,Sunday,Rainy,Low,No,17.0,27,33,204,6,6,High
9988,Accident,North,Morning,Tuesday,Cloudy,High,No,14.0,17,28,316,1,13,High
9989,Medical,Central,Night,Thursday,Rainy,High,Yes,10.0,10,18,498,8,5,High
9990,Medical,South,Morning,Tuesday,Sunny,Medium,No,19.0,6,29,449,10,19,High
9991,Accident,Central,Afternoon,Monday,Rainy,Medium,Yes,3.0,23,11,444,2,14,High
9992,Assault,Central,Morning,Sunday,Cloudy,Low,No,19.0,16,5,277,8,1,High
9993,Medical,West,Afternoon,Friday,Sunny,High,Yes,8.0,9,10,168,2,15,High
9994,Medical,East,Afternoon,Sunday,Cloudy,Low,No,8.0,16,9,63,3,0,Low
9995,Assault,West,Evening,Tuesday,Rainy,Low,Yes,14.0,22,20,52,10,17,High
9996,Theft,West,Evening,Tuesday,Sunny,Low,Yes,19.0,9,25,328,8,19,High
9997,Fire,East,Morning,Monday,Cloudy,Low,Yes,10.0,25,34,419,6,19,High
9998,Fire,West,Evening,Tuesday,Cloudy,Low,No,23.0,18,25,237,6,9,High
9999,Accident,Central,Morning,Wednesday,Rainy,Low,Yes,14.0,6,21,293,4,1,Medium
10000,Medical,Central,Night,Wednesday,Rainy,High,No,9.0,6,24,278,9,18,High
7879,Accident,North,Afternoon,Monday,,,No,,26,6,417,5,19,High
3225,Medical,East,Night,Wednesday,Cloudy,Low,No,5.0,17,6,174,8,12,High
1920,Fire,West,Afternoon,Thursday,Sunny,Medium,No,4.0,9,23,146,1,10,Medium
4433,Fire,Central,Night,Tuesday,Cloudy,Low,No,23.0,15,5,370,5,9,High
4836,Fire,Central,Afternoon,Monday,Sunny,Low,No,22.0,26,22,402,8,15,High
4896,Medical,North,Evening,Friday,Sunny,Low,Yes,20.0,17,30,164,7,12,High
7270,Assault,South,Morning,Monday,Sunny,High,Yes,18.0,23,22,73,3,16,High
1452,Fire,South,Morning,Tuesday,Sunny,High,Yes,21.0,10,11,354,5,4,Medium
1743,Fire,Central,Evening,Wednesday,Rainy,Low,Yes,22.0,9,34,281,2,12,High
4629,Accident,West,Evening,Tuesday,Rainy,Medium,No,3.0,29,12,296,7,15,High
7054,Assault,East,Afternoon,Saturday,Cloudy,Medium,No,19.0,29,6,410,7,10,High
3635,Medical,North,Evening,Friday,Rainy,Medium,No,15.0,25,18,487,4,2,Medium
3216,Accident,Central,Afternoon,Monday,Sunny,Low,Yes,22.0,11,26,243,10,8,High
3708,Assault,North,Afternoon,Saturday,Cloudy,High,No,19.0,23,6,185,6,9,High
7067,Medical,North,Morning,Saturday,Cloudy,Medium,Yes,12.0,15,6,53,9,13,High
2966,Medical,Central,Afternoon,Saturday,Cloudy,Low,No,6.0,7,25,487,8,15,High
8645,Medical,North,Evening,Sunday,Cloudy,Low,No,24.0,8,19,442,7,15,High
6470,Medical,North,Evening,Sunday,Sunny,High,Yes,16.0,18,25,478,9,12,High
8922,Assault,East,Morning,Tuesday,Rainy,High,No,15.0,15,5,196,8,4,High
1255,Assault,North,Night,Tuesday,Cloudy,High,Yes,18.0,13,4,143,7,6,High
7357,Theft,Central,Afternoon,Wednesday,Sunny,Medium,No,13.0,15,23,27,3,19,High
181,Fire,East,Morning,Wednesday,Cloudy,Low,No,15.0,17,26,294,2,17,High
2168,Medical,East,Evening,Thursday,Cloudy,Medium,Yes,5.0,11,19,131,3,9,Medium
5976,Theft,Central,Morning,Friday,Cloudy,Low,Yes,5.0,8,8,379,3,4,Medium
2106,Medical,South,Evening,Sunday,Rainy,High,No,19.0,10,30,206,3,4,Medium
7055,Assault,South,Morning,Friday,Cloudy,Low,No,21.0,21,31,72,2,19,High
6146,Fire,West,Afternoon,Thursday,Cloudy,Medium,Yes,23.0,14,15,73,1,14,Medium
2930,Accident,East,Evening,Thursday,Sunny,Medium,Yes,8.0,5,19,370,4,6,High
5461,Accident,Central,Evening,Thursday,Rainy,Low,No,21.0,11,18,212,6,5,High
6811,Accident,West,Afternoon,Saturday,Rainy,Medium,Yes,18.0,25,33,102,7,6,High
8501,Accident,West,Night,Sunday,Cloudy,Low,No,9.0,29,23,138,1,16,High
802,Accident,West,Night,Wednesday,Rainy,Medium,No,7.0,22,15,305,5,17,High
2025,Accident,North,Evening,Sunday,Sunny,High,Yes,14.0,29,19,356,1,10,Medium
1346,Theft,East,Evening,Friday,Cloudy,Medium,Yes,10.0,24,34,195,8,10,High
3280,Accident,West,Morning,Saturday,Rainy,High,No,7.0,29,22,492,3,13,High
555,Assault,East,Morning,Monday,Sunny,Low,No,16.0,11,10,74,2,17,High
947,Fire,North,Evening,Saturday,Cloudy,High,No,11.0,13,34,43,4,4,Medium
5166,Fire,East,Morning,Monday,Cloudy,Low,No,11.0,11,24,229,1,9,Medium
1907,Assault,South,Morning,Friday,Sunny,High,No,20.0,24,25,58,1,1,Low
1714,Medical,Central,Afternoon,Friday,Rainy,Low,No,25.0,13,23,281,10,7,High
1298,Assault,South,Evening,Sunday,Cloudy,Medium,Yes,9.0,5,35,139,3,10,High
4589,Fire,South,Night,Monday,Sunny,Medium,No,13.0,5,17,122,9,17,High
4237,Accident,Central,Evening,Thursday,Cloudy,High,Yes,20.0,24,31,350,1,2,Low
339,Theft,East,Morning,Thursday,Cloudy,Medium,Yes,21.0,21,14,376,4,0,Medium
2629,Medical,South,Night,Sunday,Cloudy,Medium,No,23.0,22,10,283,4,20,High
3341,Fire,South,Night,Monday,Sunny,Medium,Yes,15.0,8,21,256,1,8,Medium
7571,Assault,South,Evening,Tuesday,Sunny,Medium,No,10.0,13,11,253,6,12,High
1811,Medical,South,Evening,Wednesday,Cloudy,Medium,No,15.0,23,19,314,5,3,Medium
128,Assault,West,Afternoon,Wednesday,Rainy,Medium,No,8.0,6,19,259,2,20,High
3710,Fire,West,Afternoon,Thursday,Rainy,Medium,Yes,25.0,8,17,127,10,6,High
6068,Medical,West,Night,Monday,Cloudy,High,No,12.0,17,23,56,7,16,High
9118,Fire,West,Morning,Saturday,Rainy,High,Yes,5.0,9,18,472,3,10,High
7942,Assault,East,Afternoon,Monday,Sunny,Low,Yes,4.0,7,31,334,4,20,High
7014,Assault,Central,Night,Saturday,Sunny,Medium,Yes,18.0,25,7,438,3,16,High
7522,Assault,West,Afternoon,Wednesday,Cloudy,Medium,Yes,3.0,10,5,358,7,13,High
976,Fire,Central,Afternoon,Sunday,Sunny,Low,Yes,4.0,5,22,242,4,3,Medium
5287,Accident,Central,Morning,Saturday,Rainy,Medium,Yes,19.0,16,10,477,1,8,Medium
302,Assault,East,Night,Monday,Rainy,High,Yes,8.0,18,35,376,8,13,High
401,Fire,Central,Morning,Tuesday,Rainy,High,Yes,19.0,21,30,9,2,6,Medium
1279,Medical,East,Night,Tuesday,Sunny,High,Yes,5.0,10,12,44,6,11,High
8132,Assault,West,Evening,Tuesday,Rainy,Low,Yes,25.0,30,31,107,6,19,High
9254,Medical,South,Afternoon,Sunday,Cloudy,Low,No,14.0,9,19,82,7,2,Medium
8257,Assault,Central,Night,Sunday,Rainy,Medium,Yes,17.0,28,15,43,9,12,High
9562,Fire,East,Afternoon,Wednesday,Rainy,Low,Yes,6.0,11,32,420,10,13,High
5845,Medical,South,Evening,Wednesday,Sunny,Low,No,5.0,30,6,402,2,9,High
1372,Theft,Central,Evening,Tuesday,Sunny,High,No,4.0,7,21,186,2,1,Low
1190,Assault,North,Evening,Wednesday,Rainy,Low,No,15.0,30,30,9,8,0,Medium
2208,Medical,North,Evening,Thursday,Cloudy,High,Yes,25.0,20,23,182,4,12,High
2114,Theft,East,Evening,Tuesday,Cloudy,Medium,No,13.0,9,23,125,5,12,High
7024,Theft,Central,Evening,Monday,Rainy,Low,No,22.0,22,12,474,5,10,High
7651,Assault,North,Night,Monday,Sunny,High,Yes,9.0,16,8,289,7,10,High
7932,Medical,Central,Morning,Sunday,Rainy,Medium,Yes,24.0,9,26,61,3,7,Medium
9289,Fire,West,Night,Tuesday,Rainy,Low,No,10.0,30,22,79,2,13,High
4073,Medical,South,Morning,Tuesday,Cloudy,High,Yes,25.0,13,20,136,6,6,High
2878,Medical,South,Night,Monday,Rainy,High,No,3.0,14,15,157,8,12,High
618,Fire,Central,Afternoon,Friday,Cloudy,Low,Yes,21.0,16,26,75,2,8,Medium
7949,Medical,West,Afternoon,Tuesday,Sunny,High,No,15.0,18,17,248,1,11,Medium
2943,Assault,West,Evening,Friday,Rainy,High,No,14.0,21,23,131,7,14,High
1220,Theft,East,Night,Sunday,Sunny,High,No,8.0,5,25,111,1,18,High
4802,Medical,Central,Night,Friday,Sunny,Low,No,10.0,22,10,304,9,18,High
5098,Accident,Central,Afternoon,Saturday,Sunny,Low,Yes,16.0,21,22,485,10,8,High
8434,Accident,West,Afternoon,Monday,Cloudy,Low,Yes,22.0,16,12,424,6,0,Medium
9722,Accident,East,Night,Saturday,Cloudy,High,Yes,25.0,30,12,442,1,18,High
1801,Fire,South,Morning,Tuesday,Sunny,Low,Yes,3.0,21,25,159,6,6,High
9356,Theft,Central,Morning,Saturday,Sunny,Medium,Yes,4.0,30,16,55,10,10,High
4141,Accident,East,Morning,Sunday,Rainy,High,Yes,18.0,14,23,309,1,11,Medium
1368,Assault,East,Afternoon,Thursday,Rainy,High,No,23.0,15,15,106,4,19,High
5426,Assault,East,Morning,Wednesday,Rainy,Low,Yes,16.0,8,5,273,7,14,High
111,Theft,East,Evening,Wednesday,Sunny,High,Yes,24.0,29,31,211,2,11,Medium
4855,Accident,Central,Morning,Thursday,Sunny,High,No,19.0,23,13,369,9,12,High
1340,Accident,South,Night,Wednesday,Sunny,High,Yes,18.0,9,8,410,9,3,High
8483,Theft,Central,Night,Tuesday,Sunny,Low,Yes,18.0,21,5,383,4,12,High
7543,Assault,South,Morning,Friday,Cloudy,Low,Yes,25.0,8,7,191,1,15,High
750,Theft,East,Afternoon,Saturday,Rainy,High,No,9.0,25,16,177,7,6,High
2246,Theft,Central,Night,Saturday,Sunny,Low,Yes,16.0,25,26,416,1,4,Medium
8224,Fire,South,Evening,Tuesday,Rainy,Low,No,21.0,23,5,476,4,5,Medium
7146,Accident,Central,Afternoon,Wednesday,Sunny,High,No,6.0,27,14,404,1,3,Medium
7063,Accident,West,Evening,Monday,Rainy,Medium,Yes,13.0,15,23,7,8,20,High
6330,Medical,North,Evening,Wednesday,Cloudy,Medium,Yes,5.0,24,21,492,7,16,High
6633,Medical,North,Evening,Thursday,Cloudy,Low,Yes,17.0,14,28,134,10,8,High
617,Medical,South,Afternoon,Tuesday,Cloudy,Medium,Yes,6.0,30,11,155,2,0,Low
1752,Accident,South,Evening,Monday,Cloudy,Medium,No,9.0,8,5,384,10,16,High
3231,Theft,North,Night,Wednesday,Sunny,Low,Yes,3.0,8,14,165,7,4,High
9461,Theft,East,Afternoon,Monday,Sunny,High,Yes,7.0,23,16,494,10,2,High
3902,Theft,North,Night,Friday,Rainy,Low,No,9.0,27,27,493,10,9,High
1497,Accident,East,Afternoon,Thursday,Cloudy,High,Yes,25.0,21,15,124,6,17,High
1283,Theft,East,Night,Wednesday,Rainy,High,No,18.0,17,28,195,5,6,High
7017,Fire,North,Morning,Tuesday,Rainy,Low,Yes,19.0,29,17,320,7,16,High
9058,Assault,Central,Night,Saturday,Sunny,Medium,No,22.0,20,17,396,10,11,High
8136,Accident,West,Evening,Wednesday,Sunny,Low,No,6.0,22,21,289,10,7,High
8687,Theft,West,Morning,Saturday,Rainy,Medium,Yes,21.0,8,13,100,9,19,High
794,Accident,South,Night,Sunday,,,Yes,,5,11,301,9,0,High
8882,Medical,East,Evening,Tuesday,Sunny,Medium,No,17.0,15,30,163,10,19,High
189,Accident,South,Morning,Wednesday,Rainy,Low,No,8.0,9,34,206,2,3,Medium
2428,Accident,Central,Night,Saturday,Sunny,Medium,No,20.0,28,18,102,9,9,High
3308,Fire,East,Morning,Tuesday,Sunny,High,Yes,19.0,12,12,374,8,3,High
7510,Fire,North,Morning,Friday,Sunny,Medium,Yes,4.0,16,5,189,1,15,High
5200,Fire,Central,Night,Thursday,Sunny,Low,No,14.0,7,15,168,9,3,High
6314,Accident,West,Night,Monday,Sunny,Medium,No,25.0,24,4,9,7,14,High
5219,Medical,South,Morning,Friday,Rainy,Medium,Yes,6.0,5,24,193,10,11,High
3344,Accident,North,Evening,Tuesday,Rainy,High,No,7.0,14,35,63,7,16,High
9573,Theft,West,Afternoon,Tuesday,Cloudy,High,No,8.0,5,11,259,10,20,High
2751,Theft,Central,Afternoon,Tuesday,Cloudy,Low,Yes,21.0,24,32,317,5,20,High
6763,Fire,West,Morning,Monday,Cloudy,High,No,18.0,21,12,309,10,7,High
3705,Assault,Central,Night,Sunday,Cloudy,High,Yes,15.0,13,7,348,6,2,Medium
3417,Fire,South,Afternoon,Monday,Rainy,High,Yes,12.0,25,11,478,9,6,High
2353,Assault,East,Afternoon,Saturday,Rainy,Medium,No,11.0,26,5,49,1,3,Low
5522,Accident,West,Evening,Saturday,Sunny,Low,Yes,24.0,15,32,423,5,11,High
1447,Accident,South,Afternoon,Monday,Rainy,Low,Yes,15.0,22,10,241,1,11,Medium
6874,Theft,West,Afternoon,Tuesday,Rainy,Low,Yes,12.0,19,6,161,10,0,High
5131,Fire,South,Morning,Thursday,Cloudy,High,Yes,21.0,17,21,338,6,8,High
8768,Fire,North,Evening,Tuesday,Cloudy,Low,Yes,6.0,6,5,124,5,15,High
2019,Fire,Central,Morning,Sunday,Sunny,Medium,No,18.0,15,23,111,1,3,Low
3228,Fire,East,Afternoon,Tuesday,Sunny,High,Yes,21.0,6,25,281,8,5,High
2141,Theft,East,Evening,Wednesday,Sunny,High,No,12.0,5,19,2,8,1,Medium
4162,Theft,West,Night,Thursday,,,No,,21,23,334,1,7,Medium
2597,Accident,East,Afternoon,Monday,Sunny,Medium,Yes,24.0,20,33,126,9,0,High
6085,Accident,East,Evening,Sunday,Cloudy,High,Yes,13.0,26,22,291,8,7,High
7782,Accident,West,Night,Saturday,,,No,,20,11,51,10,13,High
3939,Accident,South,Morning,Thursday,Rainy,High,Yes,24.0,21,11,372,7,18,High
1461,Fire,Central,Afternoon,Saturday,Rainy,High,Yes,10.0,14,20,491,10,3,High
6575,Assault,Central,Night,Friday,Sunny,Medium,Yes,7.0,5,15,391,9,13,High
660,Fire,South,Afternoon,Sunday,Rainy,Medium,No,24.0,20,11,223,9,14,High
1569,Theft,East,Evening,Tuesday,Sunny,High,No,7.0,29,34,31,9,19,High
8582,Medical,Central,Afternoon,Wednesday,Cloudy,Medium,No,20.0,14,20,254,2,18,High
8481,Assault,West,Evening,Wednesday,Cloudy,Low,Yes,9.0,27,9,147,4,19,High
4221,Assault,South,Afternoon,Saturday,Rainy,Medium,Yes,20.0,14,8,110,1,2,Low
214,Accident,North,Night,Saturday,Rainy,Low,Yes,3.0,11,33,363,2,4,Medium
792,Medical,East,Night,Saturday,Cloudy,Low,No,8.0,13,10,406,9,18,High
741,Assault,West,Morning,Friday,Cloudy,Medium,No,23.0,8,5,33,5,20,High
6785,Accident,South,Morning,Monday,Cloudy,Low,No,3.0,29,32,14,3,5,Medium
7577,Accident,South,Night,Thursday,Sunny,High,Yes,16.0,18,14,263,5,7,High
185,Fire,West,Afternoon,Monday,Rainy,Medium,Yes,10.0,22,6,334,2,18,High
740,Fire,West,Morning,Tuesday,Sunny,Low,No,5.0,23,5,100,7,10,High
6050,Accident,Central,Afternoon,Sunday,Cloudy,Low,No,4.0,13,22,395,10,11,High
5864,Fire,Central,Evening,Tuesday,Cloudy,Low,Yes,16.0,13,6,58,6,6,High
5148,Medical,South,Afternoon,Saturday,Cloudy,Low,No,13.0,6,30,463,1,14,High
6778,Medical,Central,Afternoon,Thursday,Sunny,High,No,8.0,9,29,428,8,7,High
1668,Theft,North,Night,Wednesday,Rainy,High,No,14.0,30,21,167,9,8,High
8760,Medical,North,Evening,Thursday,Rainy,Medium,Yes,5.0,30,27,364,2,9,High
2092,Medical,East,Morning,Thursday,Rainy,Low,No,16.0,15,17,332,9,16,High
5078,Fire,Central,Morning,Tuesday,Sunny,High,Yes,9.0,9,15,149,4,20,High
5242,Medical,Central,Morning,Thursday,Sunny,Low,Yes,8.0,8,31,107,1,4,Low
7824,Accident,South,Morning,Monday,Sunny,Medium,Yes,21.0,30,27,279,9,14,High
9785,Theft,West,Night,Sunday,Cloudy,Low,No,20.0,30,27,183,7,3,High
6249,Medical,South,Afternoon,Friday,Sunny,Low,Yes,18.0,24,12,492,4,16,High
40,Assault,Central,Morning,Wednesday,Rainy,Low,No,22.0,23,23,347,7,5,High
9765,Accident,East,Morning,Friday,Cloudy,Low,No,19.0,17,21,473,8,4,High
578,Fire,East,Afternoon,Wednesday,Cloudy,Low,Yes,17.0,19,30,70,5,3,Medium
8305,Fire,Central,Morning,Tuesday,Cloudy,Medium,No,6.0,19,28,460,9,19,High
3471,Theft,Central,Evening,Sunday,Cloudy,High,Yes,11.0,16,22,12,9,4,High
7299,Medical,South,Afternoon,Saturday,Sunny,Low,Yes,10.0,12,13,477,3,13,High
5162,Theft,North,Night,Tuesday,Rainy,Low,No,9.0,14,28,161,1,1,Low
2205,Theft,South,Evening,Saturday,Cloudy,Low,No,10.0,5,21,314,9,17,High
2542,Theft,East,Evening,Thursday,Rainy,Medium,Yes,11.0,17,31,111,9,14,High
2280,Accident,East,Afternoon,Saturday,Rainy,Medium,No,23.0,22,18,487,7,6,High
7157,Theft,East,Afternoon,Tuesday,Cloudy,Low,No,13.0,18,30,468,3,0,Medium
2320,Fire,North,Afternoon,Monday,Rainy,Low,No,7.0,22,6,148,8,20,High
6075,Assault,North,Evening,Sunday,Cloudy,High,Yes,20.0,27,15,221,8,8,High
9351,Assault,West,Evening,Wednesday,Sunny,High,No,25.0,17,29,397,1,4,Low
4615,Assault,West,Night,Sunday,Sunny,Low,No,9.0,16,20,476,8,0,High
6779,Theft,Central,Night,Wednesday,Sunny,Low,Yes,22.0,14,4,67,1,5,Low
2242,Assault,East,Morning,Thursday,Sunny,Medium,Yes,12.0,25,9,183,10,17,High
3927,Theft,South,Night,Wednesday,Rainy,High,No,3.0,5,30,487,3,8,High
926,Assault,East,Night,Sunday,Sunny,High,Yes,18.0,20,14,179,4,13,High
6768,Fire,South,Afternoon,Wednesday,Rainy,High,No,21.0,24,20,477,6,5,High
1779,Fire,Central,Night,Tuesday,Cloudy,Low,Yes,22.0,16,26,102,2,12,Medium
8423,Fire,Central,Evening,Thursday,Cloudy,Low,No,15.0,27,18,95,6,18,High
9360,Accident,Central,Evening,Monday,Rainy,High,Yes,4.0,10,34,343,9,10,High
2871,Accident,West,Evening,Wednesday,Rainy,Low,No,12.0,28,6,206,9,5,High
4054,Medical,West,Evening,Saturday,Rainy,Medium,Yes,19.0,12,5,77,3,19,High
5450,Theft,South,Morning,Monday,Cloudy,Medium,Yes,7.0,10,15,373,8,10,High
1211,Fire,East,Morning,Tuesday,Rainy,Low,No,15.0,23,16,331,3,13,High
3016,Assault,North,Afternoon,Tuesday,Sunny,Medium,Yes,21.0,8,9,236,5,13,High
6983,Assault,Central,Night,Thursday,Cloudy,High,Yes,23.0,14,10,254,9,16,High
7112,Accident,East,Morning,Thursday,Rainy,Low,Yes,16.0,24,29,493,1,17,High
8133,Medical,North,Morning,Thursday,Cloudy,High,Yes,10.0,28,25,73,1,15,High
7540,Theft,West,Afternoon,Sunday,,,No,,9,11,73,1,8,Medium
9886,Theft,West,Morning,Thursday,Sunny,Medium,No,3.0,6,34,61,9,3,High
9995,Assault,West,Evening,Tuesday,Rainy,Low,Yes,14.0,22,20,52,10,17,High
